A,"Agilent Technologies, Inc."
AA,Alcoa Corporation
AAA,Alternative Access First Priority CLO Bond ETF
AAAA,Amplius Aggressive Asset Allocation ETF
AAAC,Columbia AAA CLO ETF
AAAD,PGIM AAA CLO Aggregate Duration ETF
AAAP,Pacer Barings CLO Market Flex ETF
AAAU,Goldman Sachs Physical Gold ETF Shares
AACB,Artius II Acquisition Inc. - Class A
AACBR,Artius II Acquisition Inc. - Rights
AACBU,Artius II Acquisition Inc. - Units
AACG,"ATA Creativity Global - American Depositary Shares, each representing two common shares"
AACI,Armada Acquisition Corp. III - Class A Ordinary Share
AACIU,Armada Acquisition Corp. III - Units
AACIW,Armada Acquisition Corp. III - Warrant
AACO,Abony Acquisition Corp. I - Class A Ordinary Share
AACOU,Abony Acquisition Corp. I - Units
AACOW,Abony Acquisition Corp. I - Warrants
AACP,Apogee Acquisition Corp - Class A
AACPR,Apogee Acquisition Corp - Rights
AACPU,Apogee Acquisition Corp - Units
AACPW,Apogee Acquisition Corp - Warrant
AADR,AdvisorShares Dorsey Wright ADR ETF
AADX,"Applied Aerospace & Defense, Inc."
AAEQ,Alpha Architect US Equity 2 ETF
AAL,"American Airlines Group, Inc."
AALG,Leverage Shares 2X Long AAL Daily ETF
AAME,Atlantic American Corporation
AAMI,Acadian Asset Management Inc.
AAOG,Leverage Shares 2X Long AAOI Daily ETF
AAOI,"Applied Optoelectronics, Inc."
AAON,"AAON, Inc."
AAOX,Tradr 2X Long AAOI Daily ETF
AAOZ,Tradr 2X Short AAOI Daily ETF
AAP,Advance Auto Parts Inc.
AAPB,GraniteShares 2x Long AAPL Daily ETF
AAPD,Direxion Daily AAPL Bear 1X ETF
AAPE,Leverage Shares 2X Long AAPL Daily ETF
AAPG,Ascentage Pharma Group International - American Depository Shares
AAPL,Apple Inc.
AAPR,Innovator Equity Defined Protection ETF - 2 Yr to April 2028
AAPU,Direxion Daily AAPL Bull 2X ETF
AAPW,Roundhill AAPL WeeklyPay ETF
AAPX,T-Rex 2X Long Apple Daily Target ETF
AAPY,Kurv Yield Premium Strategy Apple (AAPL) ETF
AARD,"Aardvark Therapeutics, Inc."
AAT,"American Assets Trust, Inc."
AAUA,Alpha Architect US Equity 3 ETF
AAUB,Alpha Architect US Equity 4 ETF
AAUC,Allied Gold Corporation
AAUS,Alpha Architect US Equity ETF
AAVM,Alpha Architect Global Factor Equity ETF
AAXJ,iShares MSCI All Country Asia ex Japan ETF
AB,AllianceBernstein Holding L.P.  Units
ABAT,American Battery Technology Company
ABBV,AbbVie Inc.
ABCB,Ameris Bancorp
ABCL,AbCellera Biologics Inc.
ABCS,Alpha Blue Capital US Small-Mid Cap Dynamic ETF
ABEO,Abeona Therapeutics Inc.
ABEQ,Absolute Select Value ETF
ABEV,Ambev S.A. American Depositary Shares (Each representing 1 Common Share)
ABFL,Abacus FCF Leaders ETF
ABG,Asbury Automotive Group Inc
ABI,VictoryShares Pioneer Asset-Based Income ETF
ABIG,Argent Large Cap ETF
ABLD,Abacus FCF Real Assets Leaders ETF
ABLG,Abacus FCF International Leaders ETF
ABLS,Abacus FCF Small Cap Leaders ETF
ABLV,Able View Global Inc. - Class B
ABLVW,Able View Global Inc. - Warrant
ABM,ABM Industries Incorporated
ABNB,"Airbnb, Inc."
ABOS,"Acumen Pharmaceuticals, Inc."
ABOT,Abacus FCF Innovation Leaders ETF
ABR,Arbor Realty Trust
ABSI,Absci Corporation
ABT,Abbott Laboratories
ABTC,American Bitcoin Corp.
ABTS,Abits Group Inc
ABUF,Aptus Laddered Buffer ETF
ABUS,Arbutus Biopharma Corporation
ABVC,"ABVC BioPharma, Inc."
ABVX,Abivax SA
ABX,"Abacus Global Management, Inc."
ABXB,Abacus Flexible Bond Leaders ETF
ABXL,"Abacus Global Management, Inc. 9.875% Fixed Rate Senior Notes due 2028"
ACA,"Arcosa, Inc."
ACAA,Averin Capital Acquisition Corp. - Class A
ACAAU,Averin Capital Acquisition Corp. - Units
ACAAW,Averin Capital Acquisition Corp. - Warrants
ACAD,ACADIA Pharmaceuticals Inc.
ACB,Aurora Cannabis Inc.
ACCL,Acco Group Holdings Limited - Class A
ACCO,Acco Brands Corporation
ACCS,ACCESS Newswire Inc.
ACDC,ProFrac Holding Corp.
ACEI,Innovator Equity Autocallable Income Strategy ETF
ACEL,"Accel Entertainment, Inc."
ACEP,ARS Core Equity Portfolio ETF
ACES,ALPS Clean Energy ETF
ACET,"Adicet Bio, Inc."
ACFN,"Acorn Energy, Inc."
ACGC,ACP Holdings Acquisition Corp. - Class A
ACGCU,ACP Holdings Acquisition Corp. - Units
ACGCW,ACP Holdings Acquisition Corp. - Warrants
ACGL,Arch Capital Group Ltd.
ACGLN,"Arch Capital Group Ltd. - Depositary Shares, each Representing a 1/1,000th Interest in a 4.550% Non-Cumulative Preferred Share, Series G"
ACGLO,"Arch Capital Group Ltd. - Depositary Shares Each Representing 1/1,000th Interest in a Share of5.45% Non-Cumulative Preferred Shares, Series F"
ACGO,Hartford Alpha Capture Growth ETF
ACGR,American Century Large Cap Growth ETF
ACH,"Accendra Health, Inc."
ACHC,"Acadia Healthcare Company, Inc."
ACHR,Archer Aviation Inc.
ACHV,"Achieve Life Sciences, Inc."
ACHX,Corgi ACHR 2x Daily ETF
ACI,"Albertsons Companies, Inc."
ACIC,American Coastal Insurance Corporation
ACII,Innovator Index Autocallable Income Strategy ETF
ACIO,Aptus Collared Investment Opportunity ETF
ACIU,AC Immune SA
ACIW,"ACI Worldwide, Inc."
ACKY,VistaShares Target 15 ACKtivist Distribution ETF
ACLC,American Century Large Cap Equity ETF
ACLO,TCW AAA CLO ETF
ACLS,"Axcelis Technologies, Inc."
ACLZ,Corgi ACLS 2x Daily ETF
ACM,AECOM
ACMM,Corgi ACMR 2x Daily ETF
ACMR,"ACM Research, Inc."
ACN,Accenture plc Class A Ordinary Shares (Ireland)
ACNB,ACNB Corporation
ACNT,Ascent Industries Co.
ACOG,Alpha Cognition Inc.
ACOM,Harbor Active Commodity ETF
ACON,"Aclarion, Inc."
ACONW,"Aclarion, Inc. - Warrant"
ACP,abrdn Income Credit Strategies Fund
ACR,ACRES Commercial Realty Corp.
ACRE,Ares Commercial Real Estate Corporation
ACRS,"Aclaris Therapeutics, Inc."
ACRV,"Acrivon Therapeutics, Inc."
ACSG,American Century Small Cap Growth Insights ETF
ACSI,American Customer Satisfaction ETF
ACSV,American Century Small Cap Value Insights ETF
ACT,"Enact Holdings, Inc."
ACTG,Acacia Research Corporation
ACTS,FIS Tactical Equity ETF
ACTU,"Actuate Therapeutics, Inc. - Common stock"
ACU,Acme United Corporation.
ACV,Virtus Diversified Income & Convertible Fund Common Shares of Beneficial Interest
ACVA,ACV Auctions Inc.
ACVF,American Conservative Values ETF
ACVT,Advent Convertible Bond ETF
ACVU,Hartford Alpha Capture Value ETF
ACWI,iShares MSCI ACWI ETF
ACWV,iShares MSCI Global Min Vol Factor ETF
ACWX,iShares MSCI ACWI ex U.S. ETF
ACXP,"Acurx Pharmaceuticals, Inc."
ACYN,FT Vest Laddered Autocallable Barrier & Income ETF
ACYQ,FT Vest Autocallable Barrier & High Income ETF
ACYS,FT Vest Laddered Autocallable Barrier & Resilient Income ETF
AD,"Array Digital Infrastructure, Inc."
ADAC,American Drive Acquisition Company - Class A
ADACU,American Drive Acquisition Company - Units
ADACW,American Drive Acquisition Company - Warrant
ADAG,"Adagene Inc. - ADS, each representing 1.25 ordinary shares"
ADAM,"Adamas Trust, Inc."
ADAMG,"Adamas Trust, Inc. - 9.125% Senior Notes Due 2030"
ADAMH,"Adamas Trust, Inc. - 9.875% Senior Notes Due 2030"
ADAMI,"Adamas Trust, Inc. - 9.125% Senior Notes Due 2029"
ADAML,"Adamas Trust, Inc. - 6.875% Series F Fixed-to-Floating Rate Cumulative Redeemable Preferred Stock, $0.01 par value per share"
ADAMM,"Adamas Trust, Inc. - 7.875% Series E Fixed-to-Floating Rate Cumulative Redeemable Preferred Stock"
ADAMN,"Adamas Trust, Inc. - 8.00% Series D Fixed-to-Floating Rate Cumulative Redeemable Preferred Stock"
ADAMO,"Adamas Trust, Inc. - 9.250% Senior Notes Due 2031"
ADAMZ,"Adamas Trust, Inc. - 7.000% Series G Cumulative Redeemable Preferred Stock, $0.01 par value per share"
ADBE,Adobe Inc.
ADBG,Leverage Shares 2X Long ADBE Daily ETF
ADBU,Direxion Daily ADBE Bull 2X ETF
ADC,Agree Realty Corporation
ADCT,ADC Therapeutics SA
ADDS,Hedgeye Index Adds ETF
ADEA,Adeia Inc.
ADGM,"Adagio Medical Holdings, Inc"
ADI,"Analog Devices, Inc."
ADIL,"Adial Pharmaceuticals, Inc"
ADIU,Leverage Shares 2X Long ADI Daily ETF
ADIV,Guinness Atkinson Asia Pacific Dividend Builder ETF
ADM,Archer-Daniels-Midland Company
ADMA,ADMA Biologics Inc
ADME,Aptus Drawdown Managed Equity ETF
ADNT,Adient plc
ADP,"Automatic Data Processing, Inc."
ADPT,Adaptive Biotechnologies Corporation
ADPV,Adaptiv Select ETF
ADSE,ADS-TEC ENERGY PLC
ADSEW,ADS-TEC ENERGY PLC - Warrant
ADSK,"Autodesk, Inc."
ADT,ADT Inc.
ADTN,"ADTRAN Holdings, Inc."
ADUR,Aduro Clean Technologies Inc.
ADUS,Addus HomeCare Corporation
ADV,Advantage Solutions Inc.
ADVB,Advanced Biomed Inc.
ADVE,Matthews Asia Dividend Active ETF
ADX,Adams Diversified Equity Fund Inc.
ADXN,Addex Therapeutics Ltd
AEAQ,Activate Energy Acquisition Corp. - Class A Ordinary Share
AEAQU,Activate Energy Acquisition Corp. - Unit
AEAQW,Activate Energy Acquisition Corp. - Warrant
AEBI,Aebi Schmidt Holding AG
AEC,Anfield Energy Inc.
AEE,Ameren Corporation
AEF,"abrdn Emerging Markets ex-China Fund, Inc."
AEFC,Aegon Funding Company LLC 5.10% Subordinated Notes due 2049
AEG,Aegon Ltd. New York Registry Shares
AEHG,Leverage Shares 2X Long AEHR Daily ETF
AEHL,Antelope Enterprise Holdings Limited - Class A
AEHR,Aehr Test Systems
AEI,Alset Inc.
AEIS,"Advanced Energy Industries, Inc."
AEM,Agnico Eagle Mines Limited
AEMD,"Aethlon Medical, Inc."
AENT,Alliance Entertainment Holding Corporation - common stock
AENTW,Alliance Entertainment Holding Corporation - Warrants
AEO,"American Eagle Outfitters, Inc."
AEON,"AEON Biopharma, Inc."
AEP,"American Electric Power Company, Inc."
AER,AerCap Holdings N.V.
AERO,"Grupo Aeromexico, S.A.B. de C.V. American Depositary Shares (each representing ten (10) Common Shares)"
AERT,"Aeries Technology, Inc. - Class A Ordinary Share"
AERTW,"Aeries Technology, Inc. - Warrant"
AES,The AES Corporation
AESI,Atlas Energy Solutions Inc.
AESP,Aeon Acquisition I Corp. - Class A
AESPR,Aeon Acquisition I Corp. - Rights
AESPU,Aeon Acquisition I Corp. - Units
AESPW,Aeon Acquisition I Corp. - Warrants
AESR,Anfield U.S. Equity Sector Rotation ETF
AETH,Bitwise Trendwise Ether and Treasuries Rotation Strategy ETF
AEVA,"Aeva Technologies, Inc."
AEXA,American Exceptionalism Acquisition Corp. A Class A
AEYE,"AudioEye, Inc."
AFB,AllianceBernstein National Municipal Income Fund Inc
AFBI,"Affinity Bancshares, Inc."
AFCG,Advanced Flower Capital Inc.
AFG,"American Financial Group, Inc."
AFGB,"American Financial Group, Inc. 5.875% Subordinated Debentures due 2059"
AFGC,"American Financial Group, Inc. 5.125% Subordinated Debentures due 2059"
AFGD,"American Financial Group, Inc. 5.625% Subordinated Debentures due 2060"
AFGE,"American Financial Group, Inc. 4.500% Subordinated Debentures due 2060"
AFGR,First Trust Multi-Manager Large Growth ETF
AFIF,Anfield Universal Fixed Income ETF
AFIX,Allspring Broad Market Core Bond ETF
AFJK,"Aimei Health Technology Co., Ltd - Ordinary Share"
AFJKR,"Aimei Health Technology Co., Ltd - Right"
AFJKU,"Aimei Health Technology Co., Ltd - Unit"
AFK,VanEck Africa Index ETF
AFL,AFLAC Incorporated
AFLG,First Trust Active Factor Large Cap ETF
AFMC,First Trust Active Factor Mid Cap ETF
AFOS,ARS Focused Opportunity Strategy ETF
AFRI,Forafric Global PLC
AFRIW,Forafric Global PLC - Warrants
AFRM,"Affirm Holdings, Inc."
AFRU,T-REX 2X Long AFRM Daily Target ETF
AFSC,abrdn Focused U.S. Small Cap Active ETF
AFSM,First Trust Active Factor Small Cap ETF
AFYA,Afya Limited - Class A
AG,First Majestic Silver Corp. Ordinary Shares (Canada)
AGBK,AGI Inc Class A
AGCC,Agencia Comercial Spirits Ltd - Class A Ordinary Share
AGCO,AGCO Corporation
AGD,abrdn Global Dynamic Dividend Fund Common Shares of Beneficial Interest
AGEM,abrdn Emerging Markets Dividend Active ETF
AGEN,Agenus Inc.
AGG,iShares Core U.S. Aggregate Bond ETF
AGGA,EA Astoria Beacon Dynamic Core US Fixed Income ETF
AGGH,Simplify Aggregate Bond ETF
AGGS,Harbor Disciplined Bond ETF
AGGY,WisdomTree Yield Enhanced U.S. Aggregate Bond Fund
AGI,Alamos Gold Inc. Class A
AGIG,Abundia Global Impact Group Inc. Common stock
AGIO,"Agios Pharmaceuticals, Inc."
AGIQ,SoFi Agentic AI ETF
AGIX,KraneShares Public-Private AI & Technology ETF
AGL,"agilon health, inc."
AGM,Federal Agricultural Mortgage Corporation
AGMB,AgomAb Therapeutics NV - ADRs representing one common share.
AGMH,AGM Group Holdings Inc. - Class A
AGMI,Themes Silver Miners ETF
AGNC,AGNC Investment Corp.
AGNCL,"AGNC Investment Corp. - Depositary Shares Each Representing a 1/1,000th Interest in a Share of 7.75% Series G Fixed-Rate Reset Cumulative Redeemable Preferred Stock"
AGNCM,AGNC Investment Corp. - Depositary Shares rep 6.875% Series D Fixed-to-Floating Cumulative Redeemable Preferred Stock
AGNCN,"AGNC Investment Corp. - Depositary Shares Each Representing a 1/1,000th Interest in a Share of 7.00% Series C Fixed-To-Floating Rate Cumulative Redeemable Preferred Stock"
AGNCO,"AGNC Investment Corp. - Depositary Shares, each representing a 1/1,000th interest in a share of Series E Fixed-to-Floating Cumulative Redeemable Preferred Stock"
AGNCP,"AGNC Investment Corp. - Depositary Shares Each Representing a 1/1,000th Interest in a Share of 6.125% Series F Fixed-to-Floating Rate Cumulative Redeemable Preferred Stock"
AGNCZ,"AGNC Investment Corp. - Depositary Shares Each Representing a 1/1,000th Interest in a Share of 8.75% Series H Fixed-Rate Cumulative Redeemable Preferred Stock"
AGNG,Global X Aging Population ETF
AGNT,"AGNT, Inc."
AGO,Assured Guaranty Ltd.
AGOX,Adaptive Alpha Opportunities ETF
AGPU,Axe Compute Inc.
AGQ,ProShares Ultra Silver
AGQI,First Trust Active Global Quality Income ETF
AGRH,iShares Interest Rate Hedged U.S. Aggregate Bond ETF
AGRO,Adecoagro S.A.
AGRW,Allspring LT Large Growth ETF
AGRZ,Agroz Inc. - Class A
AGX,"Argan, Inc."
AGYS,"Agilysys, Inc."
AGZ,iShares  Agency Bond ETF
AGZD,WisdomTree Interest Rate Hedged U.S. Aggregate Bond Fund
AHCO,AdaptHealth Corp.
AHD,GraniteShares Autocallable HOOD ETF
AHG,Akso Health Group
AHLT,AHL Trend ETF
AHMA,Ambitions Enterprise Management Co. L.L.C - Class A
AHR,"American Healthcare REIT, Inc."
AHRT,"AH Realty Trust, Inc."
AHT,Ashford Hospitality Trust Inc
AHYB,American Century Select High Yield ETF
AI,"C3.ai, Inc."
AIA,iShares Asia 50 ETF
AIAI,AIAI Holdings Corporation - Class A common stock
AIB,AIB Data Centers Inc.
AIBD,Direxion Daily AI and Big Data Bear 2X ETF
AIBU,Direxion Daily AI and Big Data Bull 2X ETF
AIBZ,Bitzero Holdings Inc.
AIDX,"20/20 Biolabs, Inc."
AIEQ,Amplify AI Powered Equity ETF
AIFA,"All In FutureTech Alliance, Inc."
AIFC,AI Financial Corporation
AIFD,TCW Artificial Intelligence ETF
AIFF,"Firefly Neuroscience, Inc."
AIFU,AIFU Inc. - Class A Ordinary Share
AIG,"American International Group, Inc. New"
AIHS,Senmiao Technology Limited
AIHY,Defiance AI Hyperscale Leaders ETF
AII,"American Integrity Insurance Group, Inc."
AIIA,AI Infrastructure Acquisition Corp. Class A
AIIO,Robo.ai Inc. - Class B
AIIOW,Robo.ai Inc. - Warrant
AIIR,Air Global PLC - Ordinary shares
AIM,AIM ImmunoTech Inc.
AIMD,"Ainos, Inc."
AIMDW,"Ainos, Inc. - warrants"
AIMS,Acuitas Small Cap Active ETF
AIN,Albany International Corporation
AINP,Allspring Income Plus ETF
AINT,FINQ DOLLAR NEUTRAL U.S. Large Cap AI-Managed Equity ETF
AIO,Virtus Artificial Intelligence & Technology Opportunities Fund Common Shares of Beneficial Interest
AIOO,AllianzIM U.S. Equity Buffer100 Protection ETF
AIOS,AIOS Tech Inc. - Class A
AIOT,"PowerFleet, Inc."
AIP,"Arteris, Inc."
AIPI,REX AI Equity Premium Income ETF
AIPO,Defiance AI & Power Infrastructure ETF
AIQ,Global X Artificial Intelligence & Technology ETF
AIQD,MicroSectors -3? Short Artificial Intelligence (AI) ETNs
AIQU,MicroSectors 3? Long Artificial Intelligence (AI) ETNs
AIR,AAR Corp.
AIRE,reAlpha Tech Corp.
AIRG,"Airgain, Inc."
AIRI,Air Industries Group
AIRJ,AirJoule Technologies Corporation
AIRJW,AirJoule Technologies Corporation - Warrant
AIRO,"AIRO Group Holdings, Inc."
AIRR,First Trust RBA American Industrial Renaissance ETF
AIRS,"AirSculpt Technologies, Inc."
AIRT,"Air T, Inc."
AIRTP,"Air T, Inc. - Trust Preferred Securities"
AIS,VistaShares Artificial Intelligence Supercycle ETF
AISP,"Airship AI Holdings, Inc"
AISPW,"Airship AI Holdings, Inc - Warrants"
AIT,"Applied Industrial Technologies, Inc."
AIUP,FINQ FIRST U.S. Large Cap AI-Managed Equity ETF
AIV,Apartment Investment and Management Company
AIVC,Amplify Bloomberg AI Equal Weight ETF
AIVI,WisdomTree International AI Enhanced Value Fund
AIVL,WisdomTree U.S. AI Enhanced Value Fund
AIX,Defiance US 100 Tech AI Moat ETF
AIXC,"AIxCrypto Holdings, Inc."
AIXI,XIAO-I Corporation
AIYY,YieldMax AI Option Income Strategy ETF
AIZ,"Assurant, Inc."
AIZN,"Assurant, Inc. 5.25% Subordinated Notes due 2061"
AJAN,Innovator Equity Defined Protection ETF - 2 Yr to January 2028
AJG,Arthur J. Gallagher & Co.
AJUL,Innovator Equity Defined Protection ETF - 2 Yr to July 2026
AKA,a.k.a. Brands Holding Corp.
AKAF,The Frontier Economic Fund
AKAM,"Akamai Technologies, Inc."
AKAN,Akanda Corp.
AKBA,"Akebia Therapeutics, Inc."
AKR,Acadia Realty Trust
AKRE,Akre Focus ETF
AKTS,"Aktis Oncology, Inc. - Common stock"
AKTX,Akari Therapeutics Plc
ALA,Corgi ALAB 2x Daily ETF
ALAB,"Astera Labs, Inc."
ALAI,Alger AI Enablers & Adopters ETF
ALAR,Alarum Technologies Ltd.
ALB,Albemarle Corporation
ALBG,Leverage Shares 2X Long ALB Daily ETF
ALC,Alcon Inc.
ALCO,"Alico, Inc."
ALDB,Aptus Laddered Deep Buffer ETF
ALDF,Aldel Financial II Inc. - Class A
ALDFU,Aldel Financial II Inc. - Units
ALDFW,Aldel Financial II Inc. - Warrants
ALDX,"Aldeyra Therapeutics, Inc."
ALEC,"Alector, Inc."
ALF,Centurion Acquisition Corp. - Class A
ALFUU,Centurion Acquisition Corp. - Unit
ALFUW,Centurion Acquisition Corp. - Warrant
ALG,"Alamo Group, Inc."
ALGM,"Allegro MicroSystems, Inc."
ALGN,"Align Technology, Inc."
ALGS,"Aligos Therapeutics, Inc. - Common stock"
ALGT,Allegiant Travel Company
ALH,Alliance Laundry Holdings Inc.
ALHC,"Alignment Healthcare, Inc."
ALIL,Argent Focused Small Cap ETF
ALIS,Calisa Acquisition Corp - Ordinary shares
ALISR,Calisa Acquisition Corp - Right
ALISU,Calisa Acquisition Corp - Units
ALIT,"Alight, Inc."
ALK,"Alaska Air Group, Inc."
ALKS,Alkermes plc
ALKT,"Alkami Technology, Inc."
ALL,Allstate Corporation (The)
ALLE,Allegion plc
ALLO,"Allogene Therapeutics, Inc."
ALLR,"Allarity Therapeutics, Inc. - Common stock"
ALLT,Allot Ltd.
ALLW,State Street Bridgewater All Weather ETF
ALLY,Ally Financial Inc.
ALM,Almonty Industries Inc.
ALMR,"Alamar Biosciences, Inc. - Class A common stock"
ALMS,Alumis Inc.
ALMU,"Aeluma, Inc."
ALNT,Allient Inc.
ALNY,"Alnylam Pharmaceuticals, Inc."
ALOT,"AstroNova, Inc."
ALOV,"Aldabra 4 Liquidity Opportunity Vehicle, Inc. - Class A"
ALOVU,"Aldabra 4 Liquidity Opportunity Vehicle, Inc. - Units"
ALOVW,"Aldabra 4 Liquidity Opportunity Vehicle, Inc. - Warrants"
ALOY,REalloys Inc.
ALP,Alpha Compute Corp
ALPS,ALPS Group Inc - Ordinary Share
ALPX,Alpex Acquisition Corporation - Class A
ALPXR,Alpex Acquisition Corporation - Rights
ALPXU,Alpex Acquisition Corporation - Units
ALPXW,Alpex Acquisition Corporation - Warrants
ALRG,Allspring LT Large Core ETF
ALRM,"Alarm.com Holdings, Inc."
ALRS,Alerus Financial Corporation
ALSN,"Allison Transmission Holdings, Inc."
ALT,"Altimmune, Inc."
ALTG,Alta Equipment Group Inc.
ALTI,"AlTi Global, Inc."
ALTL,Pacer Lunt Large Cap Alternator ETF
ALTO,"Alto Ingredients, Inc."
ALTY,Global X Alternative Income ETF
ALUB,Alussa Energy Acquisition Corp. II Class A
ALV,"Autoliv, Inc."
ALVO,Alvotech
ALVOW,Alvotech - Warrant
ALX,"Alexander's, Inc."
ALXO,ALX Oncology Holdings Inc.
ALZN,"Alzamend Neuro, Inc."
AM,Antero Midstream Corporation
AMA,Defiance Daily Target 2X Long AMAT ETF
AMAA,Corgi AMZN 2x Daily ETF
AMACU,AMR Resources Acquisition Corp - Units
AMAL,Amalgamated Financial Corp.
AMAN,Amanat Acquisition Corp - Class A
AMAT,"Applied Materials, Inc."
AMAU,Leverage Shares 2X Long AMAT Daily ETF
AMAX,Adaptive Hedged Multi-Asset Income ETF
AMBA,"Ambarella, Inc."
AMBO,Ambow Education Holding Ltd. American Depository Shares (each representing twenty (20) Class A Ordinary Shares)
AMBP,Ardagh Metal Packaging S.A.
AMBQ,"Ambiq Micro, Inc."
AMBR,Amber International Holding Limited
AMC,"AMC Entertainment Holdings, Inc."
AMCI,AMC Robotics Corporation
AMCR,Amcor plc
AMCX,AMC Global Media Inc.
AMD,"Advanced Micro Devices, Inc."
AMDC,Corgi AMD 2x Daily ETF
AMDD,Direxion Daily AMD Bear 1X ETF
AMDG,Leverage Shares 2X Long AMD Daily ETF
AMDL,GraniteShares 2x Long AMD Daily ETF
AMDW,Roundhill AMD WeeklyPay ETF
AMDY,Yieldmax AMD Option Income Strategy ETF
AME,"AMETEK, Inc."
AMEI,Amana Equity Income ETF
AMEM,Amana Developing World ETF
AMG,"Affiliated Managers Group, Inc."
AMGN,Amgen Inc.
AMGR,Amana Growth ETF
AMH,American Homes 4 Rent Common Shares of Beneficial Interest
AMHI,American Beacon Aberdeen Municipal High Income ETF
AMID,Argent Mid Cap ETF
AMIX,"Autonomix Medical, Inc."
AMJB,Alerian MLP Index ETN
AMKL,Defiance Daily Target 2X Long AMKR ETF
AMKR,"Amkor Technology, Inc."
AMKX,Corgi AMKR 2x Daily ETF
AMLP,Alerian MLP ETF
AMLX,"Amylyx Pharmaceuticals, Inc."
AMMO,VistaShares Defense Supercycle ETF
AMN,AMN Healthcare Services Inc
AMOD,"Alpha Modus Holdings, Inc."
AMODW,"Alpha Modus Holdings, Inc. - Warrant"
AMOM,QRAFT AI-Enhanced U.S. Large Cap Momentum ETF
AMP,"Ameriprise Financial, Inc."
AMPG,"Amplitech Group, Inc."
AMPGZ,"Amplitech Group, Inc. - Series B Right"
AMPH,"Amphastar Pharmaceuticals, Inc."
AMPL,"Amplitude, Inc."
AMPU,Defiance Daily Target 2X Long AMPX ETF
AMPX,"Amprius Technologies, Inc."
AMPY,Amplify Energy Corp.
AMR,"Alpha Metallurgical Resources, Inc."
AMRC,"Ameresco, Inc."
AMRN,Amarin Corporation plc
AMRX,"Amneal Pharmaceuticals, Inc."
AMRZ,Amrize Ltd
AMS,American Shared Hospital Services
AMSC,American Superconductor Corporation
AMSF,"AMERISAFE, Inc."
AMSS,AMASS Brands Inc.
AMST,Amesite Inc.
AMT,American Tower Corporation (REIT)
AMTB,Amerant Bancorp Inc.
AMTD,"AMTD IDEA Group American Depositary Shares, each representing six (6) Class A"
AMTM,"Amentum Holdings, Inc."
AMTX,"Aemetis, Inc"
AMUB,"ETRACS Alerian MLP Index ETN Series B due July 18, 2042"
AMUN,abrdn Ultra Short Municipal Income Active ETF
AMUU,Direxion Daily AMD Bull 2X ETF
AMWL,American Well Corporation
AMX,"America Movil, S.A.B. de C.V. American Depositary Shares (each representing the right to receive twenty (20) Series B Shares"
AMYY,GraniteShares YieldBOOST AMD ETF
AMZA,InfraCap MLP ETF
AMZD,Direxion Daily AMZN Bear 1X ETF
AMZE,"Amaze Holdings, Inc."
AMZG,Leverage Shares 2X Long AMZN Daily ETF
AMZN,"Amazon.com, Inc."
AMZO,Tradr 2X Short AMZN Daily ETF
AMZP,Kurv Yield Premium Strategy Amazon (AMZN) ETF
AMZU,Direxion Daily AMZN Bull 2X ETF
AMZW,Roundhill AMZN WeeklyPay ETF
AMZY,YieldMax AMZN Option Income Strategy ETF
AMZZ,GraniteShares 2x Long AMZN Daily ETF
AN,"AutoNation, Inc."
ANAB,"AnaptysBio, Inc."
ANDE,"The Andersons, Inc."
ANDG,Andersen Group Inc.
ANEL,Defiance Daily Target 2x Long ANET ETF
ANET,"Arista Networks, Inc."
ANEW,ProShares MSCI Transformational Changes ETF
ANF,Abercrombie & Fitch Company
ANGH,Anghami Inc.
ANGHW,Anghami Inc. - Warrants
ANGI,Angi Inc.
ANGL,VanEck Fallen Angel High Yield Bond ETF
ANGO,"AngioDynamics, Inc."
ANGX,"Angel Studios, Inc."
ANIK,Anika Therapeutics Inc.
ANIP,"ANI Pharmaceuticals, Inc."
ANIX,"Anixa Biosciences, Inc."
ANL,Adlai Nortye Ltd.
ANNA,"AleAnna, Inc."
ANNAW,"AleAnna, Inc. - Warrant"
ANNX,"Annexon, Inc. - common stock"
ANPA,Rich Sparkle Holdings Limited
ANRO,"Alto Neuroscience, Inc."
ANSC,Agriculture & Natural Solutions Acquisition Corporation - Class A
ANSCU,Agriculture & Natural Solutions Acquisition Corporation - Unit
ANSCW,Agriculture & Natural Solutions Acquisition Corporation - Warrant
ANTA,Antalpha Platform Holding Company - Class A
ANTX,"AN2 Therapeutics, Inc."
ANV,GraniteShares Autocallable NVDA ETF
ANVS,"Annovis Bio, Inc."
ANY,Sphere 3D Corp.
AOA,iShares Core 80/20 Aggressive Allocation ETF
AOCT,Innovator Equity Defined Protection ETF - 2 Yr to October 2026
AOD,abrdn Total Dynamic Dividend Fund Common Shares of Beneficial Interest
AOHY,Angel Oak High Yield Opportunities ETF
AOK,iShares Core 30/70 Conservative Allocation ETF
AOM,iShares Core 40/60 Moderate Allocation ETF
AOMD,"Angel Oak Mortgage REIT, Inc. 9.750% Senior Notes due 2030"
AOMN,"Angel Oak Mortgage REIT, Inc. 9.500% Senior Notes due 2029"
AOMR,"Angel Oak Mortgage REIT, Inc."
AON,Aon plc Class A Ordinary Shares (Ireland)
AOR,iShares Core 60/40 Balanced Allocation ETF
AORT,"Artivion, Inc."
AOS,A.O. Smith Corporation
AOSL,Alpha and Omega Semiconductor Limited
AOTG,AOT Growth and Innovation ETF
AOTS,AOT Software Platform ETF
AOUT,"American Outdoor Brands, Inc."
AP,Ampco-Pittsburgh Corporation
APA,APA Corporation
APAC,StoneBridge Acquisition II Corporation - Class A
APACR,StoneBridge Acquisition II Corporation - Rights
APACU,StoneBridge Acquisition II Corporation - Units
APAM,Artisan Partners Asset Management Inc.
APC,ARKO Petroleum Corp.
APCB,ActivePassive Core Bond ETF
APD,"Air Products and Chemicals, Inc."
APDB,Aptus April Deep Buffer ETF
APEI,"American Public Education, Inc."
APG,APi Group Corporation
APGE,"Apogee Therapeutics, Inc."
APH,Amphenol Corporation
APHG,Leverage Shares 2X Long APH Daily ETF
APHU,T-REX 2X Long APH Daily Target ETF
API,"Agora, Inc. - ADS"
APIE,ActivePassive International Equity ETF
APLD,Applied Digital Corporation
APLE,"Apple Hospitality REIT, Inc."
APLM,Apollomics Inc. - Class A
APLMW,Apollomics Inc. - Warrant
APLU,Allspring Core Plus ETF
APLX,Tradr 2X Long APLD Daily ETF
APLY,YieldMax AAPL Option Income Strategy ETF
APLZ,Tradr 2X Short APLD Daily ETF
APMC,AmperCap Acquisition Company
APMCR,AmperCap Acquisition Company - Right
APMCU,AmperCap Acquisition Company - Unit
APMD,"Apnimed, Inc."
APMI,Corgi AMAT 2x Daily ETF
APMU,ActivePassive Intermediate Municipal Bond ETF
APO,"Apollo Global Management, Inc. (New)"
APOC,Innovator Equity Defined Protection ETF - 6mo Apr/Oct
APOG,"Apogee Enterprises, Inc."
APOS,"Apollo Global Management, Inc. 7.625% Fixed-Rate Resettable Junior Subordinated Notes due 2053"
APP,Applovin Corporation
APPC,Corgi APP 2x Daily ETF
APPF,"AppFolio, Inc."
APPN,Appian Corporation
APPS,"Digital Turbine, Inc."
APPX,Tradr 2X Long APP Daily ETF
APRB,Aptus April Buffer ETF
APRE,"Aprea Therapeutics, Inc."
APRH,Innovator Premium Income 20 Barrier ETF - April
APRJ,Innovator Premium Income 30 Barrier ETF - April
APRP,PGIM S&P 500 Buffer 12 ETF - April
APRT,AllianzIM U.S. Large Cap Buffer10 Apr ETF
APRW,AllianzIM U.S. Large Cap Buffer20 Apr ETF
APRZ,TrueShares Structured Outcome (April) ETF
APT,"Alpha Pro Tech, Ltd."
APTV,Aptiv PLC
APUE,ActivePassive U.S. Equity ETF
APUR,Aperture AC - Class A
APURR,Aperture AC - Rights
APUS,"Apimeds Pharmaceuticals US, Inc."
APVO,Aptevo Therapeutics Inc.
APWC,"Asia Pacific Wire & Cable Corporation Limited  - Common shares, Par value .01 per share"
APXM,FT Vest U.S. Equity Max Buffer ETF - April
APXT,Apex Treasury Corporation - Class A Ordinary Share
APXTU,Apex Treasury Corporation - Units
APXTW,Apex Treasury Corporation - Warrants
APYX,Apyx Medical Corporation
AQB,"AquaBounty Technologies, Inc."
AQEC,AQE Core ETF
AQLG,HCM Large Cap Growth ETF
AQLT,iShares MSCI Global Quality Factor ETF
AQMS,"Aqua Metals, Inc."
AQN,Algonquin Power & Utilities Corp.
AQNB,"Algonquin Power & Utilities Corp. 6.20% Fixed-to-Floating Subordinated Notes Series 2019-A due July 1, 2079"
AQST,"Aquestive Therapeutics, Inc."
AQWA,Global X Clean Water ETF
AR,Antero Resources Corporation
ARAI,Arrive AI Inc.
ARAY,Accuray Incorporated
ARB,AltShares Merger Arbitrage ETF
ARBB,ARB IOT Group Limited
ARBE,Arbe Robotics Ltd.
ARBEW,Arbe Robotics Ltd. - Warrant
ARBK,Argo Blockchain plc
ARCB,ArcBest Corporation
ARCC,Ares Capital Corporation - Closed End Fund
ARCI,Archimedes Tech SPAC Partners III Co. - Ordinary Share
ARCIU,Archimedes Tech SPAC Partners III Co. - Unit
ARCIW,Archimedes Tech SPAC Partners III Co. - Warrant
ARCL,ARC Group Acquisition I Corp - Class A
ARCLR,ARC Group Acquisition I Corp - Right
ARCLU,ARC Group Acquisition I Corp - Unit
ARCLW,ARC Group Acquisition I Corp - Warrants
ARCM,Arrow Reserve Capital Management ETF
ARCO,Arcos Dorados Holdings Inc. Class A Shares
ARCP,Aristotle Core Plus Income ETF
ARCT,Arcturus Therapeutics Holdings Inc.
ARCX,Tradr 2X Long ACHR Daily ETF
ARDC,"Ares Dynamic Credit Allocation Fund, Inc."
ARDT,"Ardent Health, Inc."
ARDX,"Ardelyx, Inc."
ARE,"Alexandria Real Estate Equities, Inc."
AREC,American Resources Corporation
AREN,"The Arena Group Holdings, Inc."
ARES,Ares Management Corporation
ARGT,Global X MSCI Argentina ETF
ARGX,argenx SE
ARHS,"Arhaus, Inc."
ARI,"Apollo Commercial Real Estate Finance, Inc"
ARIS,Aris Mining Corporation
ARKB,ARK 21Shares Bitcoin ETF
ARKD,ARK DIET Q1 Buffer ETF
ARKE,ARK DIET Q3 Buffer ETF
ARKF,ARK Blockchain & Fintech Innovation ETF
ARKG,ARK Genomic Revolution ETF
ARKI,ARK DIET Q2 Buffer ETF
ARKK,ARK Innovation ETF
ARKO,ARKO Corp.
ARKQ,ARK Autonomous Technology & Robotics ETF
ARKR,Ark Restaurants Corp.
ARKT,ARK DIET Q4 Buffer ETF
ARKW,ARK Next Generation Internet ETF
ARKX,ARK Space & Defense Innovation ETF
ARL,"American Realty Investors, Inc."
ARLI,AllianzIM International Equity Buffer15 Uncapped Apr ETF
ARLO,"Arlo Technologies, Inc."
ARLP,"Alliance Resource Partners, L.P. - Common Units Representing Limited Partnership Interests"
ARLU,AllianzIM U.S. Equity Buffer15 Uncapped Apr ETF
ARM,Arm Holdings plc
ARMA,Corgi ARM 2x Daily ETF
ARMG,Leverage Shares 2X Long ARM Daily ETF
ARMH,Arm Holdings PLC ADRhedged
ARMK,Aramark
ARMP,"Armata Pharmaceuticals, Inc."
ARMS,Aristotle Multi-Sector Income ETF
ARMW,Roundhill ARM WeeklyPay ETF
ARMY,Tema International Defense ETF
AROC,"Archrock, Inc."
AROW,Arrow Financial Corporation
ARP,PMV Adaptive Risk Parity ETF
ARQ,"Arq, Inc."
ARQQ,Arqit Quantum Inc.
ARQQW,Arqit Quantum Inc. - Warrants
ARQT,"Arcutis Biotherapeutics, Inc. - Common stock"
ARR,"ARMOUR Residential REIT, Inc."
ARRY,"Array Technologies, Inc."
ARTC,Art Technology Acquisition Corp. - Class A
ARTCU,Art Technology Acquisition Corp. - Units
ARTCW,Art Technology Acquisition Corp. - Warrants
ARTL,"Artelo Biosciences, Inc."
ARTNA,Artesian Resources Corporation - Class A Non-Voting
ARTV,"Artiva Biotherapeutics, Inc."
ARTW,"Art's-Way Manufacturing Co., Inc."
ARTY,iShares Future AI & Tech ETF
ARVN,"Arvinas, Inc."
ARVR,First Trust Indxx Metaverse ETF
ARW,"Arrow Electronics, Inc."
ARWG,Archer Growth ETF
ARWR,"Arrowhead Pharmaceuticals, Inc."
ARX,Accelerant Holdings Class A
ARXS,"Arxis, Inc."
AS,"Amer Sports, Inc."
ASA,ASA  Gold and Precious Metals Limited
ASAN,"Asana, Inc."
ASB,Associated Banc-Corp
ASBA,Associated Banc-Corp 6.625% Fixed-Rate Reset Subordinated Notes due 2033
ASBP,"Aspire Biopharma Holdings, Inc."
ASBPW,"Aspire Biopharma Holdings, Inc.  - Warrant"
ASC,Ardmore Shipping Corporation
ASCE,Allspring SMID Core ETF
ASCI,abrdn International Small Cap Active ETF
ASD,Defiance Autism Impact ETF
ASEA,Global X FTSE Southeast Asia ETF
ASEC,American Century Securitized Credit ETF
ASG,"Liberty All-Star Growth Fund, Inc."
ASGI,abrdn Global Infrastructure Income Fund Common Shares of Beneficial Interest
ASGM,Virtus AlphaSimplex Global Macro ETF
ASH,Ashland Inc.
ASHR,Xtrackers Harvest CSI 300 China A-Shares ETF
ASHS,Xtrackers Harvest CSI 500 China A-Shares Small Cap ETF
ASIA,Matthews Pacific Tiger Active ETF
ASIC,Ategrity Specialty Insurance Company Holdings
ASIX,AdvanSix Inc.
ASLE,AerSale Corporation
ASLV,Allspring Special Large Value ETF
ASM,Avino Silver & Gold Mines Ltd. Common Shares (Canada)
ASMB,"Assembly Biosciences, Inc."
ASMF,Virtus AlphaSimplex Managed Futures ETF
ASMG,Leverage Shares 2X Long ASML Daily ETF
ASMH,ASML Holding NV ADRhedged
ASML,ASML Holding N.V. - New York Registry Shares
ASMU,Direxion Daily ASML Bull 2X ETF
ASMZ,Corgi ASML 2x Daily ETF
ASND,Ascendis Pharma A/S - Ordinary Share
ASO,"Academy Sports and Outdoors, Inc."
ASPC,A SPAC III Acquisition Corp. - Class A
ASPCR,A SPAC III Acquisition Corp. - Right
ASPCU,A SPAC III Acquisition Corp. - Unit
ASPI,ASP Isotopes Inc.
ASPN,"Aspen Aerogels, Inc."
ASPS,Altisource Portfolio Solutions S.A.
ASPSW,Altisource Portfolio Solutions S.A. - Net Settle Stakeholder Warrants
ASPSZ,Altisource Portfolio Solutions S.A. - Cash Exercise Stakeholder Warrants
ASR,"Grupo Aeroportuario del Sureste, S.A. de C.V."
ASRV,AmeriServ Financial Inc.
ASST,"Strive, Inc."
ASTC,Astrotech Corporation
ASTE,"Astec Industries, Inc."
ASTG,Leverage Shares 2X Long ASTS Daily ETF
ASTH,Astrana Health Inc.
ASTI,"Ascent Solar Technologies, Inc"
ASTL,Algoma Steel Group Inc.
ASTLW,Algoma Steel Group Inc. - Warrant
ASTN,Defiance Daily Target 2X Short ASTS ETF
ASTS,"AST SpaceMobile, Inc."
ASTT,Corgi ASTS 2x Daily ETF
ASTX,Tradr 2X Long ASTS Daily ETF
ASTY,Defiance Daily Target 2X Long ASTS ETF
ASUP,T-REX 2X Long ASTS Daily Target ETF
ASUR,Asure Software Inc
ASX,"ASE Technology Holding Co., Ltd. American Depositary Shares (each representing Two Common Shares)"
ASYS,"Amtech Systems, Inc."
ATAI,AtaiBeckley Inc.
ATAT,Atour Lifestyle Holdings Limited
ATC,GraniteShares Autocallable COIN ETF
ATCH,"AtlasClear Holdings, Inc."
ATCL,REX Autocallable Income ETF
ATCX,Atlas Critical Minerals Corporation
ATEC,"Alphatec Holdings, Inc."
ATEN,"A10 Networks, Inc."
ATER,"Aterian, Inc."
ATEX,Anterix Inc.
ATFV,Alger 35 ETF
ATGL,Alpha Technology Group Limited - Class A
ATHE,Alterity Therapeutics Limited
ATHM,"Autohome Inc. American Depositary Shares, each representing four class A ordinary shares."
ATHR,"Aether Holdings, Inc."
ATHS,Athene Holding Ltd. 7.250% Fixed-Rate Reset Junior Subordinated Debentures due 2064
ATI,ATI Inc.
ATII,Archimedes Tech SPAC Partners II Co.
ATIIU,Archimedes Tech SPAC Partners II Co. - Unit
ATIIW,Archimedes Tech SPAC Partners II Co. - Warrant
ATKR,Atkore Inc.
ATLC,Atlanticus Holdings Corporation
ATLCL,Atlanticus Holdings Corporation - 6.125% Senior Notes due 2026
ATLCP,"Atlanticus Holdings Corporation - 7.625% Series B Cumulative Perpetual Preferred Stock, no par value per share"
ATLCZ,Atlanticus Holdings Corporation - 9.25% Senior Notes due 2029
ATLO,Ames National Corporation
ATLX,Atlas Lithium Corporation
ATMP,iPath Select MLP ETN
ATMU,Atmus Filtration Technologies Inc.
ATNI,"ATN International, Inc."
ATNM,"Actinium Pharmaceuticals, Inc. (Delaware)"
ATO,Atmos Energy Corporation
ATOM,Atomera Incorporated
ATOS,"Atossa Therapeutics, Inc."
ATPC,Agape ATP Corporation
ATR,"AptarGroup, Inc."
ATRA,"Atara Biotherapeutics, Inc."
ATRC,"AtriCure, Inc."
ATRO,Astronics Corporation
ATS,ATS Corporation
ATTR,Arin Tactical Tail Risk ETF
ATXG,Addentax Group Corp.
ATYR,"aTyr Pharma, Inc."
AU,AngloGold Ashanti PLC
AUAU,Global X Gold Miners ETF
AUB,Atlantic Union Bankshares Corporation
AUBN,"Auburn National Bancorporation, Inc."
AUC,ATIF Holdings Limited
AUDC,AudioCodes Ltd.
AUGM,FT Vest U.S. Equity Max Buffer ETF - August
AUGO,Aura Minerals Inc.
AUGP,PGIM S&P 500 Buffer 12 ETF - August
AUGT,AllianzIM U.S. Large Cap Buffer10 Aug ETF
AUGU,AllianzIM U.S. Equity Buffer15 Uncapped Aug ETF
AUGW,AllianzIM U.S. Large Cap Buffer20 Aug ETF
AUGZ,TrueShares Structured Outcome (August) ETF
AUID,authID Inc.
AUMI,Themes Gold Miners ETF
AUNA,Auna SA Class A
AUPH,Aurinia Pharmaceuticals Inc
AUR,"Aurora Innovation, Inc."
AURA,"Aura Biosciences, Inc."
AURE,Aurelion Inc.  - Class A
AUROW,"Aurora Innovation, Inc.  - Warrant"
AUSF,Global X Adaptive U.S. Factor ETF
AUSM,Allspring Ultra Short Municipal ETF
AUST,Austin Gold Corp.
AUTL,Autolus Therapeutics plc
AUUD,Auddia Inc.
AV,Corgi Aerospace & Commercial Aviation ETF
AVA,Avista Corporation
AVAH,Aveanna Healthcare Holdings Inc.
AVAL,Grupo Aval Acciones y Valores S.A. ADR (Each representing 20 preferred shares)
AVAT,Avalanche Treasury Corporation
AVAV,"AeroVironment, Inc."
AVAZ,2x Avalanche ETF
AVB,"AvalonBay Communities, Inc."
AVBC,"Avidia Bancorp, Inc."
AVBH,"Avidbank Holdings, Inc."
AVBP,"ArriVent BioPharma, Inc."
AVD,American Vanguard Corporation Common Stock ($0.10 Par Value)
AVDE,Avantis International Equity ETF
AVDS,Avantis International Small Cap Equity ETF
AVDV,Avantis International Small Cap Value ETF
AVEE,Avantis Emerging Markets Small Cap Equity ETF
AVEM,Avantis Emerging Markets Equity ETF
AVES,Avantis Emerging Markets Value ETF
AVEX,AEVEX Corp.
AVGB,Avantis Credit ETF
AVGC,Corgi AVGO 2x Daily ETF
AVGE,Avantis All Equity Markets ETF
AVGG,Leverage Shares 2X Long AVGO Daily ETF
AVGO,Broadcom Inc.
AVGU,GraniteShares 2x Long AVGO Daily ETF
AVGV,Avantis All Equity Markets Value ETF
AVGW,Roundhill AVGO WeeklyPay ETF
AVGX,Defiance Daily Target 2X Long AVGO ETF
AVIE,Avantis Inflation Focused Equity ETF
AVIG,Avantis Core Fixed Income ETF
AVIR,"Atea Pharmaceuticals, Inc. - common stock"
AVIV,Avantis International Large Cap Value ETF
AVK,Advent Convertible and Income Fund
AVL,Direxion Daily AVGO Bull 2X ETF
AVLC,Avantis U.S. Large Cap Equity ETF
AVLN,Avalyn Pharma Inc. - common stock
AVLV,Avantis U.S. Large Cap Value ETF
AVMA,Avantis Moderate Allocation ETF
AVMC,Avantis U.S. Mid Cap Equity ETF
AVMU,Avantis Core Municipal Fixed Income ETF
AVMV,Avantis U.S. Mid Cap Value ETF
AVNM,Avantis All International Markets Equity ETF
AVNT,Avient Corporation
AVNV,Avantis All International Markets Value ETF
AVNW,"Aviat Networks, Inc."
AVO,"Mission Produce, Inc."
AVOS,Avos Global Equities ETF
AVPT,"AvePoint, Inc."
AVR,Anteris Technologies Global Corp.
AVRE,Avantis Real Estate ETF
AVRY,Avory Foundational ETF
AVS,Direxion Daily AVGO Bear 1X ETF
AVSC,Avantis U.S Small Cap Equity ETF
AVSD,Avantis Responsible International Equity ETF
AVSE,Avantis Responsible Emerging Markets Equity ETF
AVSF,Avantis Short-Term Fixed Income ETF
AVSU,Avantis Responsible U.S. Equity ETF
AVT,"Avnet, Inc."
AVTM,Avantis Total Equity Markets ETF
AVTR,"Avantor, Inc."
AVTX,"Avalo Therapeutics, Inc."
AVUQ,Avantis U.S. Quality ETF
AVUS,Avantis U.S. Equity ETF
AVUV,Avantis U.S. Small Cap Value ETF
AVX,Avax One Technology Ltd.
AVXC,Avantis Emerging Markets ex-China Equity ETF
AVXL,Anavex Life Sciences Corp.
AVXX,Defiance Daily Target 2x Long AVAV ETF
AVY,Avery Dennison Corporation
AWAY,Amplify Travel Tech ETF
AWF,Alliancebernstein Global High Income Fund
AWI,Armstrong World Industries Inc
AWK,"American Water Works Company, Inc."
AWP,abrdn Global Premier Properties Fund Common Shares of Beneficial Interest
AWR,American States Water Company
AWRE,"Aware, Inc."
AWX,Avalon Holdings Corporation
AX,"Axos Financial, Inc."
AXG,Solowin Holdings - Class A Ordinary Share
AXGN,"Axogen, Inc."
AXIA,AXIA Energia American Depositary Shares (Each representing one Common Share)
AXIL,"AXIL Brands, Inc."
AXIN,Axiom Intelligence Acquisition Corp 1 - Class A
AXINR,Axiom Intelligence Acquisition Corp 1 - Right
AXINU,Axiom Intelligence Acquisition Corp 1 - Units
AXON,"Axon Enterprise, Inc."
AXP,American Express Company
AXR,AMREP Corporation
AXS,Axis Capital Holdings Limited
AXSM,"Axsome Therapeutics, Inc."
AXTA,Axalta Coating Systems Ltd.
AXTC,Corgi AXTI 2x Daily ETF
AXTI,AXT Inc
AXTL,Leverage Shares 2X Long AXTI Daily ETF
AXTU,T-REX 2X Long AXTI Daily Target ETF
AXTX,Tradr 2X Long AXTI Daily ETF
AYA,Aya Gold & Silver Inc.
AYI,Acuity Inc.
AYTU,"Aytu BioPharma, Inc."
AZ,A2Z Cust2Mate Solutions Corp.
AZI,Autozi Internet Technology (Global) Ltd. - Class A
AZIO,"Azio AI Holdings, Inc. - Common stock"
AZN,AstraZeneca PLC
AZO,"AutoZone, Inc."
AZTA,"Azenta, Inc."
AZTD,Aztlan Global Stock Selection DM SMID ETF
AZTR,Azitra Inc
AZUL,"Azul S.A. American Depositary Shares, each representing two (2)"
AZYY,GraniteShares YieldBoost AMZN ETF
AZZ,AZZ Inc.
B,Barrick Mining Corporation
BA,Boeing Company (The)
BAB,Invesco Taxable Municipal Bond ETF
BABA,Alibaba Group Holding Limited American Depositary Shares each representing eight Ordinary share
BABC,Corgi BABA 2x Daily ETF
BABO,YieldMax BABA Option Income Strategy ETF
BABU,Direxion Daily BABA Bull 2X ETF
BABW,Roundhill BABA WeeklyPay ETF
BABX,GraniteShares 2x Long BABA Daily ETF
BAC,Bank of America Corporation
BACC,Blue Acquisition Corp. - Class A
BACCR,Blue Acquisition Corp. - Right
BACCU,Blue Acquisition Corp. - Unit
BAER,"Bridger Aerospace Group Holdings, Inc."
BAERW,"Bridger Aerospace Group Holdings, Inc. - Warrant"
BAFE,Brown Advisory Flexible Equity ETF
BAFN,BayFirst Financial Corp.
BAGX,EA Bridgeway Aggressive Investors ETF
BAGY,Amplify Bitcoin Max Income Covered Call ETF
BAH,Booz Allen Hamilton Holding Corporation
BAI,iShares A.I. Innovation and Tech Active ETF
BAIG,Leverage Shares 2X Long BBAI Daily ETF
BAIV,Brown Advisory International Value Select ETF
BAK,Braskem SA ADR
BALI,iShares U.S. Large Cap Premium Income Active ETF
BALL,Ball Corporation
BALQ,iShares Nasdaq Premium Income Active ETF
BALT,Innovator Defined Wealth Shield ETF
BALY,Bally's Corporation
BAM,Brookfield Asset Management Inc Class A Limited Voting Shares
BAMA,Brookstone Active ETF
BAMB,Brookstone Intermediate Bond ETF
BAMD,Brookstone Dividend Stock ETF
BAMG,Brookstone Growth Stock ETF
BAMO,Brookstone Opportunities ETF
BAMU,Brookstone Ultra-Short Bond ETF
BAMV,Brookstone Value Stock ETF
BAMY,Brookstone Yield ETF
BANC,"Banc of California, Inc."
BAND,Bandwidth Inc.
BANF,BancFirst Corporation
BANFP,BancFirst Corporation - 7.2% Cumulative Trust Preferred Securities
BANL,CBL International Limited - Class B
BANR,Banner Corporation
BANX,ArrowMark Financial Corp. - Closed End Fund
BAOS,Baosheng Media Group Holdings Limited - Ordinary shares
BAP,Credicorp Ltd.
BAPR,Innovator U.S. Equity Buffer ETF - April
BAR,GraniteShares Gold Trust Shares of Beneficial Interest
BARK,"BARK, Inc."
BASG,Brown Advisory Sustainable Growth ETF
BASV,Brown Advisory Sustainable Value ETF
BATL,Battalion Oil Corporation
BATRA,"Atlanta Braves Holdings, Inc. - Series A"
BATRK,"Atlanta Braves Holdings, Inc. - Series C"
BATT,Amplify Lithium & Battery Technology ETF
BAUG,Innovator U.S. Equity Buffer ETF - August
BAVA,Common Shares of Beneficial Interest of Bitwise Avalanche ETF
BAX,Baxter International Inc.
BAY,Corgi Bay Area Based ETF
BB,BlackBerry Limited
BBAG,JPMorgan BetaBuilders U.S. Aggregate Bond ETF
BBAI,"BigBear.ai, Inc."
BBAR,Banco BBVA Argentina S.A. ADS
BBAX,JPMorgan BetaBuilders Developed Asia Pacific-ex Japan ETF
BBB,CYBER HORNET S&P 500 and Bitcoin 75/25 Strategy ETF
BBBI,BondBloxx BBB Rated 5-10 Year Corporate Bond ETF
BBBL,BondBloxx BBB Rated 10+ Year Corporate Bond ETF
BBBS,BondBloxx BBB Rated 1-5 Year Corporate Bond ETF
BBBY,"Bed Bath & Beyond, Inc."
BBC,Virtus Biotech Clinical Trials ETF
BBCA,JPMorgan BetaBuilders Canada ETF
BBCB,JPMorgan BetaBuilders USD Investment Grade Corporate Bond ETF
BBCP,"Concrete Pumping Holdings, Inc."
BBCQ,Bleichroeder Acquisition Corp. II - Class A
BBCQU,Bleichroeder Acquisition Corp. II - Units
BBCQW,Bleichroeder Acquisition Corp. II - Warrants
BBD,Banco Bradesco Sa
BBDC,"Barings BDC, Inc."
BBDO,Banco Bradesco Sa American Depositary Shares (each representing one Common Share)
BBEM,JPMorgan BetaBuilders Emerging Markets Equity ETF
BBEU,JPMorgan BetaBuilders Europe ETF
BBGI,"Beasley Broadcast Group, Inc."
BBH,VanEck Biotech ETF
BBHL,BBH Select Large Cap ETF
BBHM,BBH Select Mid Cap ETF
BBHY,JPMorgan BetaBuilders USD High Yield Corporate Bond ETF
BBIB,JPMorgan BetaBuilders U.S. Treasury Bond 3-10 Year ETF
BBIN,JPMorgan BetaBuilders International Equity ETF
BBIO,"BridgeBio Pharma, Inc."
BBJP,JPMorgan BetaBuilders Japan ETF
BBLB,JPMorgan BetaBuilders U.S. Treasury Bond 20+ Year ETF
BBLG,Bone Biologics Corp
BBLGW,Bone Biologics Corp - warrants
BBLU,EA Bridgeway Blue Chip ETF
BBMC,JPMorgan BetaBuilders U.S. Mid Cap Equity ETF
BBN,BlackRock Taxable Municipal Bond Trust Common Shares of Beneficial Interest
BBNX,"Beta Bionics, Inc."
BBOT,"BridgeBio Oncology Therapeutics, Inc."
BBP,Virtus Biotech ETF
BBRE,JPMorgan BetaBuilders MSCI U.S. REIT ETF
BBSB,JPMorgan BetaBuilders U.S. Treasury Bond 1-3 Year ETF
BBSC,JPMorgan BetaBuilders U.S. Small Cap Equity ETF
BBSI,"Barrett Business Services, Inc."
BBT,Beacon Financial Corporation Common stock
BBUC,Brookfield Business Corporation Class A Subordinate Voting Shares
BBUL,GraniteShares 2x Long BB Daily ETF
BBUS,JPMorgan BetaBuilders U.S. Equity ETF
BBVA,Banco Bilbao Vizcaya Argentaria S.A.
BBW,"Build-A-Bear Workshop, Inc."
BBWI,"Bath & Body Works, Inc."
BBY,"Best Buy Co., Inc."
BBYY,GraniteShares YieldBOOST BABA ETF
BC,Brunswick Corporation
BCAB,"BioAtla, Inc."
BCAL,California BanCorp
BCAR,D. Boral ARC Acquisition I Corp. - Class A
BCARU,D. Boral ARC Acquisition I Corp. - Units
BCARW,D. Boral ARC Acquisition I Corp. - Warrant
BCAT,BlackRock Capital Allocation Term Trust Common Shares of Beneficial Interest
BCAX,Bicara Therapeutics Inc.
BCBP,"BCB Bancorp, Inc. (NJ)"
BCC,"Boise Cascade, L.L.C."
BCCC,Global X Bitcoin Covered Call ETF
BCCQU,Bleichroeder Acquisition Corp. III - Units
BCD,abrdn Bloomberg All Commodity Longer Dated Strategy K-1 Free ETF
BCDA,"BioCardia, Inc."
BCDF,Horizon Kinetics Blockchain Development ETF
BCE,"BCE, Inc."
BCEM,Baron Emerging Markets Select ETF
BCFN,Baron Financials ETF
BCG,"Binah Capital Group, Inc."
BCGD,Baron Global Durable Advantage ETF
BCGS,Bancreek Global Select ETF
BCGWW,"Binah Capital Group, Inc. - Warrants"
BCH,Banco De Chile ADS
BCHI,GMO Beyond China ETF
BCHP,Principal Focused Blue Chip ETF
BCHT,Birchtech Corp.
BCI,abrdn Bloomberg All Commodity Strategy K-1 Free ETF
BCIC,BCP Investment Corporation - Closed End Fund
BCIL,Bancreek International Large Cap ETF
BCKT,LifeX 2030 Income Bucket ETF
BCLO,iShares BBB-B CLO Active ETF
BCML,BayCom Corp
BCO,Brinks Company (The)
BCOR,Grayscale Bitcoin Adopters ETF
BCPC,Balchem Corporation
BCPL,BNY Mellon Core Plus ETF
BCRX,"BioCryst Pharmaceuticals, Inc."
BCS,Barclays PLC
BCSF,"Bain Capital Specialty Finance, Inc."
BCSM,Baron SMID Cap ETF
BCSS,Bain Capital GSS Investment Corp. Class A
BCTK,Baron Technology ETF
BCTX,BriaCell Therapeutics Corp.
BCTXL,BriaCell Therapeutics Corp. - Warrants
BCTXZ,BriaCell Therapeutics Corp. - Warrant
BCUS,Bancreek U.S. Large Cap ETF
BCV,"Bancroft Fund, Ltd."
BCX,BlackRock Resources Common Shares of Beneficial Interest
BCYC,Bicycle Therapeutics plc
BD,Russell Investments Core Plus Bond ETF
BDBT,Bluemonte Core Bond ETF
BDC,Belden Inc
BDCI,BTC Development Corp. - Class A
BDCIU,BTC Development Corp. - Unit
BDCIW,BTC Development Corp. - Warrant
BDCX,"ETRACS Quarterly Pay 1.5x Leveraged MarketVector BDC Liquid Index ETN due June 10, 2050"
BDCZ,"ETRACS MarketVector Business Development Companies Liquid Index ETN due April 26, 2041"
BDEC,Innovator U.S. Equity Buffer ETF - December
BDGS,Bridges Capital Tactical ETF
BDIV,AAM Brentview Dividend Growth ETF
BDJ,Blackrock Enhanced Equity Dividend Trust
BDL,"Flanigan's Enterprises, Inc."
BDMD,Baird Medical Investment Holdings Ltd - Ordinary Share
BDMDW,Baird Medical Investment Holdings Ltd - Warrant
BDN,Brandywine Realty Trust
BDRX,Biodexa Pharmaceuticals plc
BDRY,Breakwave Dry Bulk Shipping ETF
BDSX,"Biodesix, Inc."
BDTX,"Black Diamond Therapeutics, Inc."
BDVG,IMGP Berkshire Dividend Growth ETF
BDVL,iShares Disciplined Volatility Equity Active ETF
BDX,"Becton, Dickinson and Company"
BDYN,iShares Dynamic Equity Active ETF
BE,Bloom Energy Corporation
BEAG,Bold Eagle Acquisition Corp. - Class A
BEAGR,Bold Eagle Acquisition Corp. - Right
BEAGU,Bold Eagle Acquisition Corp. - Units
BEAM,Beam Therapeutics Inc.
BEAT,"Heartbeam, Inc."
BEATW,"Heartbeam, Inc. - Warrant"
BEBE,TGE Value Creative Solutions Corp Class A
BEC,Corgi BE 2x Daily ETF
BEDY,BNY Mellon Enhanced Dividend and Income ETF
BEDZ,AdvisorShares Hotel ETF
BEEM,Beam Global
BEEP,Mobile Infrastructure Corporation
BEEX,The Beehive ETF
BEEZ,Honeytree U.S. Equity ETF
BEG,Leverage Shares 2x Long BE Daily ETF
BEGS,Rareview 2x Bull Cryptocurrency & Precious Metals ETF
BEKE,KE Holdings Inc American Depositary Shares (each representing three Class A Ordinary Shares)
BELFA,Bel Fuse Inc.
BELFB,Bel Fuse Inc.
BELT,iShares U.S. Select Equity Active ETF
BEMB,iShares J.P. Morgan Broad USD Emerging Markets Bond ETF
BEN,"Franklin Resources, Inc."
BENF,Beneficient
BENFW,Beneficient - Warrant
BENJ,Horizon Landmark ETF
BEP,Brookfield Renewable Partners L.P. Limited Partnership Units
BEPC,Brookfield Renewable Corporation Brookfield Renewable Corporation Class A Subordinate Voting Shares
BEPH,Brookfield BRP Holdings (Canada) Inc. 4.625% Perpetual Subordinated Notes
BEPI,Brookfield BRP Holdings (Canada) Inc. 4.875% Perpetual Subordinated Notes
BEPJ,Brookfield BRP Holdings (Canada) Inc. 7.250% Perpetual Subordinated Notes
BERZ,MicroSectors FANG & Innovation -3x Inverse Leveraged ETN
BESF,Bastion Energy ETF
BESO,GSR Crypto Core3 ETF
BESS,Bimergen Energy Corporation
BETA,"Beta Technologies, Inc."
BETE,ProShares Bitcoin & Ether Equal Weight ETF
BETH,ProShares Bitcoin & Ether Market Cap Weight ETF
BETR,Better Home & Finance Holding Company
BETRW,Better Home & Finance Holding Company - Warrant
BETZ,Roundhill Sports Betting & iGaming ETF
BEX,Tradr 2X Long BE Daily ETF
BEZ,Tradr 2X Short BE Daily ETF
BFAM,Bright Horizons Family Solutions Inc.
BFAP,FT Vest Bitcoin Strategy Floor15 ETF April
BFC,Bank First Corporation
BFEB,Innovator U.S. Equity Buffer ETF - February
BFEW,FT Vest Laddered U.S. Equity Equal Weight Buffer ETF
BFH,"Bread Financial Holdings, Inc."
BFIX,Build Bond Innovation ETF
BFJA,FT Vest Bitcoin Strategy Floor15 ETF - January
BFJL,FT Vest Bitcoin Strategy Floor15 ETF July
BFLB,BufferLABS US Equity Dynamic Buffer ETF
BFLX,iShares Flexible Equity Active ETF
BFLY,"Butterfly Network, Inc."
BFOC,FT Vest Bitcoin Strategy Floor15 ETF - October
BFOR,Barron's 400 ETF
BFRG,"Bullfrog AI Holdings, Inc."
BFRGW,"Bullfrog AI Holdings, Inc. - Warrants"
BFRI,Biofrontera Inc.
BFRIW,Biofrontera Inc. - Warrants
BFRZ,Innovator Equity Managed 100 Buffer ETF
BFS,"Saul Centers, Inc."
BFST,"Business First Bancshares, Inc."
BFXU,FT Vest Laddered U.S. Equity Uncapped Accelerator ETF
BG,Bunge Limited
BGB,Blackstone Strategic Credit 2027 Term Fund Common Shares of Beneficial Interest
BGC,"BGC Group, Inc."
BGCG,Baillie Gifford International Concentrated Growth ETF
BGDE,"Big Digital Energy, Inc."
BGDV,Bahl & Gaynor Dividend ETF
BGEG,Baillie Gifford Emerging Markets ETF
BGFI,BNY Mellon Global Fixed Income ETF
BGGG,Baillie Gifford Long Term Global Growth ETF
BGH,Barings Global Short Duration High Yield Fund Common Shares of Beneficial Interests
BGI,Birks Group Inc.
BGIA,Baillie Gifford International Alpha ETF
BGIG,Bahl & Gaynor Income Growth ETF
BGIN,Bgin Blockchain Limited - Class A
BGL,Blue Gold Limited - Class A ordinary shares
BGLC,BioNexus Gene Lab Corp - Common stock
BGLD,FT Vest Gold Strategy Quarterly Buffer ETF
BGLWW,Blue Gold Limited - Warrant
BGM,BGM Group Ltd. - Class A
BGMS,"Bio Green Med Solution, Inc."
BGR,BlackRock Energy and Resources Trust
BGRN,iShares USD Green Bond ETF
BGRO,iShares Large Cap Growth Active ETF
BGS,"B&G Foods, Inc."
BGSF,"BGSF, Inc."
BGSI,Boyd Group Services Inc.
BGT,BlackRock Floating Rate Income Trust
BGUS,Baillie Gifford U.S. Equity Growth ETF
BGX,Blackstone Long Short Credit Income Fund
BGY,Blackrock Enhanced International Dividend Trust
BH,Biglari Holdings Inc.
BHAV,BHAV Acquisition Corp - Class A
BHAVR,BHAV Acquisition Corp - Rights
BHAVU,BHAV Acquisition Corp - Units
BHB,"Bar Harbor Bankshares, Inc."
BHC,Bausch Health Companies Inc.
BHDG,Nicholas Bitcoin Tail ETF
BHE,"Benchmark Electronics, Inc."
BHF,"Brighthouse Financial, Inc."
BHFAL,"Brighthouse Financial, Inc. - Junior Subordinated Debentures due 2058"
BHFAM,"Brighthouse Financial, Inc. - Depositary shares each representing a 1/1,000th Interest in a Share of 4.625% Non-Cumulative Preferred Stock, Series D"
BHFAN,"Brighthouse Financial, Inc. - depositary shares, each representing a 1/1,000th interest in a share of 5.375% Non-Cumulative Preferred Stock, Series C"
BHFAO,"Brighthouse Financial, Inc. - Depositary Shares, each representing a 1/1,000th interest in a share of 6.750% Non-Cumulative Preferred Stock, Series B"
BHFAP,"Brighthouse Financial, Inc. - Depositary Shares 6.6% Non-Cumulative Preferred Stock, Series A"
BHK,Blackrock Core Bond Trust
BHM,"Bluerock Homes Trust, Inc."
BHP,BHP Group Limited American Depositary Shares (Each representing two Ordinary Shares)
BHR,Braemar Hotels & Resorts Inc.
BHRB,Burke & Herbert Financial Services Corp.
BHST,BioHarvest Sciences Inc.
BHV,BlackRock Virginia Municipal Bond Trust
BHVN,Biohaven Ltd.
BHYB,Xtrackers USD High Yield BB-B ex Financials ETF
BHYP,Common Shares of Beneficial Interest of Bitwise Hyperliquid ETF
BIAF,"bioAffinity Technologies, Inc."
BIAFW,"bioAffinity Technologies, Inc. - Warrant"
BIB,ProShares Ultra Nasdaq Biotechnology
BIBL,Inspire 100 ETF
BID,Tribeca Strategic Acquisition Corp. - Class A
BIDD,iShares International Dividend Active ETF
BIDG,Leverage Shares 2X Long BIDU Daily ETF
BIDU,"Baidu, Inc. - American Depositary Shares, each representing 8 ordinary share"
BIDWR,Tribeca Strategic Acquisition Corp. - Rights
BIDWU,Tribeca Strategic Acquisition Corp. - Unit
BIGY,YieldMax Target 12 Big 50 Option Income ETF
BIIB,Biogen Inc.
BIII,Black Spade Acquisition III Co Class A
BIL,State Street SPDR Bloomberg 1-3 Month T-Bill ETF
BILD,Nomura Global Listed Infrastructure ETF
BILI,Bilibili Inc.
BILL,"BILL Holdings, Inc."
BILS,State Street SPDR Bloomberg 3-12 Month T-Bill ETF
BILT,iShares Infrastructure Active ETF
BILZ,PIMCO Ultra Short Government Active Exchange-Traded Fund
BINC,iShares Flexible Income Active ETF
BINT,Bluemonte Global Equity ETF
BINV,Brandes International ETF
BIO,"Bio-Rad Laboratories, Inc."
BIOA,"BioAge Labs, Inc."
BIOT,Instinct Bio Technical Company Holdings Inc. - Common stock
BIOTW,Instinct Bio Technical Company Holdings Inc. - Warrants
BIOX,Bioceres Crop Solutions Corp.
BIOY,GraniteShares YieldBOOST Biotech ETF
BIP,Brookfield Infrastructure Partners LP Limited Partnership Units
BIPC,Brookfield Infrastructure Corporation Brookfield Infrastructure Corporation
BIPH,Brookfield Infrastructure Corporation 5.000% Subordinated Notes due 2081
BIPI,BIP Bermuda Holdings I Limited 5.125% Perpetual Subordinated Notes
BIPJ,Brookfield Infrastructure Corporation 7.250% Subordinated Notes due 2084
BIRD,"Smartbird, Inc."
BIRK,Birkenstock Holding plc
BIS,ProShares UltraShort Nasdaq Biotechnology
BIT,BlackRock Multi-Sector Income Trust Common Shares of Beneficial Interest
BITA,iShares Bitcoin Premium Income ETF
BITB,Bitwise Bitcoin ETF
BITC,Bitwise Trendwise Bitcoin and Treasuries Rotation Strategy ETF
BITI,ProShares Short Bitcoin ETF
BITO,ProShares Bitcoin ETF
BITQ,Bitwise Crypto Industry Innovators ETF
BITS,Global X Blockchain & Bitcoin Strategy ETF
BITU,ProShares Ultra Bitcoin ETF
BITW,Common Shares of Beneficial Interest
BITX,2x Bitcoin ETF
BITY,Amplify Bitcoin 2% Monthly Option Income ETF
BIV,Vanguard Intermediate-Term Bond ETF
BIVI,BioVie Inc. - Common stock
BIVIW,BioVie Inc. - Warrant
BIXI,Bitcoin Infrastructure Acquisition Corp Ltd. - Class A
BIXIU,Bitcoin Infrastructure Acquisition Corp Ltd. - Units
BIXIW,Bitcoin Infrastructure Acquisition Corp Ltd. - Warrants
BIYA,Baiya International Group Inc.
BIZD,VanEck BDC Income ETF
BJ,"BJ's Wholesale Club Holdings, Inc."
BJAN,Innovator U.S. Equity Buffer ETF - January
BJDX,"Bluejay Diagnostics, Inc."
BJRI,"BJ's Restaurants, Inc."
BJUL,Innovator U.S. Equity Buffer ETF - July
BJUN,Innovator U.S. Equity Buffer ETF - June
BKAG,BNY Mellon Core Bond ETF
BKCG,BNY Mellon Concentrated Growth ETF
BKCH,Global X Blockchain ETF
BKCI,BNY Mellon Concentrated International ETF
BKD,Brookdale Senior Living Inc.
BKDV,BNY Mellon Dynamic Value ETF
BKE,"Buckle, Inc. (The)"
BKEM,BNY Mellon Emerging Markets Equity ETF
BKF,iShares MSCI BIC ETF
BKFI,BNY Mellon Active Core Bond ETF
BKGI,BNY Mellon Global Infrastructure Income ETF
BKH,Black Hills Corporation
BKHA,Black Hawk Acquisition Corporation - Class A
BKHAR,Black Hawk Acquisition Corporation - Rights
BKHAU,Black Hawk Acquisition Corporation - Units
BKHY,BNY Mellon High Yield ETF
BKIE,BNY Mellon International Equity ETF
BKKT,"Bakkt, Inc."
BKLC,BNY Mellon US Large Cap Core Equity ETF
BKLG,BNY Mellon US Large Cap Equity Growth ETF
BKLN,Invesco Senior Loan ETF
BKMC,BNY Mellon US Mid Cap Core Equity ETF
BKMI,BNY Mellon Municipal Intermediate ETF
BKMS,BNY Mellon Municipal Short Duration ETF
BKNG,Booking Holdings Inc.
BKR,Baker Hughes Company
BKSE,BNY Mellon US Small Cap Core Equity ETF
BKSY,BlackSky Technology Inc.
BKT,BlackRock Income Trust Inc. (The)
BKTI,BK Technologies Corporation
BKU,"BankUnited, Inc."
BKUI,BNY Mellon Ultra Short Income ETF
BKV,BKV Corporation
BKYI,"BIO-key International, Inc."
BL,"BlackLine, Inc."
BLBD,Blue Bird Corporation
BLCK,Corgi Crypto Infrastructure ETF
BLCO,Bausch + Lomb Corporation
BLCR,iShares Large Cap Core Active ETF
BLCV,iShares Large Cap Value Active ETF
BLDG,Cambria Global Real Estate ETF
BLDP,"Ballard Power Systems, Inc."
BLDR,"Builders FirstSource, Inc."
BLDX,Impax Global Sustainable Infrastructure ETF
BLES,Inspire Global Hope ETF
BLFS,"BioLife Solutions, Inc."
BLGR,Bluemonte Large Cap Growth ETF
BLIN,"Bridgeline Digital, Inc."
BLIV,BeLive Holdings - ordinary shares
BLK,"BlackRock, Inc."
BLKB,"Blackbaud, Inc."
BLLN,"BillionToOne, Inc. - Class A common stock"
BLMN,"Bloomin' Brands, Inc."
BLND,"Blend Labs, Inc."
BLNE,"Beeline Holdings, Inc."
BLNK,Blink Charging Co.
BLOK,Amplify Blockchain Technology ETF
BLOX,Nicholas Crypto Income ETF
BLRK,Bluerock Acquisition Corp. - Class A
BLRKU,Bluerock Acquisition Corp. - Units
BLRKW,Bluerock Acquisition Corp. - Warrants
BLRX,BioLineRx Ltd.
BLSG,Leverage Shares 2X Long BLSH Daily ETF
BLSH,Bullish
BLST,Bluemonte Short Term Bond ETF
BLTD,Bluemonte Long Term Bond ETF
BLTE,"Belite Bio, Inc"
BLUC,Bluemonte Large Cap Core ETF
BLUI,Bluemonte Diversified Income ETF
BLUW,Blue Water Acquisition Corp. III - Class A
BLUWU,Blue Water Acquisition Corp. III - Unit.
BLUWW,Blue Water Acquisition Corp. III - Warrant.
BLUX,Bluemonte Dynamic Total Market ETF
BLV,Vanguard Long-Term Bond ETF
BLW,Blackrock Limited Duration Income Trust
BLX,"Bladex, Inc. Class E"
BLZE,"Backblaze, Inc."
BLZR,Trailblazer Acquisition Corp. - Class A
BLZRU,Trailblazer Acquisition Corp. - Unit
BLZRW,Trailblazer Acquisition Corp. - Warrant
BMA,Banco Macro S.A.  ADR (representing Ten Class B Common Shares)
BMAR,Innovator U.S. Equity Buffer ETF - March
BMAY,Innovator U.S. Equity Buffer ETF - May
BMBL,Bumble Inc. - common stock
BME,Blackrock Health Sciences Trust
BMEA,"Biomea Fusion, Inc."
BMED,iShares Health Innovation Active ETF
BMEZ,BlackRock Health Sciences Term Trust Common Shares of Beneficial Interest
BMGL,Basel Medical Group Ltd - ordinary shares
BMHL,Bluemount Holdings Limited - Class B
BMI,"Badger Meter, Inc."
BMM,Blue Moon Metals Inc.
BMN,BlackRock 2037 Municipal Target Term Trust Common Shares of Beneficial Interest
BMNG,Leverage Shares 2X Long BMNR Daily ETF
BMNP,"BitMine Immersion Technologies, Inc. 9.5% Series A Perpetual Preferred Stock"
BMNR,"BitMine Immersion Technologies, Inc."
BMNU,T-REX 2X Long BMNR Daily Target ETF
BMNZ,Defiance Daily Target 2X Short BMNR ETF
BMO,Bank Of Montreal
BMOP,BNY Mellon Municipal Opportunities ETF
BMR,Beamr Imaging Ltd. - Ordinary Share
BMRA,"Biomerica, Inc."
BMRC,Bank of Marin Bancorp
BMRN,BioMarin Pharmaceutical Inc.
BMSI,BNY Mellon Muti-Sector Income ETF
BMVP,Invesco Bloomberg MVP Multi-factor ETF
BMY,Bristol-Myers Squibb Company
BN,Brookfield Corporation Class A Limited Voting Shares
BNAI,Brand Engagement Network Inc.
BNAIW,Brand Engagement Network Inc. - Warrant
BNAV,Amplify Fairlead Tactical Bitcoin ETF
BNC,CEA Industries Inc.
BNCWW,CEA Industries Inc. - Warrant
BNCWZ,CEA Industries Inc. - Warrants
BND,Vanguard Total Bond Market ETF
BNDC,FlexShares Core Select Bond Fund
BNDD,Quadratic Deflation ETF
BNDI,NEOS Enhanced Income Aggregate Bond ETF
BNDP,Vanguard Core-Plus Bond Index ETF
BNDS,Infrastructure Capital Bond Income ETF
BNDW,Vanguard Total World Bond ETF
BNDX,Vanguard Total International Bond ETF
BNDY,Horizon Core Bond ETF
BNED,"Barnes & Noble Education, Inc"
BNGE,First Trust S-Network Streaming and Gaming ETF
BNGO,"Bionano Genomics, Inc."
BNH,"Brookfield Finance Inc. 4.625% Subordinated Notes due October 16, 2080"
BNJ,Brookfield Finance Inc. 4.50% Perpetual Subordinated Notes
BNKD,"MicroSectors U.S. Big Banks -3 Inverse Leveraged ETNs due February 17, 2045"
BNKK,"Bonk, Inc."
BNKU,"MicroSectors U.S. Big Banks 3 Leveraged ETNs due February 17, 2045"
BNL,"Broadstone Net Lease, Inc."
BNMC,Corgi BMNR 2x Daily ETF
BNO,"United States Brent Oil Fund, LP ETV"
BNOV,Innovator U.S. Equity Buffer ETF - November
BNR,Burning Rock Biotech Limited
BNRG,Brenmiller Energy Ltd
BNS,Bank Nova Scotia Halifax Pfd 3
BNT,Brookfield Wealth Solutions Ltd. Class A Exchangeable Limited Voting Shares
BNTC,Benitec Biopharma Inc.
BNTX,BioNTech SE
BNY,The Bank of New York Mellon Corporation
BNZI,"Banzai International, Inc."
BNZIW,"Banzai International, Inc. - Warrant"
BOAT,SonicShares Global Shipping ETF
BOBP,CORE16 Best of Breed Premier Index ETF
BOBS,"Bob's Discount Furniture, Inc."
BOC,Boston Omaha Corporation
BOCT,Innovator U.S. Equity Buffer ETF - October
BODI,"The Beachbody Company, Inc."
BOE,Blackrock Enhanced Global Dividend Trust Common Shares of Beneficial Interest
BOEG,Leverage Shares 2X Long BA Daily ETF
BOEU,Direxion Daily BA Bull 2X ETF
BOF,BranchOut Food Inc.
BOH,Bank of Hawaii Corporation
BOIL,ProShares Ultra Bloomberg Natural Gas
BOKF,BOK Financial Corporation
BOLD,"Boundless Bio, Inc."
BOLT,"Bolt Biotherapeutics, Inc."
BON,Bon Natural Life Limited - Class A
BOND,PIMCO Active Bond Exchange-Traded Fund Exchange-Traded Fund
BOOM,DMC Global Inc.
BOOT,"Boot Barn Holdings, Inc."
BORR,Borr Drilling Limited
BOSC,B.O.S. Better Online Solutions
BOT,"RoboStrategy, Inc."
BOTJ,"Bank of the James Financial Group, Inc."
BOTT,Themes Humanoid Robotics ETF
BOTZ,Global X Robotics & Artificial Intelligence ETF
BOUT,CapForce IBD Breakout Opportunities ETF
BOW,Bowhead Specialty Holdings Inc.
BOX,"Box, Inc."
BOXA,Alpha Architect Aggregate Bond ETF
BOXL,Boxlight Corporation
BOXX,Alpha Architect 1-3 Month Box ETF
BP,BP p.l.c.
BPAC,Blueport Acquisition Ltd - Class A
BPACR,Blueport Acquisition Ltd - Rights
BPACU,Blueport Acquisition Ltd - Units
BPAY,iShares FinTech Active ETF
BPH,BP plc ADRhedged
BPI,Grayscale Bitcoin Premium Income ETF
BPOP,"Popular, Inc."
BPOPM,"Popular, Inc. - Popular Capital Trust II - 6.125% Cumulative Monthly Income Trust Preferred Securities"
BPRE,Bluerock Private Real Estate Fund Common Shares of Beneficial Interest
BPRN,"Princeton Bancorp, Inc."
BPRO,Bitwise Proficio Currency Debasement ETF
BPYPM,"Brookfield Property Partners L.P. - 6.25% Class A Cumulative Redeemable Preferred Units, Series 1"
BPYPN,"Brookfield Property Partners L.P. - 5.750% Class A Cumulative Redeemable Perpetual Preferred Units, Series 3"
BPYPO,"Brookfield Property Partners L.P. - 6.375% Class A Cumulative Redeemable Perpetual Preferred Units, Series 2"
BPYPP,Brookfield Property Partners L.P. - 6.50% Class A Cumulative Redeemable Perpetual Preferred Units
BQ,Boqii Holding Limited Class A
BR,"Broadridge Financial Solutions, Inc."
BRAG,Bragg Gaming Group Inc.
BRAI,Braiin Limited
BRAZ,Global X Brazil Active ETF
BRBI,BRBI BR Partners S.A. - ADSs
BRBR,"BellRing Brands, Inc."
BRBS,"Blue Ridge Bankshares, Inc."
BRC,Brady Corporation
BRCB,"Black Rock Coffee Bar, Inc."
BRCC,BRC Inc.
BRCE,MFS Blended Research Core Equity ETF
BREE,MFS Blended Research Emerging Markets Equity ETF
BREM,iShares Emerging Markets Bond Active ETF
BRES,Burney U.S. Equity Select ETF
BREW,Corgi Coffee & Energy Drinks ETF
BREZ,Breeze Acquisition Corp. II
BREZR,Breeze Acquisition Corp. II - Rights
BRF,VanEck Brazil Small-Cap ETF
BRFH,Barfresh Food Group Inc.
BRHY,iShares High Yield Active ETF
BRIA,BrilliA Inc Class A
BRIB,FIS Bright Portfolios Core Bond ETF
BRID,Bridgford Foods Corporation
BRIE,MFS Blended Research International Equity ETF
BRIF,FIS Bright Portfolios Focused Equity ETF
BRKC,YieldMax BRK.B Option Income Strategy ETF
BRKH,Burtech Acquisition Corp II - Class A
BRKHU,Burtech Acquisition Corp II - Units
BRKHW,Burtech Acquisition Corp II - Warrants
BRKL,Corgi BRKB 2x Daily ETF
BRKR,Bruker Corporation
BRKRP,"Bruker Corporation - 6.375% Mandatory Convertible Preferred Stock, Series A"
BRKU,Direxion Daily BRKB Bull 2X ETF
BRKW,Roundhill BRKB WeeklyPay ETF
BRLN,iShares Floating Rate Loan Active ETF
BRLS,Borealis Foods Inc. - Class A
BRLSW,Borealis Foods Inc. - Warrant
BRLT,"Brilliant Earth Group, Inc."
BRN,"Barnwell Industries, Inc."
BRNS,Barinthus Biotherapeutics plc
BRNY,Burney U.S. Factor Rotation ETF
BRO,"Brown & Brown, Inc."
BROL,Baron Risk Optimized Large Cap ETF
BROS,Dutch Bros Inc.
BRR,"ProCap Financial, Inc."
BRRR,Coinshares Bitcoin ETF
BRRWW,"ProCap Financial, Inc. - Warrant."
BRSL,"Brightstar Lottery PLC Trading under the Legal Name to begin at the market open on July 21, 2025."
BRSM,MFS Blended Research Small-Mid Cap ETF
BRSP,"BrightSpire Capital, Inc."
BRSV,EA Bridgeway Select Small-Cap Value ETF
BRT,BRT Apartments Corp. (MD)
BRTMU,B&R Technology Merger Corp. - Units
BRTR,iShares Total Return Active ETF
BRTX,"BioRestorative Therapies, Inc."
BRUN,Boost Run Inc.
BRUNW,Boost Run Inc. - Warrant
BRW,Saba Capital Income & Opportunities Fund SBI
BRX,Brixmor Property Group Inc.
BRZE,"Braze, Inc."
BRZU,Direxion Daily Brazil Bull 2X ETF
BRZX,Corgi Brazil 2x Daily ETF
BSAA,BEST SPAC I Acquisition Corp. - Class A
BSAAR,BEST SPAC I Acquisition Corp. - Rights
BSAAU,BEST SPAC I Acquisition Corp. - Unit
BSAC,Banco Santander - Chile ADS
BSBK,Bogota Financial Corp.
BSBR,"Banco Santander Brasil SA American Depositary Shares, each representing one unit"
BSCA,Invesco BulletShares 2036 Corporate Bond ETF
BSCQ,Invesco BulletShares 2026 Corporate Bond ETF
BSCR,Invesco BulletShares 2027 Corporate Bond ETF
BSCS,Invesco BulletShares 2028 Corporate Bond ETF
BSCT,Invesco BulletShares 2029 Corporate Bond ETF
BSCU,Invesco BulletShares 2030 Corporate Bond ETF
BSCV,Invesco BulletShares 2031 Corporate Bond ETF
BSCW,Invesco BulletShares 2032 Corporate Bond ETF
BSCX,Invesco BulletShares 2033 Corporate Bond ETF
BSCY,Invesco BulletShares 2034 Corporate Bond ETF
BSCZ,Invesco BulletShares 2035 Corporate Bond ETF
BSEP,Innovator U.S. Equity Buffer ETF - September
BSET,"Bassett Furniture Industries, Incorporated"
BSGR,Invesco BulletShares 2027 Treasury Bond ETF
BSGT,Invesco BulletShares 2029 Treasury Bond ETF
BSIN,Big Sky Industrial Inc.
BSJQ,Invesco BulletShares 2026 High Yield Corporate Bond ETF
BSJR,Invesco BulletShares 2027 High Yield Corporate Bond ETF
BSJS,Invesco BulletShares 2028 High Yield Corporate Bond ETF
BSJT,Invesco BulletShares 2029 High Yield Corporate Bond ETF
BSJU,Invesco BulletShares 2030 High Yield Corporate Bond ETF
BSJV,Invesco BulletShares 2031 High Yield Corporate Bond ETF
BSJW,Invesco BulletShares 2032 High Yield Corporate Bond ETF
BSJX,Invesco BulletShares 2033 High Yield Corporate Bond ETF
BSJY,Invesco BulletShares 2034 High Yield Corporate Bond ETF
BSL,Blackstone Senior Floating Rate 2027 Term Fund Common Shares of Beneficial Interest
BSM,"Black Stone Minerals, L.P. Common units representing limited partner interests"
BSMC,Brandes U.S. Small-Mid Cap Value ETF
BSMQ,Invesco BulletShares 2026 Municipal Bond ETF
BSMR,Invesco BulletShares 2027 Municipal Bond ETF
BSMS,Invesco BulletShares 2028 Municipal Bond ETF
BSMT,Invesco BulletShares 2029 Municipal Bond ETF
BSMU,Invesco BulletShares 2030 Municipal Bond ETF
BSMV,Invesco BulletShares 2031 Municipal Bond ETF
BSMW,Invesco BulletShares 2032 Municipal Bond ETF
BSMY,Invesco BulletShares 2034 Municipal Bond ETF
BSMZ,Invesco BulletShares 2035 Municipal Bond ETF
BSOL,Bitwise Solana Staking ETF
BSP,Bending Spoons S.p.A.
BSR,Beacon Unified Catalyst ETF
BSRR,Sierra Bancorp
BSSX,Invesco BulletShares 2033 Municipal Bond ETF
BST,BlackRock Science and Technology Trust Common Shares of Beneficial Interest
BSTP,Innovator Buffer Step-Up Strategy ETF
BSTS,Invesco BulletShares 2028 Treasury Bond ETF
BSTU,Invesco BulletShares 2030 Treasury Bond ETF
BSTV,Invesco BulletShares 2031 Treasury Bond ETF
BSTZ,BlackRock Science and Technology Term Trust Common Shares of Beneficial Interest
BSV,Vanguard Short-Term Bond ETF
BSVN,Bank7 Corp. - Common stock
BSVO,EA Bridgeway Omni Small-Cap Value ETF
BSX,Boston Scientific Corporation
BSY,"Bentley Systems, Incorporated"
BTAI,"BioXcel Therapeutics, Inc."
BTAL,AGF U.S. Market Neutral Anti-Beta Fund
BTBD,"BT Brands, Inc."
BTBDW,"BT Brands, Inc. - Warrant"
BTBT,"Bit Digital, Inc. - Ordinary Share"
BTC,Grayscale Bitcoin Mini Trust (BTC)
BTCC,Grayscale Bitcoin Covered Call ETF
BTCI,NEOS Bitcoin High Income ETF
BTCK,7RCC Spot Bitcoin and Carbon Credit Futures ETF
BTCL,T-Rex 2X Long Bitcoin Daily Target ETF
BTCO,Invesco Galaxy Bitcoin ETF
BTCS,BTCS Inc.
BTCT,BTC Digital Ltd.
BTCU,Direxion Daily Bitcoin Bull 2X ETF
BTCW,WisdomTree Bitcoin Fund
BTCZ,T-Rex 2X Inverse Bitcoin Daily Target ETF
BTDL,GraniteShares 2x Long BTDR Daily ETF
BTDR,Bitdeer Technologies Group
BTE,Baytex Energy Corp
BTF,CoinShares Bitcoin and Ether ETF
BTG,B2Gold Corp Common shares (Canada)
BTGD,STKd 100% Bitcoin & 100% Gold ETF
BTGO,"BitGo Holdings, Inc."
BTI,"British American Tobacco  Industries, p.l.c. Common Stock ADR"
BTMD,Biote Corp. - Class A common stock
BTO,John Hancock Financial Opportunities Fund
BTOC,Armlogi Holding Corp. - common stock
BTOG,Bit Origin Limited - Class A
BTOT,iShares Total USD Fixed Income Market ETF
BTQ,BTQ Technologies Corp.
BTR,Beacon Tactical Risk ETF
BTRN,Global X Bitcoin Trend Strategy ETF
BTSG,"BrightSpring Health Services, Inc."
BTSGU,"BrightSpring Health Services, Inc. - Tangible Equity Unit"
BTT,BlackRock Municipal 2030 Target Term Trust
BTTC,Black Titan Corp
BTU,Peabody Energy Corporation
BTX,BlackRock Technology and Private Equity Term Trust Common Shares of Beneficial Interest
BTZ,BlackRock Credit Allocation Income Trust
BUCK,Simplify Treasury Option Income ETF
BUD,Anheuser-Busch Inbev SA Sponsored ADR (Belgium)
BUDA,"Buda Juice, Inc."
BUFB,Innovator Laddered Allocation Buffer ETF
BUFC,AB Conservative Buffer ETF
BUFD,FT Vest Laddered Deep Buffer ETF
BUFE,FT Vest Laddered Emerging Markets Buffer ETF
BUFF,Innovator Laddered Allocation Power Buffer ETF
BUFG,FT Vest Buffered Allocation Growth ETF
BUFH,FT Vest Laddered Max Buffer ETF
BUFI,AB International Buffer ETF
BUFM,AB Moderate Buffer ETF
BUFP,PGIM Laddered S&P 500 Buffer 12 ETF
BUFQ,FT Vest Laddered Nasdaq Buffer ETF
BUFR,FT Vest Laddered Buffer ETF
BUFS,FT Vest Laddered Small Cap Moderate Buffer ETF
BUFT,FT Vest Buffered Allocation Defensive ETF
BUFX,FT Vest Laddered Enhance & Moderate Buffer ETF
BUFY,FT Vest Laddered International Moderate Buffer ETF
BUFZ,FT Vest Laddered Moderate Buffer ETF
BUG,Global X Cybersecurity ETF
BUI,"BlackRock Utility, Infrastructure & Power Opportunities Trust"
BUL,Pacer US Cash Cows Growth ETF
BULD,Pacer BlueStar Engineering the Future ETF
BULG,Leverage Shares 2X Long BULL Daily ETF
BULL,Webull Corporation - Class A
BULLW,Webull Corporation - Warrants
BULZ,MicroSectors FANG & Innovation 3x Leveraged ETN
BUR,Burford Capital Limited
BURL,"Burlington Stores, Inc."
BUSA,Brandes U.S. Value ETF
BUSE,First Busey Corporation
BUSEP,"First Busey Corporation - Depositary Shares, Each Representing a 1/40th Interest in a Share of 8.25% Fixed-Rate Series B Non-Cumulative Perpetual Preferred Stock, $0.001 par value"
BUSM,EA Bridgeway Ultra-Small Company Market ETF
BUUU,BUUU Group Limited - Class A Ordinary Share
BUXX,Strive Enhanced Income Short Maturity ETF
BUYB,ProShares S&P 500 Buyback Aristocrats ETF
BUYO,KraneShares Man Buyout Beta Index ETF
BUYW,Main BuyWrite ETF
BUYZ,Franklin Disruptive Commerce ETF
BUZZ,VanEck Social Sentiment ETF
BV,"BrightView Holdings, Inc."
BVAL,Bluemonte Large Cap Value ETF
BVC,BitVentures Limited - Ordinary Share
BVFL,"BV Financial, Inc."
BVN,Buenaventura Mining Company Inc.
BVS,Bioventus Inc.
BW,"Babcock & Wilcox Enterprises, Inc."
BWA,BorgWarner Inc.
BWAY,BrainsWay Ltd.
BWB,"Bridgewater Bancshares, Inc."
BWBBP,"Bridgewater Bancshares, Inc. - Depositary Shares, Each Representing a 1/100th Interest in a Share of 5.875% Non-Cumulative Perpetual Preferred Stock, Series A"
BWEN,"Broadwind, Inc."
BWET,Breakwave Tanker Shipping ETF
BWFG,"Bankwell Financial Group, Inc."
BWG,BrandywineGLOBAL Global Income Opportunities Fund Inc.
BWIN,"The Baldwin Insurance Group, Inc."
BWIV,Blue Water Acquisition Corp. IV Class A
BWLP,BW LPG Limited
BWMN,Bowman Consulting Group Ltd.
BWMX,"Betterware de Mexico, S.A.P.I. de C.V."
BWNB,"Babcock & Wilcox Enterprises, Inc. 6.50% Senior Notes due 2026"
BWOW,Bitwise Dogecoin ETF
BWQG,BWM Quality Growth ETF
BWTG,Brendan Wood TopGun Index ETF
BWX,State Street SPDR Bloomberg International Treasury Bond ETF
BWXT,"BWX Technologies, Inc."
BWZ,State Street SPDR Bloomberg Short Term International Treasury Bond ETF
BX,Blackstone Inc.
BXBL,"BOXABL, Inc.  - Common stock"
BXC,Bluelinx Holdings Inc.
BXDC,Blackstone Digital Infrastructure Trust Inc.
BXMT,"Blackstone Mortgage Trust, Inc."
BXP,"BXP, Inc."
BXSL,Blackstone Secured Lending Fund Common Shares of Beneficial Interest
BY,"Byline Bancorp, Inc."
BYAH,"Park Ha Biological Technology Co., Ltd. - Class A"
BYD,Boyd Gaming Corporation
BYFC,Broadway Financial Corporation
BYLD,iShares Yield Optimized Bond ETF
BYND,"Beyond Meat, Inc. - Common stock"
BYRE,Principal Real Estate Active Opportunities ETF
BYRN,"Byrna Technologies, Inc."
BYSI,"BeyondSpring, Inc."
BZ,KANZHUN LIMITED - American Depository Shares
BZAI,"Blaize Holdings, Inc."
BZAIW,"Blaize Holdings, Inc. - Warrant"
BZFD,"BuzzFeed, Inc."
BZFDW,"BuzzFeed, Inc. - Warrant"
BZH,"Beazer Homes USA, Inc."
BZQ,ProShares UltraShort MSCI Brazil Capped
BZUN,Baozun Inc.
BZZ,Corgi Drones & Urban Air Mobility ETF
C,"Citigroup, Inc."
CAAA,First Trust AAA CMBS ETF
CAAP,Corporacion America Airports SA
CAAS,"China Automotive Systems, Inc. - Ordinary Share"
CABA,"Cabaletta Bio, Inc."
CABO,"Cable One, Inc."
CABR,"Caring Brands, Inc."
CABZ,"Roundhill Robotaxi, Autonomous Vehicles & Technology ETF"
CAC,Camden National Corporation
CACC,Credit Acceptance Corporation
CACI,"CACI International, Inc."
CADL,"Candel Therapeutics, Inc."
CAE,CAE Inc
CAES,"Cantor Equity Partners VII, Inc. - Class A"
CAF,Morgan Stanley China A Share Fund Inc.
CAFG,Pacer US Small Cap Cash Cows Growth Leaders ETF
CAFX,Congress Intermediate Bond ETF
CAG,"ConAgra Brands, Inc."
CAGE,Calamos Autocallable Growth ETF
CAH,"Cardinal Health, Inc."
CAI,"Caris Life Sciences, Inc."
CAIE,Calamos Autocallable Income ETF
CAII,Collective Acquisition Corp. II - Class A
CAIIU,Collective Acquisition Corp. II - Units
CAIIW,Collective Acquisition Corp. II - Warrants
CAIQ,Calamos Nasdaq Autocallable Income ETF
CAKE,The Cheesecake Factory Incorporated
CAL,"Caleres, Inc."
CALC,"CalciMedica, Inc."
CALF,Pacer US Small Cap Cash Cows ETF
CALI,iShares Short-Term California Muni Active ETF
CALM,"Cal-Maine Foods, Inc."
CALX,"Calix, Inc"
CALY,Callaway Golf Company
CAM,AB California Intermediate Municipal ETF
CAMC,Corgi CAMT 2x Daily ETF
CAML,Congress Large Cap Growth ETF
CAMP,CAMP4 Therapeutics Corporation
CAMT,Camtek Ltd.
CAMX,Cambiar Aggressive Value ETF
CAN,Canaan Inc.
CANC,Tema Oncology ETF
CANE,Teucrium Sugar Fund ETV
CANF,"Can-Fite Biopharma Ltd American Depositary Shares, each representing two (2)"
CANG,Cango Inc. Class A
CANQ,Calamos Nasdaq Equity & Income ETF
CAOS,Alpha Architect Tail Risk ETF
CAPE,DoubleLine Shiller CAPE U.S. Equities ETF
CAPL,CrossAmerica Partners LP Common Units representing limited partner interests
CAPN,Cayson Acquisition Corp
CAPNR,Cayson Acquisition Corp - Right
CAPNU,Cayson Acquisition Corp - Units
CAPR,"Capricor Therapeutics, Inc."
CAPS,Capstone Holding Corp.
CAQ,Cambridge Acquisition Corp. - Class A
CAQUU,Cambridge Acquisition Corp. - Unit
CAQUW,Cambridge Acquisition Corp. - Warrants
CAR,"Avis Budget Group, Inc."
CARD,MAX Auto Industry -3x Inverse Leveraged ETN
CARE,"Carter Bankshares, Inc."
CARG,"CarGurus, Inc."
CARK,CastleArk Large Growth ETF
CARL,"Carlsmed, Inc."
CARR,Carrier Global Corporation
CARS,Cars.com Inc.
CART,Maplebear Inc.
CARU,MAX Auto Industry 3x Leveraged ETN
CARX,Corgi CART 2x Daily ETF
CARY,Angel Oak Income ETF
CARZ,First Trust S-Network Future Vehicles & Technology ETF
CAS,Simplify China A Shares PLUS Income ETF
CASH,"Pathward Financial, Inc."
CASS,"Cass Information Systems, Inc"
CAST,"FreeCast, Inc. - Class A common stock"
CASY,"Caseys General Stores, Inc."
CAT,"Caterpillar, Inc."
CATF,American Century California Municipal Bond ETF
CATG,Leverage Shares 2X Long CAT Daily ETF
CATH,Global X S&P 500 Catholic Values ETF
CATLU,Catalyst Acquisition Corp. - Units
CATO,Cato Corporation (The)
CATX,"Perspective Therapeutics, Inc."
CATY,Cathay General Bancorp
CAVA,"CAVA Group, Inc."
CB,Chubb Limited
CBAN,"Colony Bankcorp, Inc."
CBAT,CBAK Energy Technology Limited
CBC,"Central Bancompany, Inc."
CBFV,"CB Financial Services, Inc."
CBIL,Corgi 3-12 Month T-Bill ETF
CBIO,"Crescent Biopharma, Inc."
CBK,"Commercial Bancgroup, Inc."
CBL,"CBL & Associates Properties, Inc."
CBLL,"CeriBell, Inc."
CBLS,Clough Hedged Equity ETF
CBNA,"Chain Bridge Bancorp, Inc."
CBNK,"Capital Bancorp, Inc."
CBOA,Calamos Bitcoin Structured Alt Protection ETF - April
CBOE,"Cboe Global Markets, Inc."
CBOJ,Calamos Bitcoin Structured Alt Protection ETF - January
CBOL,Calamos Laddered Bitcoin Structured Alt Protection ETF
CBON,VanEck China Bond ETF
CBOO,Calamos Bitcoin Structured Alt Protection ETF - October
CBOT,Corgi Robots & Humanoids ETF
CBOX,Calamos Tax-Aware Collateral ETF
CBOY,Calamos Bitcoin Structured Alt Protection ETF - July
CBRE,CBRE Group Inc Common Stock
CBRG,Leverage Shares 2X Long CBRS Daily ETF
CBRL,"Cracker Barrel Old Country Store, Inc."
CBRS,Cerebras Systems Inc.
CBRX,Tradr 2X Long CBRS Daily ETF
CBRZ,Tradr 2X Short CBRS Daily ETF
CBSE,Clough Select Equity ETF
CBSH,"Commerce Bancshares, Inc."
CBT,Cabot Corporation
CBTA,Calamos Bitcoin 80 Series Structured Alt Protection ETF - April
CBTJ,Calamos Bitcoin 80 Series Structured Alt Protection ETF - January
CBTL,Calamos Laddered Bitcoin 80 Series Structured Alt Protection ETF
CBTO,Calamos Bitcoin 80 Series Structured Alt Protection ETF - October
CBTY,Calamos Bitcoin 80 Series Structured Alt Protection ETF - July
CBU,"Community Financial System, Inc."
CBUS,"Cibus, Inc."
CBXA,Calamos Bitcoin 90 Series Structured Alt Protection ETF - April
CBXJ,Calamos Bitcoin 90 Series Structured Alt Protection ETF - January
CBXL,Calamos Laddered Bitcoin 90 Series Structured Alt Protection ETF
CBXO,Calamos Bitcoin 90 Series Structured Alt Protection ETF - October
CBXY,Calamos Bitcoin 90 Series Structured Alt Protection ETF - July
CBZ,"CBIZ, Inc."
CC,Chemours Company (The)
CCAP,"Crescent Capital BDC, Inc."
CCAQ,Collective Acquisition Corp. - Class A ordinary shares
CCAQU,Collective Acquisition Corp. - Units
CCAQW,Collective Acquisition Corp. - Warrants
CCB,Coastal Financial Corporation
CCBG,Capital City Bank Group
CCC,CCC Intelligent Solutions Holdings Inc.
CCCC,"C4 Therapeutics, Inc."
CCCT,Columbus Circle Capital Corp III - Class A
CCCTU,Columbus Circle Capital Corp III - Units
CCCTW,Columbus Circle Capital Corp III - Warrants
CCD,Calamos Dynamic Convertible & Income Fund - Closed End Fund
CCEC,Capital Clean Energy Carriers Corp. - Common Share
CCEF,Calamos CEF Income & Arbitrage ETF
CCEL,"Cryo-Cell International, Inc."
CCEP,Coca-Cola Europacific Partners plc
CCFE,Concourse Capital Focused Equity ETF
CCG,Cheche Group Inc. - Class A
CCGWW,Cheche Group Inc. - Warrant
CCHH,CCH Holdings Ltd - Class A
CCI,Crown Castle Inc.
CCID,Carlyle Credit Income Fund 7.375% Series D Term Preferred Shares due 2028
CCIF,Carlyle Credit Income Fund Shares of Beneficial Interest
CCII,Cohen Circle Acquisition Corp. II - Class A
CCIIU,Cohen Circle Acquisition Corp. II - Unit
CCIIW,Cohen Circle Acquisition Corp. II - Warrant
CCJ,Cameco Corporation
CCK,"Crown Holdings, Inc."
CCL,Carnival Corporation Ltd.
CCLD,"CareCloud, Inc."
CCM,Concord Medical Services Holdings Limited American Depositary Shares (Each represents thirty (30) Class A ordinary shares)
CCNE,CNB Financial Corporation
CCNEP,"CNB Financial Corporation - Depositary shares, each representing a 1/40th ownership interest in a share of 7.125% Series A Fixed- Rate Non-Cumulative Perpetual Preferred Stock"
CCNR,ALPS/CoreCommodity Natural Resources ETF
CCO,"Clear Channel Outdoor Holdings, Inc."
CCOI,"Cogent Communications Holdings, Inc."
CCOM,Simplify Chinese Commodities Strategy No K-1 ETF
CCOR,Core Alternative ETF
CCPX,Corgi China 2x Daily ETF
CCRP,Columbia Corporate Bond ETF
CCS,"Century Communities, Inc."
CCSB,Carbon Collective Short Duration Green Bond ETF
CCSI,"Consensus Cloud Solutions, Inc."
CCSO,Carbon Collective Climate Solutions U.S. Equity ETF
CCTG,CCSC Technology International Holdings Limited - Class A
CCU,"Compania Cervecerias Unidas, S.A."
CCUP,T-REX 2X Long CRCL Daily Target ETF
CCXI,Churchill Capital Corp XI - Class A
CCXIU,Churchill Capital Corp XI - Units
CCXIW,Churchill Capital Corp XI - Warrants
CCZ,Comcast Holdings ZONES
CD,Chaince Digital Holdings Inc. - American
CDC,VictoryShares US EQ Income Enhanced Volatility Wtd ETF
CDE,"Coeur Mining, Inc."
CDEI,"Calvert US Large-Cap Diversity, Equity and Inclusion Index ETF"
CDIG,City Different Investments Global Equity ETF
CDIO,Cardio Diagnostics Holdings Inc. - Common stock
CDIOW,Cardio Diagnostics Holdings Inc. - Warrant
CDL,VictoryShares US Large Cap High Div Volatility Wtd ETF
CDLR,Cadeler A/S American Depositary Share (each representing four (4) Ordinary Shares)
CDLX,"Cardlytics, Inc."
CDNA,"CareDx, Inc."
CDNG,Leverage Shares 2X Long CDNS Daily ETF
CDNL,Cardinal Infrastructure Group Inc.
CDNS,"Cadence Design Systems, Inc."
CDP,COPT Defense Properties Common Shares of Beneficial Interest
CDPI,Columbia High Dividend Premium Income ETF
CDRE,"Cadre Holdings, Inc."
CDRO,"Codere Online Luxembourg, S.A."
CDROW,"Codere Online Luxembourg, S.A. - Warrants"
CDT,CDT Equity Inc.
CDTG,CDT Environmental Technology Investment Holdings Limited - ordinary shares
CDTTW,CDT Equity Inc. - Warrant
CDW,CDW Corporation
CDX,Simplify High Yield ETF
CDXS,"Codexis, Inc."
CDZI,"Cadiz, Inc."
CDZIP,"Cadiz, Inc. - Depositary Shares"
CE,Celanese Corporation
CECO,CECO Environmental Corp.
CEE,"The Central and Eastern Europe Fund, Inc. (The)"
CEF,Sprott Physical Gold and Silver Trust Units
CEFA,Global X S&P Catholic Values Developed ex-U.S. ETF
CEFD,ETRACS Monthly Pay 1.5X Leveraged Closed-End Fund Index ETN
CEFS,Saba Closed-End Funds ETF
CEFZ,RiverNorth Active Income ETF
CEG,Constellation Energy Corporation - Common Stock When-Issued
CEGX,Tradr 2X Long CEG Daily ETF
CELC,Celcuity Inc.
CELH,"Celsius Holdings, Inc."
CELU,Celularity Inc.
CELZ,"Creative Medical Technology Holdings, Inc."
CEMB,iShares J.P. Morgan EM Corporate Bond ETF
CENN,Cenntro Inc.
CENT,Central Garden & Pet Company
CENTA,Central Garden & Pet Company - Class A Common Stock Nonvoting
CENX,Century Aluminum Company
CEPF,"Cantor Equity Partners IV, Inc. - Class A"
CEPI,REX Crypto Equity Premium Income ETF
CEPL,"Capstone Energy Plus, Inc."
CEPO,"Cantor Equity Partners I, Inc. - Class A"
CEPS,"Cantor Equity Partners VI, Inc. - Class A"
CEPU,Central Puerto S.A. American Depositary Shares (each represents ten Common Shares)
CEPV,"Cantor Equity Partners V, Inc. - Class A"
CERS,Cerus Corporation
CERT,"Certara, Inc."
CERY,State Street SPDR Bloomberg Enhanced Roll Yield Commodity Strategy No K-1 ETF
CET,Central Securities Corporation
CETX,Cemtrex Inc.
CETY,"Clean Energy Technologies, Inc."
CEV,Eaton Vance California Municipal Income Trust Shares of Beneficial Interest
CEVA,"CEVA, Inc."
CEW,WisdomTree Emerging Currency Strategy Fund
CF,"CF Industries Holdings, Inc."
CFA,VictoryShares US 500 Volatility Wtd ETF
CFBK,CF Bankshares Inc.
CFFI,C&F Financial Corporation
CFFN,"Capitol Federal Financial, Inc."
CFG,"Citizens Financial Group, Inc."
CFIT,Cambria Fixed Income Trend ETF
CFND,C1 Fund Inc.
CFO,VictoryShares US 500 Enhanced Volatility Wtd ETF
CFR,"Cullen/Frost Bankers, Inc."
CG,The Carlyle Group Inc.
CGABL,The Carlyle Group Inc. - 4.625% Subordinated Notes due 2061
CGAU,Centerra Gold Inc.
CGBD,"Carlyle Secured Lending, Inc. - Closed End Fund"
CGBL,Capital Group Core Balanced ETF
CGC,Canopy Growth Corporation
CGCB,Capital Group Core Bond ETF
CGCFU,Cartesian Growth Corporation IV - Units
CGCP,Capital Group Core Plus Income ETF
CGCV,Capital Group Conservative Equity ETF
CGDG,Capital Group Dividend Growers ETF
CGDV,Capital Group Dividend Value ETF
CGEM,"Cullinan Therapeutics, Inc."
CGEN,Compugen Ltd.
CGGE,Capital Group Global Equity ETF
CGGG,Capital Group U.S. Large Growth ETF
CGGO,Capital Group Global Growth Equity ETF
CGGR,Capital Group Growth ETF
CGHM,Capital Group Municipal High-Income ETF
CGHY,Capital Group High Yield Bond ETF
CGIB,Capital Group International Bond ETF (USD-Hedged)
CGIC,Capital Group International Core Equity ETF
CGIE,Capital Group International Equity ETF
CGMM,Capital Group U.S. Small and Mid Cap ETF
CGMS,Capital Group U.S. Multi-Sector Income ETF
CGMU,Capital Group Municipal Income ETF
CGNG,Capital Group New Geography Equity ETF
CGNT,Cognyte Software Ltd.
CGNX,Cognex Corporation
CGO,Calamos Global Total Return Fund - Closed End Fund
CGON,"CG Oncology, Inc. - Common stock"
CGOV,Corgi 0-3 Month T-Bill ETF
CGRO,CoreValues Alpha Greater China Growth ETF
CGSD,Capital Group Short Duration Income ETF
CGSM,Capital Group Short Duration Municipal Income ETF
CGTL,Creative Global Technology Holdings Limited - Class A
CGTX,"Cognition Therapeutics, Inc."
CGUI,Capital Group Ultra Short Income ETF
CGUS,Capital Group Core Equity ETF
CGV,Conductor Global Equity Value ETF
CGVV,Capital Group U.S. Large Value ETF
CGW,Invesco S&P Global Water Index ETF
CGXU,Capital Group International Focus Equity ETF
CHA,"Chagee Holdings Limited - American Depositary Shares, each representing 1 Class A ordinary share"
CHAI,"Core AI Holdings, Inc."
CHAR,Charlton Aria Acquisition Corporation - Class A
CHARR,Charlton Aria Acquisition Corporation - Rights
CHARU,Charlton Aria Acquisition Corporation - Units
CHAT,Roundhill Generative AI & Technology ETF
CHAU,Direxion Daily CSI 300 China A Share Bull 2X ETF
CHCI,"Comstock Holding Companies, Inc."
CHCO,City Holding Company
CHCT,Community Healthcare Trust Incorporated
CHD,"Church & Dwight Company, Inc."
CHDN,"Churchill Downs, Incorporated"
CHE,Chemed Corp
CHEC,Chenghe Acquisition III Co. - Class A
CHECU,Chenghe Acquisition III Co. - Units
CHECW,Chenghe Acquisition III Co. - Warrants
CHEF,"The Chefs' Warehouse, Inc."
CHGA,Change Agents Corporation
CHGG,"Chegg, Inc."
CHGX,Stance Sustainable Beta ETF
CHH,"Choice Hotels International, Inc."
CHI,Calamos Convertible Opportunities and Income Fund - Closed End Fund
CHIQ,Global X MSCI China Consumer Discretionary ETF
CHKP,Check Point Software Technologies Ltd.
CHMG,Chemung Financial Corp
CHMI,Cherry Hill Mortgage Investment Corporation
CHNL,Chainlink ETF
CHNR,"China Natural Resources, Inc."
CHNU,2x Chainlink ETF
CHOW,ChowChow Cloud International Holdings Limited
CHPG,ChampionsGate Acquisition Corporation - Class A Ordinary Share
CHPGR,ChampionsGate Acquisition Corporation - Rights
CHPGU,ChampionsGate Acquisition Corporation - Unit
CHPS,Xtrackers Semiconductor Select Equity ETF
CHPT,"ChargePoint Holdings, Inc."
CHPX,Global X AI Semiconductor & Quantum ETF
CHPY,YieldMax Semiconductor Portfolio Option Income ETF
CHR,"Cheer Holding, Inc.  - Class A Ordinary Share"
CHRD,Chord Energy Corporation
CHRI,Global X S&P 500 Christian Values ETF
CHRN,ChronoScale Holdings Corporation
CHRS,"Coherus Oncology, Inc."
CHRW,"C.H. Robinson Worldwide, Inc."
CHSCL,"CHS Inc - Class B Cumulative Redeemable Preferred Stock, Series 4"
CHSCM,"CHS Inc - Class B Reset Rate Cumulative Redeemable Preferred Stock, Series 3"
CHSCN,CHS Inc - Preferred Class B Series 2 Reset Rate
CHSCO,CHS Inc - Class B Cumulative Redeemable Preferred Stock
CHSCP,CHS Inc - 8%  Cumulative Redeemable Preferred Stock
CHSN,Chanson International Holding - Class A
CHT,"Chunghwa Telecom Co., Ltd."
CHTR,"Charter Communications, Inc."
CHW,Calamos Global Dynamic Income Fund - Closed End Fund
CHWY,"Chewy, Inc."
CHY,Calamos Convertible and High Income Fund - Closed End Fund
CHYG,Corgi 0-5 Year High Yield Corporate Bond ETF
CHYM,"Chime Financial, Inc."
CI,The Cigna Group
CIA,"Citizens, Inc. Class A Common Stock ($1.00 Par)"
CIB,Grupo Cibest S.A. American Depositary Shares each representing four Preferred Shares
CIBR,First Trust NASDAQ Cybersecurity ETF
CICB,CION Investment Corporation 7.50% Notes due 2029
CICC,CION Investment Corporation 7.50% Notes due 2031
CIEG,Leverage Shares 2X Long CIEN Daily ETF
CIEI,Corgi 3-7 Year Treasury Bond ETF
CIEN,Ciena Corporation
CIEX,Tradr 2X Long CIEN Daily ETF
CIFC,Corgi CIFR 2x Daily ETF
CIFG,Leverage Shares 2X Long CIFR Daily ETF
CIFR,Cipher Digital Inc.
CIFU,T-REX 2X Long CIFR Daily Target ETF
CIG,Comp En De Mn Cemig ADS
CIGI,Colliers International Group Inc.  - Subordinate Voting Shares
CIGL,Concorde International Group Ltd - Class A
CII,"BlackRock Enhanced Large Cap Core Fund, Inc."
CIIT,"Tianci International, Inc."
CIK,"Credit Suisse Asset Management Income Fund, Inc."
CIM,Chimera Investment Corporation
CIMN,Chimera Investment Corporation 9.000% Senior Notes due 2029
CIMO,Chimera Investment Corporation 9.250% Senior Notes due 2029
CIMP,Chimera Investment Corporation 8.875% Senior Notes due 2030
CINF,Cincinnati Financial Corporation
CING,Cingulate Inc.
CINGW,Cingulate Inc. - Warrants
CINT,CI&T Inc Class A
CION,CION Investment Corporation
CIR,Corgi CRCL 2x Daily ETF
CIRC,"Circle8 Group, Inc."
CISO,"CISO Global, Inc."
CISS,C3is Inc.
CITR,CitroTech Inc.
CIVB,"Civista Bancshares, Inc."
CIVG,Corgi 1-5 Year Investment Grade Corporate Bond ETF
CIX,CompX International Inc.
CJMB,Callan JMB Inc.
CJUL,Corgi U.S. Equities 15% Structured Buffer ETF - July Series
CJUN,Corgi U.S. Equities 15% Structured Buffer ETF - June Series
CKX,"CKX Lands, Inc."
CL,Colgate-Palmolive Company
CLAR,Clarus Corporation
CLB,Core Laboratories Inc.
CLBK,"Columbia Financial, Inc."
CLBR,Colombier Acquisition Corp. III Class A
CLBT,Cellebrite DI Ltd.
CLCG,Crossmark Large Cap Growth ETF
CLCV,Crossmark Large Cap Value ETF
CLDI,"Calidi Biotherapeutics, Inc."
CLDT,Chatham Lodging Trust (REIT) Common Shares of Beneficial Interest
CLDX,"Celldex Therapeutics, Inc."
CLF,Cleveland-Cliffs Inc.
CLFD,"Clearfield, Inc."
CLGN,CollPlant Biotechnologies Ltd.
CLH,"Clean Harbors, Inc."
CLIK,Click Holdings Limited - Ordinary Share
CLIM,Climate Global - Climate Resilient REIT Index ETF
CLIP,Global X 1-3 Month T-Bill ETF
CLIR,ClearSign Technologies Corporation
CLIX,ProShares Long Online/Short Stores ETF
CLLS,Cellectis S.A.
CLM,"Cornerstone Strategic Investment Fund, Inc."
CLMB,"Climb Global Solutions, Inc."
CLMT,"Calumet, Inc"
CLNE,Clean Energy Fuels Corp.
CLNK,Common Shares of Beneficial Interest of Bitwise Chainlink ETF
CLNN,Clene Inc.
CLOA,iShares AAA CLO Active ETF
CLOB,VanEck AA-BB CLO ETF
CLOC,AAM Crescent CLO ETF
CLOD,Themes Cloud Computing ETF
CLOI,VanEck CLO ETF
CLOO,NYLI Investment Grade CLO ETF
CLOU,Global X Cloud Computing ETF
CLOV,"Clover Health Investments, Corp.  - Class A Common stock"
CLOX,Eldridge AAA CLO ETF
CLOZ,Eldridge BBB-B CLO ETF
CLPR,Clipper Realty Inc.
CLPS,CLPS Incorporation
CLPT,ClearPoint Neuro Inc.
CLRB,"Cellectar Biosciences, Inc."
CLRO,"ClearOne, Inc."
CLS,"Celestica, Inc."
CLSE,Convergence Long/Short Equity ETF
CLSK,"CleanSpark, Inc."
CLSKW,"CleanSpark, Inc. - Warrant"
CLSM,ETC Cabana Target Leading Sector Moderate ETF
CLST,"Catalyst Bancorp, Inc. - common stock"
CLSX,Tradr 2X Long CLSK Daily ETF
CLUB,Billionaires Club ETF
CLVT,Clarivate Plc
CLW,Clearwater Paper Corporation
CLWT,Euro Tech Holdings Company Limited
CLX,Clorox Company (The)
CLYM,"Climb Bio, Inc."
CM,Canadian Imperial Bank of Commerce
CMAG,Corgi Mag 7 ETF
CMAY,Corgi U.S. Equities 15% Structured Buffer ETF - May Series
CMBO,Wayfinder Dynamic U.S. Interest Rate ETF
CMBS,iShares CMBS Bond ETF
CMBT,CMB.TECH NV
CMC,Commercial Metals Company
CMCI,VanEck CMCI Commodity Strategy ETF
CMCL,Caledonia Mining Corporation Plc
CMCM,"Cheetah Mobile Inc. American Depositary Shares, each representing fifty (50) Class A"
CMCO,Columbus McKinnon Corporation
CMCSA,Comcast Corporation
CMCT,Creative Media
CMDB,Costamare Bulkers Holdings Limited
CMDT,PIMCO Commodity Strategy Active Exchange-Traded Fund
CMDY,iShares Bloomberg Roll Select Commodity Strategy ETF
CME,CME Group Inc.
CMF,iShares California Muni Bond ETF
CMG,"Chipotle Mexican Grill, Inc."
CMI,Cummins Inc.
CMII,Columbus Circle Capital Corp II - Class A
CMIIU,Columbus Circle Capital Corp II - Unit
CMIIW,Columbus Circle Capital Corp II - Warrant
CMMB,Chemomab Therapeutics Ltd.
CMND,Clearmind Medicine Inc.
CMP,Compass Minerals Intl Inc
CMPR,Cimpress plc
CMPS,COMPASS Pathways Plc - American Depository Shares
CMPX,"Compass Therapeutics, Inc."
CMRC,"Commerce.com, Inc. - Series 1"
CMRE,Costamare Inc. Common Stock $0.0001 par value
CMS,CMS Energy Corporation
CMSA,CMS Energy Corporation 5.625% Junior Subordinated Notes due 2078
CMSC,CMS Energy Corporation 5.875% Junior Subordinated Notes due 2078
CMSD,CMS Energy Corporation 5.875% Junior Subordinated Notes due 2079
CMT,Core Molding Technologies Inc
CMTG,"Claros Mortgage Trust, Inc."
CMTL,Comtech Telecommunications Corp.
CMTV,Community Bancorp.  - Common stock
CNA,CNA Financial Corporation
CNAV,Mohr Company Nav ETF
CNBS,Amplify Seymour Cannabis ETF
CNC,Centene Corporation
CNCK,Coincheck Group N.V.
CNCKW,Coincheck Group N.V. - Warrants
CNDT,Conduent Incorporated
CNEQ,Alger Concentrated Equity ETF
CNET,ZW Data Action Technologies Inc.
CNEY,CN Energy Group Inc. - Class A
CNF,"CNFinance Holdings Limited American Depositary Shares, each representing two hundred (200)"
CNH,CNH Industrial N.V.
CNI,Canadian National Railway Company
CNK,"Cinemark Holdings Inc Cinemark Holdings, Inc."
CNL,Collective Mining Ltd.
CNM,"Core & Main, Inc."
CNMD,CONMED Corporation
CNNE,"Cannae Holdings, Inc."
CNO,"CNO Financial Group, Inc."
CNOB,"ConnectOne Bancorp, Inc."
CNOBP,"ConnectOne Bancorp, Inc. - Depositary Shares (each representing a 1/40th interest in a share of 5.25% Fixed-Rate Reset Non-Cumulative Perpetual Preferred Stock, Series A, par value $0.00 per share)"
CNP,"CenterPoint Energy, Inc (Holding Co)"
CNQ,Canadian Natural Resources Limited
CNQQ,Rayliant-ChinaAMC Transformative China Tech ETF
CNR,"Core Natural Resources, Inc."
CNRG,State Street SPDR S&P Kensho Clean Power ETF
CNS,Cohen & Steers Inc
CNSP,"CNS Pharmaceuticals, Inc."
CNTB,Connect Biopharma Holdings Limited
CNTN,"Canton Strategic Holdings, Inc."
CNTX,Context Therapeutics Inc.
CNTY,"Century Casinos, Inc."
CNVS,Cineverse Corp.
CNX,CNX Resources Corporation
CNXC,Concentrix Corporation
CNXN,"PC Connection, Inc."
CNXT,VanEck ChiNext Innovators ETF
CNXU,Conexeu Sciences Inc.
CNYA,iShares MSCI China A ETF
COAG,"Hemab Therapeutics Holdings, Inc."
COAL,Range Global Coal Index ETF
COCH,"Envoy Medical, Inc."
COCHW,"Envoy Medical, Inc. - Warrant"
COCO,"The Vita Coco Company, Inc."
COCP,"Cocrystal Pharma, Inc."
CODA,"Coda Octopus Group, Inc. - Common stock"
CODI,D/B/A Compass Diversified Holdings Shares of Beneficial Interest
CODX,"Co-Diagnostics, Inc."
COE,"51Talk Online Education Group American depositary shares, each representing 60 Class A ordinary shares"
COF,Capital One Financial Corporation
COFS,"ChoiceOne Financial Services, Inc."
COGT,"Cogent Biosciences, Inc."
COHC,Corgi COHR 2x Daily ETF
COHH,Leverage Shares 2X Long COHR Daily ETF
COHN,Cohen & Company Inc.
COHR,Coherent Corp.
COHU,"Cohu, Inc."
COHX,Tradr 2X Long COHR Daily ETF
COIA,ProShares Ultra COIN
COIG,Leverage Shares 2X Long COIN Daily ETF
COIN,"Coinbase Global, Inc."
COIW,Roundhill COIN WeeklyPay ETF
COIX,Corgi COIN 2x Daily ETF
COKE,"Coca-Cola Consolidated, Inc."
COLA,Columbus Acquisition Corp
COLAR,Columbus Acquisition Corp - Rights
COLAU,Columbus Acquisition Corp - Unit
COLB,"Columbia Banking System, Inc."
COLD,"Americold Realty Trust, Inc."
COLL,"Collegium Pharmaceutical, Inc."
COLM,Columbia Sportswear Company
COLO,Global X MSCI Colombia ETF
COM,Direxion Auspice Broad Commodity Strategy ETF
COMB,GraniteShares Bloomberg Commodity Broad Strategy No K-1 ETF
COMD,Global X Commodity Strategy ETF
COMP,"Compass, Inc."
COMT,iShares GSCI Commodity Dynamic Roll Strategy ETF
CON,"Concentra Group Holdings Parent, Inc."
CONI,GraniteShares 2x Short COIN Daily ETF
CONL,GraniteShares 2x Long COIN Daily ETF
CONX,Direxion Daily COIN Bull 2X ETF
CONY,YieldMax COIN Option Income Strategy ETF
COO,"The Cooper Companies, Inc."
COOK,"Traeger, Inc."
COOT,Australian Oilseeds Holdings Limited
COOTW,Australian Oilseeds Holdings Limited - Warrant
COP,ConocoPhillips
COPA,Themes Copper Miners ETF
COPJ,Sprott Junior Copper Miners ETF
COPL,Copley Acquisition Corp
COPP,Sprott Copper Miners ETF
COPR,Idaho Copper Corporation
COPX,Global X Copper Miners ETF
COPY,"Tweedy, Browne Insider + Value ETF"
COPZ,Defiance Daily Target 2X Long Copper Miners ETF
COR,"Cencora, Inc."
CORB,AB Core Bond ETF
CORD,T-REX 2X Inverse CRWV Daily Target ETF
CORN,Teucrium Corn Fund ETV
CORO,iShares International Country Rotation Active ETF
CORP,PIMCO Investment Grade Corporate Bond Index Exchange-Traded Fund
CORT,Corcept Therapeutics Incorporated
CORZ,"Core Scientific, Inc."
CORZW,"Core Scientific, Inc. - Tranche 1 Warrants"
CORZZ,"Core Scientific, Inc. - Tranche 2 Warrants"
COSM,Cosmos Health Inc.
COSO,"CoastalSouth Bancshares, Inc."
COST,Costco Wholesale Corporation
COSW,Roundhill COST WeeklyPay ETF
COTG,Leverage Shares 2X Long COST Daily ETF
COTY,Coty Inc.
COUR,"Coursera, Inc."
COWG,Pacer US Large Cap Cash Cows Growth Leaders ETF
COWS,Amplify Cash Flow Dividend Leaders ETF
COWZ,Pacer US Cash Cows 100 ETF
COYA,"Coya Therapeutics, Inc."
COYY,GraniteShares YieldBOOST COIN ETF
COZX,Tradr 2X Long CORZ Daily ETF
CP,Canadian Pacific Kansas City Limited
CPA,"Copa Holdings, S.A."
CPAC,Cementos Pacasmayo S.A.A. American Depositary Shares (Each representing five Common Shares)
CPAG,F/m Compoundr U.S. Aggregate Bond ETF
CPAI,Counterpoint Quantitative Equity ETF
CPAY,"Corpay, Inc."
CPB,The Campbell's Company
CPBI,"Central Plains Bancshares, Inc."
CPER,United States Copper Index Fund ETV
CPF,Central Pacific Financial Corp New
CPHC,Canterbury Park Holding Corporation
CPHI,"China Pharma Holdings, Inc."
CPHY,F/m Compoundr High Yield Bond ETF
CPII,American Beacon Ionic Inflation Protection ETF
CPIX,Cumberland Pharmaceuticals Inc.
CPK,Chesapeake Utilities Corporation
CPLB,NYLI MacKay Core Plus Bond ETF
CPLS,AB Core Plus Bond ETF
CPNG,"Coupang, Inc."
CPNJ,Calamos Nasdaq - 100 Structured Alt Protection ETF -June
CPNM,Calamos Nasdaq-100 Structured Alt Protection ETF - March
CPNQ,Calamos Nasdaq-100 Structured Alt Protection ETF December
CPNS,Calamos Nasdaq-100 Structured Alt Protection ETF  September
CPNX,Tradr 2X Long CPNG Daily ETF
CPOP,"Pop Culture Group Co., Ltd - Class A"
CPRA,Calamos Russell 2000 Structured Alt Protection ETF - April
CPRI,Capri Holdings Limited
CPRJ,Calamos Russell 2000 Structured Alt Protection ETF  July
CPRO,Calamos Russell 2000 Structured Alt Protection ETF - October
CPRT,"Copart, Inc."
CPRY,Calamos Russell 2000 Structured Alt Protection ETF January
CPS,Cooper-Standard Holdings Inc.
CPSA,Calamos S&P 500 Structured Alt Protection ETF  August
CPSD,Calamos S&P 500 Structured Alt Protection ETF December
CPSF,Calamos S&P 500 Structured Alt Protection ETF February
CPSH,CPS Technologies Corp.
CPSJ,Calamos S&P 500 Structured Alt Protection ETF  July
CPSL,Calamos Laddered S&P 500 Structured Alt Protection ETF
CPSM,Calamos S&P 500 Structured Alt Protection ETF  May
CPSN,Calamos S&P 500 Structured Alt Protection ETF November
CPSO,Calamos S&P 500 Structured Alt Protection ETF - October
CPSP,Calamos S&P 500 Structured Alt Protection ETF - April
CPSR,Calamos S&P 500 Structured Alt Protection ETF - March
CPSS,"Consumer Portfolio Services, Inc."
CPST,Calamos S&P 500 Structured Alt Protection ETF  September
CPSU,Calamos S&P 500 Structured Alt Protection ETF June
CPSY,Calamos S&P 500 Structured Alt Protection ETF January
CPT,Camden Property Trust
CPTL,Global X Morningstar Capital Allocation Leaders ETF
CPXR,USCF Daily Target 2X Copper Index ETF
CPZ,Calamos Long/Short Equity & Dynamic Income Trust - Closed End Fund
CQP,"Cheniere Energy Partners, LP Common Units"
CQQQ,Invesco China Technology ETF
CQTM,Corgi Quantum Computing ETF
CR,Crane Company
CRAC,Crown Reserve Acquisition Corp. I - Class A
CRACR,Crown Reserve Acquisition Corp. I - Rights
CRACU,Crown Reserve Acquisition Corp. I - Unit
CRACW,Crown Reserve Acquisition Corp. I - Warrant
CRAI,"CRA International,Inc."
CRAK,VanEck Oil Refiners ETF
CRAN,Crane Harbor Acquisition Corp. II - Class A
CRANR,Crane Harbor Acquisition Corp. II - Rights
CRANU,Crane Harbor Acquisition Corp. II - Units
CRAQ,Cal Redwood Acquisition Corp. - Class A
CRAQR,Cal Redwood Acquisition Corp. - Right
CRAQU,Cal Redwood Acquisition Corp. - Units
CRBD,Corebridge Financial Inc. 6.375% Junior Subordinated Notes due 2064
CRBG,Corebridge Financial Inc.
CRBN,iShares Low Carbon Optimized MSCI ACWI ETF
CRBP,"Corbus Pharmaceuticals Holdings, Inc."
CRBU,"Caribou Biosciences, Inc."
CRC,California Resources Corporation
CRCA,ProShares Ultra CRCL
CRCD,T-REX 2X Inverse CRCL Daily Target ETF
CRCG,Leverage Shares 2X Long CRCL Daily ETF
CRCL,"Circle Internet Group, Inc."
CRCO,YieldMax CRCL Option Income Strategy ETF
CRCT,"Cricut, Inc. - Class A common stock"
CRD,Corgi CRDO 2x Daily ETF
CRDD,Cardano ETF
CRDF,"Cardiff Oncology, Inc."
CRDL,Cardiol Therapeutics Inc. - Class A
CRDO,Credo Technology Group Holding Ltd
CRDT,Simplify Opportunistic Income ETF
CRDU,Tradr 2X Long CRDO Daily ETF
CRDX,2x Cardano ETF
CRE,Cre8 Enterprise Limited - Class A
CRESY,"Cresud S.A.C.I.F. y A. - American Depositary Shares, each representing ten shares of"
CREX,"Creative Realities, Inc."
CRF,"Cornerstone Total Return Fund, Inc. (The)"
CRGO,Freightos Limited - Ordinary shares
CRGOW,Freightos Limited - Warrants
CRGY,Crescent Energy Company
CRH,CRH PLC
CRI,"Carter's, Inc."
CRIB,Russell Investments Global Real Estate ETF
CRIS,"Curis, Inc."
CRK,"Comstock Resources, Inc."
CRL,"Charles River Laboratories International, Inc."
CRM,"Salesforce, Inc."
CRMD,CorMedix Inc.
CRMG,Leverage Shares 2X Long CRM Daily ETF
CRML,Critical Metals Corp.
CRMLW,Critical Metals Corp. - Warrants
CRMT,"America's Car-Mart, Inc."
CRMU,Leverage Shares 2x Long CRML Daily ETF
CRMX,Tradr 2X Long CRML Daily ETF
CRNC,Cerence Inc.
CRNT,Ceragon Networks Ltd.
CRNX,"Crinetics Pharmaceuticals, Inc."
CRON,Cronos Group Inc. - Common Share
CROX,"Crocs, Inc."
CRPT,First Trust SkyBridge Crypto Industry and Digital Economy ETF
CRS,Carpenter Technology Corporation
CRSH,YieldMax Short TSLA Option Income Strategy ETF
CRSP,CRISPR Therapeutics AG
CRSR,"Corsair Gaming, Inc."
CRT,Cross Timbers Royalty Trust
CRTC,Xtrackers US National Critical Technologies ETF
CRTO,Criteo S.A.
CRUC,Corgi CRUS 2x Daily ETF
CRUS,"Cirrus Logic, Inc."
CRUX,Columbia Core Bond ETF
CRVL,CorVel Corp.
CRVO,CervoMed Inc.
CRVS,"Corvus Pharmaceuticals, Inc."
CRWC,Corgi CRWD 2x Daily ETF
CRWD,"CrowdStrike Holdings, Inc."
CRWG,Leverage Shares 2X Long CRWV Daily ETF
CRWL,GraniteShares 2x Long CRWD Daily ETF
CRWS,"Crown Crafts, Inc."
CRWU,T-REX 2X Long CRWV Daily Target ETF
CRWV,"CoreWeave, Inc."
CRWX,Corgi CRWV 2x Daily ETF
CRXP,Columbia Core Plus Bond ETF
CRY,GraniteShares YieldBOOST CRCL ETF
CSAI,"Cloudastructure, Inc."
CSAN,Cosan S.A. ADS
CSB,VictoryShares US Small Cap High Div Volatility Wtd ETF
CSBR,"Champions Oncology, Inc."
CSCL,Direxion Daily CSCO Bull 2X ETF
CSCO,"Cisco Systems, Inc."
CSCS,Direxion Daily CSCO Bear 1X ETF
CSD,Invesco S&P Spin-Off ETF
CSEN,Cohen & Steers Future of Energy Active ETF
CSEX,Tradr 2X Long CLS Daily ETF
CSGP,"CoStar Group, Inc."
CSHI,NEOS Enhanced Income 1-3 Month T-Bill ETF
CSHP,iShares Dynamic Short-Term Active ETF
CSHR,CoinShares PLC
CSHRW,CoinShares PLC - Warrants
CSIO,Cohen & Steers Infrastructure Opportunities Active ETF
CSIQ,Canadian Solar Inc.
CSL,Carlisle Companies Incorporated
CSM,ProShares Large Cap Core Plus
CSMD,Congress SMid Growth ETF
CSNR,Cohen & Steers Natural Resources Active ETF
CSPF,Cohen & Steers Preferred and Income Opportunities Active ETF
CSPI,CSP Inc.
CSQ,Calamos Strategic Total Return Fund - Closed End Fund
CSQR,"Csquare, Inc."
CSR,D/B/A Centerspace
CSRE,Cohen & Steers Real Estate Active ETF
CSSD,Cohen & Steers Short Duration Preferred and Income Active ETF
CSTE,Caesarstone Ltd.
CSTK,Invesco Comstock Contrarian Equity ETF
CSTL,"Castle Biosciences, Inc. - Common stock"
CSTM,Constellium SE Ordinary Shares (France)
CSV,"Carriage Services, Inc."
CSW,"CSW Industrials, Inc."
CSWC,Capital Southwest Corporation
CSX,CSX Corporation
CTA,Simplify Managed Futures Strategy ETF
CTAA,ClearThink 1 Acquisition Corp. - Class A
CTAAR,ClearThink 1 Acquisition Corp. - Rights
CTAAU,ClearThink 1 Acquisition Corp. - Units
CTAP,Simplify US Equity PLUS Managed Futures Strategy ETF
CTAS,Cintas Corporation
CTBI,"Community Trust Bancorp, Inc."
CTEC,Global X ClimateTech ETF
CTEF,Castellan Targeted Equity ETF
CTEV,Claritev Corporation
CTEX,ProShares S&P Kensho Cleantech ETF
CTGG,Qwest Corporation 6.500% Senior Notes due 2051 (denominations of $25)
CTGO,Contango Silver & Gold Inc.
CTHH,Qwest Corporation 6.750% Senior Notes due 2052 (denominations of $25)
CTIF,Castellan Targeted Income ETF
CTJL,Corgi U.S. Equities 30% Structured Buffer ETF - July Series
CTJN,Corgi U.S. Equities 30% Structured Buffer ETF - June Series
CTKB,"Cytek Biosciences, Inc."
CTM,"Castellum, Inc."
CTMA,Corgi U.S. Equities 30% Structured Buffer ETF - May Series
CTMX,"CytomX Therapeutics, Inc."
CTNM,"Contineum Therapeutics, Inc. - Common stock"
CTNT,Cheetah Net Supply Chain Service Inc.
CTO,"CTO Realty Growth, Inc."
CTOR,"Citius Oncology, Inc."
CTOS,"Custom Truck One Source, Inc."
CTRE,"CareTrust REIT, Inc."
CTRI,"Centuri Holdings, Inc."
CTRM,Castor Maritime Inc.
CTRN,"Citi Trends, Inc."
CTS,CTS Corporation
CTSH,Cognizant Technology Solutions Corporation
CTSO,Cytosorbents Corporation
CTVA,"Corteva, Inc."
CTW,CTW - Class A
CTWO,Common units
CTXR,"Citius Pharmaceuticals, Inc."
CUB,Lionheart Holdings - Class A
CUBB,"Customers Bancorp, Inc 5.375% Subordinated Notes Due 2034"
CUBE,CubeSmart
CUBI,"Customers Bancorp, Inc"
CUBWU,Lionheart Holdings - Unit
CUBWW,Lionheart Holdings - Warrant
CUE,"Cue Biopharma, Inc."
CULP,"Culp, Inc."
CUPR,Cuprina Holdings (Cayman) Limited - Class A Ordinary shares
CURB,Curbline Properties Corp.
CURE,Direxion Daily Healthcare Bull 3X ETF
CURI,CuriosityStream Inc.
CURR,Currenc Group Inc.
CURV,Torrid Holdings Inc.
CURX,Curanex Pharmaceuticals Inc
CUST,Corgi 1-3 Year Treasury Bond ETF
CUT,Invesco MSCI Global Timber ETF
CUVL,Clinuvel Pharmaceuticals Limited
CUZ,Cousins Properties Incorporated
CV,"CapsoVision, Inc."
CVAR,Cultivar ETF
CVBF,CVB Financial Corporation
CVCO,"Cavco Industries, Inc."
CVE,Cenovus Energy Inc
CVEO,Civeo Corporation (Canada)
CVGD,CresAlta Global Dividend ETF
CVGI,"Commercial Vehicle Group, Inc."
CVI,CVR Energy Inc.
CVIE,Calvert International Responsible Index ETF
CVKD,"Cadrenal Therapeutics, Inc."
CVLC,Calvert US Large-Cap Core Responsible Index ETF
CVLG,"Covenant Logistics Group, Inc."
CVLT,"Commvault Systems, Inc."
CVM,Cel-Sci Corporation
CVMC,Calvert US Mid-Cap Core Responsible Index ETF
CVNA,Carvana Co.
CVNY,YieldMax CVNA Option Income Strategy ETF
CVR,Chicago Rivet & Machine Co.
CVRD,Madison Covered Call ETF
CVRT,Calamos Convertible Equity Alternative ETF
CVRX,"CVRx, Inc."
CVS,CVS Health Corporation
CVSA,Covista Inc.
CVSB,Calvert Ultra-Short Investment Grade ETF
CVSM,CresAlta Small and Mid-Cap ETF
CVU,"CPI Aerostructures, Inc."
CVV,CVD Equipment Corporation
CVX,Chevron Corporation
CVY,Invesco Zacks Multi-Asset Income ETF
CW,Curtiss-Wright Corporation
CWB,State Street SPDR Bloomberg Convertible Securities ETF
CWBC,Community West Bancshares
CWCO,Consolidated Water Co. Ltd.
CWD,CaliberCos Inc.
CWEB,Direxion Daily CSI China Internet Index Bull 2X ETF
CWEN,"Clearway Energy, Inc."
CWH,"Camping World Holdings, Inc."
CWI,State Street SPDR MSCI ACWI ex-US ETF
CWK,Cushman & Wakefield Ltd.
CWS,AdvisorShares Focused Equity ETF
CWST,"Casella Waste Systems, Inc."
CWT,California Water Service Group
CWVX,Tradr 2X Long CRWV Daily ETF
CWY,GraniteShares YieldBOOST CRWV ETF
CX,"Cemex, S.A.B. de C.V. Sponsored ADR"
CXAI,CXApp Inc.
CXAIW,CXApp Inc. - Warrant
CXDO,"Crexendo, Inc."
CXII,Churchill Capital Corp XII - Class A
CXIIU,Churchill Capital Corp XII - Units
CXIIW,Churchill Capital Corp XII - Warrants
CXM,"Sprinklr, Inc."
CXRN,Teucrium 2x Daily Corn ETF
CXSE,WisdomTree China ex-State-Owned Enterprises Fund
CXT,"Crane NXT, Co."
CXW,"CoreCivic, Inc."
CYAB,"Cyabra, Inc."
CYCN,"Cyclerion Therapeutics, Inc."
CYCU,"Cycurion, Inc."
CYCUW,"Cycurion, Inc. - Warrants"
CYD,China Yuchai International Limited
CYH,"Community Health Systems, Inc."
CYN,Cyngn Inc. - Common stock
CYPH,Cypherpunk Technologies Inc.
CYRX,"CryoPort, Inc."
CYTK,"Cytokinetics, Incorporated"
CZA,Invesco Zacks Mid-Cap ETF
CZFS,"Citizens Financial Services, Inc."
CZNC,Citizens & Northern Corp
CZR,"Caesars Entertainment, Inc."
CZWI,"Citizens Community Bancorp, Inc."
D,"Dominion Energy, Inc."
DAAQ,Digital Asset Acquisition Corp. - Class A Ordinary shares
DAAQU,Digital Asset Acquisition Corp. - Units
DAAQW,Digital Asset Acquisition Corp. - Warrant
DABS,DoubleLine Asset-Backed Securities ETF
DAC,Danaos Corporation
DADS,Digital Asset Debt Strategy ETF
DAIC,"CID HoldCo, Inc."
DAICW,"CID HoldCo, Inc. - Warrants"
DAIO,Data I/O Corporation
DAK,Dakota Active Equity ETF
DAKT,"Daktronics, Inc."
DAL,"Delta Air Lines, Inc."
DALI,First Trust Dorsey Wright DALI Equity ETF
DAMD,Defiance Daily Target 2X Short AMD ETF
DAN,Dana Incorporated
DANA,Dana Limited Volatility ETF
DAO,"Youdao, Inc. American Depositary Shares, each representing one Class A Ordinary Share"
DAPP,VanEck Digital Transformation ETF
DAPR,FT Vest U.S. Equity Deep Buffer ETF - April
DAR,Darling Ingredients Inc.
DARE,"Dare Bioscience, Inc."
DARP,Grizzle Growth ETF
DASH,"DoorDash, Inc."
DAT,ProShares Big Data Refiners ETF
DAUG,FT Vest U.S. Equity Deep Buffer ETF - August
DAVA,Endava plc American Depositary Shares (each representing one Class A Ordinary Share)
DAVE,Dave Inc.
DAVEW,Dave Inc.  - Warrants
DAX,Global X DAX Germany ETF
DB,Deutsche Bank AG
DBA,Invesco DB Agriculture Fund
DBAW,Xtrackers MSCI All World ex US Hedged Equity ETF
DBB,Invesco DB Base Metals Fund
DBC,Invesco DB Commodity Index Tracking Fund
DBCA,D. Boral Acquisition I Corp. - Class A
DBCAU,D. Boral Acquisition I Corp. - Unit
DBCAW,D. Boral Acquisition I Corp. - Warrants
DBD,Diebold Nixdorf Incorporated Common stock
DBE,Invesco DB Energy Fund
DBEF,Xtrackers MSCI EAFE Hedged Equity ETF
DBEM,Xtrackers MSCI Emerging Markets Hedged Equity ETF
DBEU,Xtrackers MSCI Europe Hedged Equity ETF
DBEZ,Xtrackers MSCI Eurozone Hedged Equity ETF
DBGI,"Digital Brands Group, Inc."
DBI,Designer Brands Inc.
DBJP,Xtrackers MSCI Japan Hedged Equity ETF
DBL,DoubleLine Opportunistic Credit Fund Common Shares of Beneficial Interest
DBMF,iMGP DBi Managed Futures Strategy ETF
DBND,DoubleLine Opportunistic Core Bond ETF
DBO,Invesco DB Oil Fund
DBP,Invesco DB Precious Metals Fund
DBRG,"DigitalBridge Group, Inc."
DBVT,DBV Technologies S.A.
DBX,"Dropbox, Inc."
DC,Dakota Gold Corp.
DCBG,"Dime Commercial Bancshares, Inc. 9.000% Junior Subordinated Notes"
DCBO,Docebo Inc.
DCGO,DocGo Inc.
DCH,Dauch Corporation
DCI,"Donaldson Company, Inc."
DCMT,DoubleLine Commodity Strategy ETF
DCO,Ducommun Incorporated
DCOM,"Dime Commercial Bancshares, Inc."
DCOR,Dimensional US Core Equity 1 ETF
DCOY,Decoy Therapeutics Inc.
DCRE,DoubleLine Commercial Real Estate Debt ETF
DCTH,"Delcath Systems, Inc."
DCX,Digital Currency X Technology Inc. - Class A
DD,"DuPont de Nemours, Inc."
DDC,DDC Enterprise Limited Class A
DDD,3D Systems Corporation
DDDD,YieldMax U.S. Stocks Target Double Distribution ETF
DDEC,FT Vest U.S. Equity Deep Buffer ETF - December
DDFA,Innovator Equity Dual Directional 15 Buffer ETF - April
DDFD,Innovator Equity Dual Directional 15 Buffer ETF - December
DDFF,Innovator Equity Dual Directional 15 Buffer ETF - February
DDFJ,Innovator Equity Dual Directional 15 Buffer ETF - January
DDFL,Innovator Equity Dual Directional 15 Buffer ETF - July
DDFM,Innovator Equity Dual Directional 15 Buffer ETF - March
DDFN,Innovator Equity Dual Directional 15 Buffer ETF - November
DDFO,Innovator Equity Dual Directional 15 Buffer ETF - October
DDFS,Innovator Equity Dual Directional 15 Buffer ETF - September
DDFY,Innovator Equity Dual Directional 15 Buffer ETF - May
DDFZ,Innovator Equity Dual Directional 15 Buffer ETF - June
DDI,"DoubleDown Interactive Co., Ltd. - American Depository Shares"
DDIV,First Trust Dorsey Wright Momentum & Dividend ETF
DDL,Dingdong (Cayman) Limited American Depositary Shares (each two representing three Ordinary Shares)
DDLS,WisdomTree Dynamic International SmallCap Equity Fund
DDM,ProShares Ultra Dow30
DDNQ,Innovator Growth-100 Dual Directional 5 Buffer ETF - Quarterly
DDOG,"Datadog, Inc."
DDS,"Dillard's, Inc."
DDSQ,Innovator Equity Dual Directional 5 Buffer ETF - Quarterly
DDT,Dillard's Capital Trust I
DDTA,Innovator Equity Dual Directional 10 Buffer ETF - April
DDTD,Innovator Equity Dual Directional 10 Buffer ETF - December
DDTF,Innovator Equity Dual Directional 10 Buffer ETF - February
DDTJ,Innovator Equity Dual Directional 10 Buffer ETF - January
DDTL,Innovator Equity Dual Directional 10 Buffer ETF - July
DDTM,Innovator Equity Dual Directional 10 Buffer ETF - March
DDTN,Innovator Equity Dual Directional 10 Buffer ETF - November
DDTO,Innovator Equity Dual Directional 10 Buffer ETF - October
DDTS,Innovator Equity Dual Directional 10 Buffer ETF - September
DDTY,Innovator Equity Dual Directional 10 Buffer ETF - May
DDTZ,Innovator Equity Dual Directional 10 Buffer ETF - June
DDV,Defined Duration 5 ETF
DDWM,WisdomTree Dynamic International Equity Fund
DDX,Defined Duration 10 ETF
DDXX,Defined Duration 20 ETF
DE,Deere & Company
DEA,"Easterly Government Properties, Inc."
DEC,Diversified Energy Company
DECK,Deckers Outdoor Corporation
DECM,FT Vest U.S. Equity Max Buffer ETF - December
DECO,State Street Galaxy Digital Asset Ecosystem ETF
DECP,PGIM S&P 500 Buffer 12 ETF - December
DECT,AllianzIM U.S. Large Cap Buffer10 Dec ETF
DECU,AllianzIM U.S. Equity Buffer15 Uncapped Dec ETF
DECW,AllianzIM U.S. Large Cap Buffer20 Dec ETF
DECZ,TrueShares Structured Outcome (December) ETF
DEED,First Trust Securitized Plus ETF
DEEF,Xtrackers FTSE Developed ex US Multifactor ETF
DEEP,Acquirers Small and Micro Deep Value ETF
DEFI,Hashdex Bitcoin ETF
DEFR,Aptus Deferred Income ETF
DEFT,"Defi Technologies, Inc."
DEHP,Dimensional Emerging Markets High Profitability ETF
DEI,"Douglas Emmett, Inc."
DELL,Dell Technologies Inc.
DEM,WisdomTree Emerging Markets High Dividend Fund
DEMZ,Democratic Large Cap Core ETF
DEO,Diageo plc
DERM,Journey Medical Corporation
DES,WisdomTree U.S. SmallCap Dividend Fund
DESK,VanEck Office and Commercial REIT ETF
DETX,"Liberty Defense Holdings, Ltd."
DEUS,Xtrackers Russell US Multifactor ETF
DEW,WisdomTree Global High Dividend Fund
DEXC,Dimensional Emerging Markets ex China Core Equity ETF
DFAC,Dimensional U.S. Core Equity 2 ETF
DFAE,Dimensional Emerging Core Equity Market ETF
DFAI,Dimensional International Core Equity Market ETF
DFAL,Dimensional US Large Cap Core Equity Market ETF
DFAR,Dimensional US Real Estate ETF
DFAS,Dimensional U.S. Small Cap ETF
DFAT,Dimensional U.S. Targeted Value ETF
DFAU,Dimensional US Core Equity Market ETF
DFAW,Dimensional World Equity ETF
DFAX,Dimensional World ex U.S. Core Equity 2 ETF
DFCA,Dimensional California Municipal Bond ETF
DFCF,Dimensional Core Fixed Income ETF
DFDV,DeFi Development Corp.
DFDVW,DeFi Development Corp. - Warrant
DFE,WisdomTree Europe SmallCap Dividend Fund
DFEB,FT Vest U.S. Equity Deep Buffer ETF - February
DFEM,Dimensional Emerging Markets Core Equity 2 ETF
DFEN,Direxion Daily Aerospace & Defense Bull 3X ETF
DFEV,Dimensional Emerging Markets Value ETF
DFGP,Dimensional Global Core Plus Fixed Income ETF
DFGR,Dimensional Global Real Estate ETF
DFGX,Dimensional International Core Fixed Income ETF
DFH,"Dream Finders Homes, Inc."
DFIC,Dimensional International Core Equity 2 ETF
DFII,FT Vest Bitcoin Strategy & Target Income ETF
DFIN,"Donnelley Financial Solutions, Inc."
DFIP,Dimensional Inflation-Protected Securities ETF
DFIS,Dimensional International Small Cap ETF
DFIV,Dimensional International Value ETF
DFJ,WisdomTree Japan SmallCap Fund
DFLI,Dragonfly Energy Holdings Corp
DFLIW,Dragonfly Energy Holdings Corp - Warrant
DFLV,Dimensional US Large Cap Value ETF
DFMC,U.S. Micro Cap Portfolio: ETF Class Shares
DFNL,Davis Select Financial ETF
DFNM,Dimensional National Municipal Bond ETF
DFNS,T3 Defense Inc.
DFNSW,T3 Defense Inc. - Warrants
DFP,Flaherty & Crumrine Dynamic Preferred and Income Fund Inc.
DFSB,Dimensional Global Sustainability Fixed Income ETF
DFSC,"DEFSEC Technologies Inc. - common stock, no R/S concurrent with offering"
DFSCW,DEFSEC Technologies Inc. - warrant
DFSD,Dimensional Short-Duration Fixed Income ETF
DFSE,Dimensional Emerging Markets Sustainability Core 1 ETF
DFSI,Dimensional International Sustainability Core 1 ETF
DFSU,Dimensional US Sustainability Core 1 ETF
DFSV,Dimensional US Small Cap Value ETF
DFTT,DF Tactical 30 ETF
DFTX,"Definium Therapeutics, Inc."
DFUS,Dimensional U.S. Equity Market ETF
DFUV,Dimensional US Marketwide Value ETF
DFVE,DoubleLine Fortune 500 Equal Weight ETF
DFVX,Dimensional US Large Cap Vector ETF
DG,Dollar General Corporation
DGAC,Disciplined Growth Acquisition Corporation Class A
DGAP,FT Vest U.S. Equity Buffer & Digital Return ETF - April
DGCB,Dimensional Global Credit ETF
DGICA,"Donegal Group, Inc."
DGICB,"Donegal Group, Inc."
DGII,Digi International Inc.
DGIN,VanEck Digital India ETF
DGJA,FT Vest U.S. Equity Buffer & Digital Return ETF - January
DGJL,FT Vest U.S. Equity Buffer & Digital Return ETF - July
DGLO,First Trust RBA Deglobalization ETF
DGNX,Diginex Limited
DGOC,FT Vest U.S. Equity Buffer & Digital Return ETF - October
DGP,"DB Gold Double Long ETN due February 15, 2038"
DGRE,WisdomTree Emerging Markets Quality Dividend Growth Fund
DGRO,iShares Core Dividend Growth ETF
DGRS,WisdomTree U.S. SmallCap Quality Dividend Growth Fund
DGRW,WisdomTree U.S. Quality Dividend Growth Fund
DGS,WisdomTree Emerging Market SmallCap Fund
DGT,State Street SPDR Global Dow ETF
DGX,Quest Diagnostics Incorporated
DGXX,Digi Power X Inc. - Common Subordinate Voting Shares
DGZ,"DB Gold Short ETN due February 15, 2038"
DH,Definitive Healthcare Corp.
DHC,Diversified Healthcare Trust  - Common Shares of Beneficial Interest
DHCNI,Diversified Healthcare Trust  - 5.625% Senior Notes due 2042
DHCNL,Diversified Healthcare Trust  - 6.25% Senior Notes Due 2046
DHDG,FT Vest U.S. Equity Quarterly 2.5 to 15 Buffer ETF
DHF,BNY Mellon High Yield Strategies Fund
DHI,"D.R. Horton, Inc."
DHLX,Diamond Hill Large Cap Concentrated ETF
DHR,Danaher Corporation
DHS,WisdomTree U.S. High Dividend Fund
DHSB,Day Hagan Smart Buffer ETF
DHT,"DHT Holdings, Inc."
DHX,"DHI Group, Inc."
DHY,Credit Suisse High Yield Credit Fund
DIA,State Street SPDR Dow Jones Industrial Average ETF Trust
DIAL,Columbia Diversified Fixed Income Allocation ETF
DIBS,"1stdibs.com, Inc."
DIEM,Franklin Emerging Market Core Dividend Tilt Index ETF
DIG,ProShares Ultra Energy
DIHP,Dimensional International High Profitability ETF
DIM,WisdomTree International MidCap Dividend Fund
DIME,CoinShares Altcoins ETF
DIN,"Dine Brands Global, Inc."
DINE,Simplify Tax Aware Diversified Income Strategy ETF
DINO,HF Sinclair Corporation
DINT,Davis Select International ETF
DIOD,Diodes Incorporated
DIPR,Corgi Space & Satellite Communications ETF
DIPS,YieldMax Short NVDA Option Income Strategy ETF
DIS,Walt Disney Company (The)
DISK,Tema Memory ETF
DISV,Dimensional International Small Cap Value ETF
DIT,AMCON Distributing Company
DIV,Global X Super Dividend ETF
DIVB,iShares Core Dividend ETF
DIVD,Altrius Global Dividend ETF
DIVE,Dana Concentrated Dividend ETF
DIVG,Invesco S&P 500 High Dividend Growers ETF
DIVI,Franklin International Core Dividend Tilt Index ETF
DIVL,Madison Dividend Value ETF
DIVN,Horizon Dividend Income ETF
DIVO,Amplify CWP Enhanced Dividend Income ETF
DIVP,Cullen Enhanced Equity Income ETF
DIVS,Guinness Atkinson Dividend Builder ETF
DIVY,Sound Equity Dividend Income ETF
DIVZ,Polen Dividend Income ETF
DJAN,FT Vest U.S. Equity Deep Buffer ETF - January
DJCO,Daily Journal Corp. (S.C.)
DJD,Invesco Dow Jones Industrial Average Dividend ETF
DJIA,Global X Dow 30 Covered Call ETF
DJP,iPath Bloomberg Commodity Index Total Return ETN
DJT,Trump Media & Technology Group Corp.
DJTU,T-REX 2X Long DJT Daily Target ETF
DJTWW,Trump Media & Technology Group Corp. - Warrants
DJUL,FT Vest U.S. Equity Deep Buffer ETF - July
DJUN,FT Vest U.S. Equity Deep Buffer ETF - June
DK,"Delek US Holdings, Inc."
DKI,DarkIris Inc. - Class A
DKL,"Delek Logistics Partners, L.P. Common Units representing Limited Partner Interests"
DKNG,DraftKings Inc.
DKNX,Defiance Daily Target 2X Long DKNG ETF
DKS,Dick's Sporting Goods Inc
DLAG,FT Vest U.S. Equity Dual Directional Buffer ETF - August
DLB,Dolby Laboratories
DLFE,FT Vest U.S. Equity Dual Directional Buffer ETF - February
DLHC,DLH Holdings Corp.
DLLL,GraniteShares 2x Long DELL Daily ETF
DLMY,FT Vest U.S. Equity Dual Directional Buffer ETF - May
DLN,WisdomTree U.S. LargeCap Dividend Fund
DLNG,Dynagas LNG Partners LP Common Units
DLNV,FT Vest U.S. Equity Dual Directional Buffer ETF - November
DLO,DLocal Limited - Class A
DLPN,"Dolphin Entertainment, Inc."
DLR,"Digital Realty Trust, Inc."
DLS,WisdomTree International SmallCap Fund
DLTH,Duluth Holdings Inc.
DLTR,"Dollar Tree, Inc."
DLUX,DoubleLine Ultrashort Income ETF
DLX,Deluxe Corporation
DLXY,Delixy Holdings Limited - Class A
DLY,DoubleLine Yield Opportunities Fund Common Shares of Beneficial Interest
DMA,Destra Multi-Alternative Fund
DMAA,Drugs Made In America Acquisition Corp.
DMAAR,Drugs Made In America Acquisition Corp. - Rights
DMAAU,Drugs Made In America Acquisition Corp. - Units
DMAC,DiaMedica Therapeutics Inc.
DMAR,FT Vest U.S. Equity Deep Buffer ETF - March
DMAX,iShares Large Cap Max Buffer Dec ETF
DMAY,FT Vest U.S. Equity Deep Buffer ETF - May
DMB,"BNY Mellon Municipal Bond Infrastructure Fund, Inc."
DMBS,DoubleLine Mortgage ETF
DMC,Del Monte Corporation
DMII,Drugs Made In America Acquisition II Corp.
DMIIR,Drugs Made In America Acquisition II Corp. - Right
DMIIU,Drugs Made In America Acquisition II Corp. - Unit
DMLP,"Dorchester Minerals, L.P. - Common Units Representing Limited Partnership Interests"
DMO,Western Asset Mortgage Opportunity Fund Inc.
DMRA,"Damora Therapeutics, Inc."
DMRC,Digimarc Corporation
DMX,DoubleLine Multi-Sector Income ETF
DMXF,iShares ESG Advanced MSCI EAFE ETF
DNA,"Ginkgo Bioworks Holdings, Inc."
DNL,WisdomTree Global ex-U.S. Quality Growth Fund
DNLI,Denali Therapeutics Inc.
DNMX,Dynamix Corporation III - Class A
DNMXU,Dynamix Corporation III - Unit
DNMXW,Dynamix Corporation III - Warrants
DNN,Denison Mines Corp Ordinary Shares (Canada)
DNOV,FT Vest U.S. Equity Deep Buffer ETF - November
DNOW,DNOW Inc.
DNP,"DNP Select Income Fund, Inc."
DNTH,"Dianthus Therapeutics, Inc."
DNUT,"Krispy Kreme, Inc."
DOC,"Healthpeak Properties, Inc."
DOCK,"Corgi Ports, Rail & Freight ETF"
DOCN,"DigitalOcean Holdings, Inc."
DOCS,"Doximity, Inc."
DOCT,FT Vest U.S. Equity Deep Buffer ETF - October
DOCU,"DocuSign, Inc."
DOG,ProShares Short Dow30
DOGG,FT Vest DJIA Dogs 10 Target Income ETF
DOGZ,Dogness (International) Corporation
DOJE,REX-Osprey DOGE ETF
DOL,WisdomTree True Developed International Fund
DOLE,Dole plc
DOMH,Dominari Holdings Inc.
DOMO,"Domo, Inc."
DON,WisdomTree U.S. MidCap Dividend Fund
DOO,BRP Inc. - Common Subordinate Voting Shares
DORM,"Dorman Products, Inc."
DOUG,Douglas Elliman Inc.
DOV,Dover Corporation
DOW,Dow Inc.
DOX,Amdocs Limited
DOYU,DouYu International Holdings Limited
DPC,DPC Holdings PLC
DPG,Duff & Phelps Utility and Infrastructure Fund Inc.
DPRE,Virtus Duff & Phelps Real Estate Income ETF
DPRO,Draganfly Inc.
DPST,Direxion Daily Regional Banks Bull 3X ETF
DPU,Top KingWin Ltd - Class A
DPZ,Domino's Pizza Inc
DQ,"DAQO New Energy Corp. American Depositary Shares, each representing five ordinary shares"
DQJN,FT Vest Nasdaq-100 Dual Directional Buffer ETF - June
DRAI,Draco Evolution AI ETF
DRAL,Defiance Daily Target 2X Long DRAM ETF
DRAM,Roundhill Memory ETF
DRAY,YieldMax DKNG Option Income Strategy ETF
DRCT,"Direct Digital Holdings, Inc."
DRD,DRDGOLD Limited
DRDB,Roman DBDR Acquisition Corp. II - Ordinary shares
DRDBU,Roman DBDR Acquisition Corp. II - Unit
DRDBW,Roman DBDR Acquisition Corp. II - Warrants
DRES,GMO Domestic Resilience ETF
DRGN,Themes China Generative Artificial Intelligence ETF
DRH,Diamondrock Hospitality Company
DRI,"Darden Restaurants, Inc."
DRIO,DarioHealth Corp.
DRIP,Direxion Daily S&P Oil & Gas Exp. & Prod. Bear 2X ETF
DRIV,Global X Autonomous & Electric Vehicles ETF
DRKY,VistaShares Target 15 DRUKMacro Distribution ETF
DRLL,Strive U.S. Energy ETF
DRMA,"Dermata Therapeutics, Inc."
DRMAW,"Dermata Therapeutics, Inc. - Warrant"
DRMP,Tuttle Capital Memory Stack Income Blast ETF
DRMY,XFUNDS Memory Income ETF
DRN,Direxion Daily Real Estate Bull 3X ETF
DRNL,Defiance 2X Daily Long Pure Drone and Aerial Automation ETF
DRNZ,REX Drone ETF
DRS,"Leonardo DRS, Inc."
DRSK,Aptus Defined Risk ETF
DRTS,Alpha Tau Medical Ltd.
DRTSW,Alpha Tau Medical Ltd. - Warrant
DRUG,Bright Minds Biosciences Inc. - common stock
DRUP,GraniteShares Nasdaq Select Disruptors ETF
DRV,Direxion Daily Real Estate Bear 3X ETF
DRVN,Driven Brands Holdings Inc.
DRVR,Amplify S&P 500 Dividend Drivers ETF
DSAC,Daedalus Special Acquisition Corp. - Class A
DSACU,Daedalus Special Acquisition Corp. - Unit
DSACW,Daedalus Special Acquisition Corp. - Warrant
DSC,DSC Holdings Ltd.
DSCO,DoubleLine Securitized Credit ETF
DSEP,FT Vest U.S. Equity Deep Buffer ETF - September
DSGN,"Design Therapeutics, Inc."
DSGR,"Distribution Solutions Group, Inc."
DSGX,The Descartes Systems Group Inc.
DSI,iShares ESG MSCI KLD 400 ETF
DSL,DoubleLine Income Solutions Fund Common Shares of Beneficial Interests
DSM,"BNY Mellon Strategic Municipal Bond Fund, Inc."
DSMC,Distillate Small/Mid Cash Flow ETF
DSP,Viant Technology Inc. - common stock
DSPY,Tema S&P 500 Historical Weight ETF Strategy
DSS,"DSS, Inc."
DSTL,Distillate U.S. Fundamental Stability & Value ETF
DSTX,Distillate International Fundamental Stability & Value ETF
DSU,"Blackrock Debt Strategies Fund, Inc."
DSWL,"Deswell Industries, Inc."
DSX,Diana Shipping inc. common stock
DSY,Big Tree Cloud Holdings Limited - Class A
DSYWW,Big Tree Cloud Holdings Limited - Warrants
DT,"Dynatrace, Inc."
DTAN,Sparkline International Intangible Value ETF
DTB,DTE Energy Company 2020 Series G 4.375% Junior Subordinated Debentures due 2080
DTCR,Global X Data Center & Digital Infrastructure ETF
DTCX,"Datacentrex, Inc."
DTD,WisdomTree U.S. Total Dividend Fund
DTE,DTE Energy Company
DTEC,ALPS Disruptive Technologies ETF
DTF,DTF Tax-Free Income 2028 Term Fund Inc.
DTG,DTE Energy Company 2021 Series E 4.375% Junior Subordinated Debentures
DTH,WisdomTree International High Dividend Fund
DTI,Drilling Tools International Corporation
DTIL,"Precision BioSciences, Inc."
DTK,DTE Energy Company 2025 Series H 6.25% Junior Subordinated Debentures due 2085
DTM,"DT Midstream, Inc."
DTRE,First Trust Alerian Disruptive Technology Real Estate ETF
DTSQ,DT Cloud Star Acquisition Corporation
DTSQR,DT Cloud Star Acquisition Corporation - Right
DTSQU,DT Cloud Star Acquisition Corporation - Units
DTSS,Datasea Intelligent Technology Ltd. - Class A
DTST,Data Storage Corporation
DTW,DTE Energy Company 2017 Series E 5.25% Junior Subordinated Debentures due 2077
DUBS,Aptus Large Cap Enhanced Yield ETF
DUG,ProShares UltraShort Energy
DUHP,Dimensional US High Profitability ETF
DUK,Duke Energy Corporation (Holding Company)
DUKB,Duke Energy Corporation 5.625% Junior Subordinated Debentures due 2078
DUKH,Ocean Park High Income ETF
DUKQ,Ocean Park Domestic ETF
DUKR,DUKE Robotics Corp.
DUKRW,DUKE Robotics Corp. - Warrant
DUKX,Ocean Park International ETF
DUKZ,Ocean Park Diversified Income ETF
DULL,"MicroSectors Gold -3X Inverse Leveraged ETNs due January 29, 2043"
DUNK,Dana Unconstrained Equity ETF
DUO,Fangdd Network Group Ltd. - Class A
DUOG,Leverage Shares 2X Long DUOL Daily ETF
DUOL,"Duolingo, Inc."
DUOT,"Duos Technologies Group, Inc."
DURA,VanEck Durable High Dividend ETF
DUSA,Davis Select U.S. Equity ETF
DUSB,Dimensional Ultrashort Fixed Income ETF
DUSG,U.S. Small Cap Growth Portfolio: ETF Class Shares
DUSL,Direxion Daily Industrials Bull 3X ETF
DUST,Direxion Daily Gold Miners Index Bear 2X ETF
DUTY,U.S. Defense ETF
DV,"DoubleVerify Holdings, Inc."
DVA,DaVita Inc.
DVAL,BrandywineGLOBAL-Dynamic US Large Cap Value ETF
DVDN,Kingsbarn Dividend Opportunity ETF
DVGR,DAC 3D Dividend Growth ETF
DVIN,WEBs Industrials XLI Defined Volatility ETF
DVLT,Datavault AI Inc.
DVLU,First Trust Dorsey Wright Momentum & Value ETF
DVN,Devon Energy Corporation
DVND,Touchstone Dividend Select ETF
DVOL,First Trust Dorsey Wright Momentum & Low Volatility ETF
DVQQ,WEBs QQQ Defined Volatility ETF
DVRE,WEBs Real Estate XLRE Defined Volatility ETF
DVSP,WEBs SPY Defined Volatility ETF
DVUT,WEBs Utilities XLU Defined Volatility ETF
DVVY,Invesco Diversified Dividend Opportunities ETF
DVXB,WEBs Materials XLB Defined Volatility ETF
DVXC,WEBs Communication Services XLC Defined Volatility ETF
DVXE,WEBs Energy XLE Defined Volatility ETF
DVXF,WEBs Financial XLF Defined Volatility ETF
DVXK,WEBs Technology XLK Defined Volatility ETF
DVXP,WEBs Consumer Staples XLP Defined Volatility ETF
DVXV,WEBs Health Care XLV Defined Volatility ETF
DVXY,WEBs Consumer Discretionary XLY Defined Volatility ETF
DVY,iShares Select Dividend ETF
DVYA,iShares Asia / Pacific Dividend 30 Index Fund Exchange Traded Fund
DVYE,iShares Emerging Markets Dividend Index Fund Exchange Traded Fund
DWAS,Invesco Dorsey Wright SmallCap Momentum ETF
DWAW,AdvisorShares Dorsey Wright FSM All Cap World ETF
DWLD,Davis Select Worldwide ETF
DWM,WisdomTree International Equity Fund
DWMF,WisdomTree International Multifactor Fund
DWSH,AdvisorShares Dorsey Wright Short ETF
DWSN,Dawson Geophysical Company
DWTX,"Dogwood Therapeutics, Inc."
DWUS,AdvisorShares Dorsey Wright FSM US Core ETF
DWWN,Principal Long Duration ETF
DWX,State Street SPDR S&P International Dividend ETF
DX,"Dynex Capital, Inc."
DXC,DXC Technology Company
DXCM,"DexCom, Inc."
DXD,ProShares UltraShort Dow30
DXF,"Eason Technology Limited American Depositary Shares (each representing sixty-thousand (60,000) Ordinary Shares)"
DXIV,Dimensional International Vector Equity ETF
DXJ,WisdomTree Japan Hedged Equity Fund
DXLG,"Destination XL Group, Inc."
DXPE,"DXP Enterprises, Inc."
DXR,Daxor Corporation - Closed End Fund
DXST,Decent Holding Inc. - Class A
DXUV,Dimensional US Vector Equity ETF
DXYZ,Destiny Tech100 Inc.
DY,"Dycom Industries, Inc."
DYAI,"Dyadic International, Inc."
DYFI,IDX Dynamic Fixed Income ETF
DYLD,LeaderShares Dynamic Yield ETF
DYLG,Global X Dow 30 Covered Call & Growth ETF
DYN,"Dyne Therapeutics, Inc."
DYNB,Hartford Dynamic Bond ETF
DYNC,Dynamix Corporation - Class A Ordinary Share
DYNCU,Dynamix Corporation - Unit
DYNCW,Dynamix Corporation - Warrant
DYNF,iShares U.S. Equity Factor Rotation Active ETF
DYOR,Insight Digital Partners II - Class A
DYORU,Insight Digital Partners II - Units
DYORW,Insight Digital Partners II - Warrants
DYTA,SGI Dynamic Tactical ETF
DZZ,"DB Gold Double Short ETN due February 15, 2038"
E,ENI S.p.A.
EA,Electronic Arts Inc.
EAD,Allspring Income Opportunities Fund
EAF,GrafTech International Ltd.
EAFG,Pacer Developed Markets Cash Cows Growth Leaders ETF
EAGG,iShares ESG Aware U.S. Aggregate Bond ETF
EAGL,Eagle Capital Select Equity ETF
EAI,"Entergy Arkansas, LLC First Mortgage Bonds, 4.875% Series Due September 1, 2066"
EALT,Innovator U.S. Equity 5 to 15 Buffer ETF - Quarterly
EAOA,iShares ESG Aware 80/20 Aggressive Allocation ETF
EAOK,iShares ESG Aware 30/70 Conservative Allocation ETF
EAOM,iShares ESG Aware 40/60 Moderate Allocation ETF
EAOR,iShares ESG Aware 60/40 Balanced Allocation ETF
EAPR,Innovator Emerging Markets Power Buffer ETF April
EARN,Ellington Credit Company Common Shares of Beneficial Interest
EART,Global X Rare Earth & Critical Materials ETF
EASG,Xtrackers MSCI EAFE Selection Equity ETF
EASY,Liberty One Defensive Dividend Growth ETF
EAT,"Brinker International, Inc."
EBAY,eBay Inc.
EBC,"Eastern Bankshares, Inc."
EBF,"Ennis, Inc."
EBI,Longview Advantage ETF
EBIT,Harbor AlphaEdge Small Cap Earners ETF
EBIZ,Global X E-commerce ETF
EBMT,"Eagle Bancorp Montana, Inc."
EBND,State Street SPDR Bloomberg Emerging Markets Local Bond ETF
EBON,Ebang International Holdings Inc. - Class A
EBS,Emergent BioSolutions Inc.
EBUF,Innovator Emerging Markets 10 Buffer ETF - Quarterly
EC,Ecopetrol S.A.
ECAT,BlackRock ESG Capital Allocation Term Trust Common Shares of Beneficial Interest
ECBK,"ECB Bancorp, Inc."
ECC,Eagle Point Credit Company Common Share of Beneficial Interest
ECCC,Eagle Point Credit Company 6.50% Series C Term Preferred Stock due 2031
ECCU,Eagle Point Credit Company 7.75% Notes due 2030
ECCV,Eagle Point Credit Company 5.375% Notes due 2029
ECF,Ellsworth Growth and Income Fund Ltd.
ECG,"Everus Construction Group, Inc."
ECH,iShares MSCI Chile ETF
ECHO,EchoStar Corporation - Common stock
ECHX,Leverage Shares 2X Long ECHO Daily ETF
ECL,Ecolab Inc.
ECML,Euclidean Fundamental Value ETF
ECNS,iShares MSCI China Small-Cap ETF
ECO,Okeanis Eco Tankers Corp.
ECON,Columbia Research Enhanced Emerging Economies ETF
ECOR,"electroCore, Inc."
ECOW,Pacer Emerging Markets Cash Cows 100 ETF
ECPG,Encore Capital Group Inc
ECVT,Ecovyst Inc.
ECX,ECARX Holdings Inc. - Class A Ordinary shares
ECXWW,ECARX Holdings Inc. - Warrants
ED,"Consolidated Edison, Inc."
EDBL,Edible Garden AG Incorporated
EDBLW,Edible Garden AG Incorporated - Warrant
EDC,Direxion Emerging Markets Bull 3X ETF
EDD,"Morgan Stanley Emerging Markets Domestic Debt Fund, Inc."
EDEN,iShares MSCI Denmark ETF
EDF,Virtus Stone Harbor Emerging Markets Income Fund Common Shares of Beneficial Interest
EDGE,MRBL Enhanced Equity ETF
EDGF,3EDGE Dynamic Fixed Income ETF
EDGH,3EDGE Dynamic Hard Assets ETF
EDGI,3EDGE Dynamic International Equity ETF
EDGQ,Global X Nasdaq-100 Income Edge ETF
EDGU,3EDGE Dynamic US Equity ETF
EDGX,Global X U.S. 500 Income Edge ETF
EDHL,Everbright Digital Holding Limited
EDIT,"Editas Medicine, Inc."
EDIV,State Street SPDR S&P Emerging Markets Dividend ETF
EDN,Empresa Distribuidora Y Comercializadora Norte S.A. (Edenor)
EDOG,ALPS Emerging Sector Dividend Dogs ETF
EDOW,First Trust Dow 30 Equal Weight ETF
EDRY,EuroDry Ltd.
EDSA,"Edesa Biotech, Inc."
EDTK,Skillful Craftsman Education Technology Limited - Ordinary Share
EDU,"New Oriental Education & Technology Group, Inc. Sponsored ADR representing 10 Ordinary Share (Cayman Islands)"
EDUC,Educational Development Corporation
EDV,Vanguard Extended Duration Treasury ETF
EDZ,Direxion Emerging Markets Bear 3X ETF
EE,"Excelerate Energy, Inc."
EEA,"The European Equity Fund, Inc."
EEE,CYBER HORNET S&P 500 and Ethereum 75/25 Strategy ETF
EEFT,"Euronet Worldwide, Inc."
EEIQ,EpicQuest Education Group International Limited
EELV,Invesco S&P Emerging Markets Low Volatility ETF
EEM,iShares MSCI Emerging Index Fund
EEMA,iShares MSCI Emerging Markets Asia ETF
EEMO,Invesco S&P Emerging Markets Momentum ETF
EEMS,iShares MSCI Emerging Markets Small Cap ETF
EEMV,iShares MSCI Emerging Markets Min Vol Factor ETF
EEMX,State Street SPDR MSCI Emerging Markets Fossil Fuel Reserves Free ETF
EES,WisdomTree U.S. SmallCap Fund
EET,ProShares Ultra MSCI Emerging Markets
EETH,ProShares Ether ETF
EEV,ProShares UltraShort MSCI Emerging Markets
EFA,iShares MSCI EAFE ETF
EFAA,Invesco MSCI EAFE Income Advantage ETF
EFAD,ProShares MSCI EAFE Dividend Growers ETF
EFAS,Global X MSCI SuperDividend EAFE ETF
EFAV,iShares MSCI EAFE Min Vol Factor ETF
EFAX,State Street SPDR MSCI EAFE Fossil Fuel Reserves Free ETF
EFC,Ellington Financial Inc.
EFFE,Harbor Osmosis Emerging Markets Resource Efficient ETF
EFFI,Harbor Osmosis International Resource Efficient ETF
EFG,iShares MSCI EAFE Growth ETF
EFIV,State Street SPDR S&P 500 ESG ETF
EFNL,iShares MSCI Finland ETF
EFO,ProShares Ultra MSCI EAFE
EFOI,"Energy Focus, Inc."
EFOR,"Everforth, Inc."
EFR,Eaton Vance Senior Floating-Rate Fund Common Shares of Beneficial Interest
EFRA,iShares Environmental Infrastructure and Industrials ETF
EFSC,Enterprise Financial Services Corporation
EFSCP,"Enterprise Financial Services Corporation - Depositary Shares Each Representing a 1/40th Interest in a Share of 5% Fixed Rate Non-Cumulative Perpetual Preferred Stock, Series A"
EFSI,Eagle Financial Services Inc
EFT,Eaton Vance Floating Rate Income Trust Common Shares of Beneficial Interest
EFTY,"Etoiles Capital Group Co., Ltd. - Class A"
EFU,ProShares UltraShort MSCI EAFE
EFV,iShares MSCI EAFE Value ETF
EFX,"Equifax, Inc."
EFXT,Enerflex Ltd
EFZ,ProShares Short MSCI EAFE
EG,"Everest Group, Ltd."
EGAN,eGain Corporation
EGBN,"Eagle Bancorp, Inc."
EGG,Enigmatig Limited Class A
EGGQ,NestYield Visionary ETF
EGGS,NestYield Total Return Guard ETF
EGGY,NestYield Dynamic Income ETF
EGHA,EGH Acquisition Corp. - Class A ordinary shares
EGHAR,EGH Acquisition Corp. - rights
EGHAU,EGH Acquisition Corp. - Unit
EGHT,8x8 Inc - Common stock
EGLE,Global X S&P 500 U.S. Revenue Leaders ETF
EGO,Eldorado Gold Corporation
EGP,"EastGroup Properties, Inc."
EGUS,iShares ESG Aware MSCI USA Growth ETF
EGY,"VAALCO Energy, Inc."
EH,EHang Holdings Limited - ADS
EHC,Encompass Health Corporation
EHCC,Global X Ethereum Covered Call ETF
EHGO,Eshallgo Inc. - Class A
EHI,Western Asset Global High Income Fund Inc
EHLD,Euroholdings Ltd.
EHLS,Even Herd Long Short ETF
EHTH,"eHealth, Inc."
EHY,Amplify Ethereum Max Income Covered Call ETF
EIC,Eagle Point Income Company Inc.
EICA,Eagle Point Income Company Inc. 5.00% Series A Term Preferred Stock due 2026
EIDO,iShares MSCI Indonesia ETF
EIG,Employers Holdings Inc
EIIA,Eagle Point Institutional Income Fund 8.125% Series A Term Preferred Shares Due 2029
EIKN,"Eikon Therapeutics, Inc."
EIM,"Eaton Vance Municipal Bond Fund Common Shares of Beneficial Interest, $.01 par value"
EINC,VanEck Energy Income ETF
EIPI,FT Energy Income Partners Enhanced Income ETF
EIPX,FT Energy Income Partners Strategy ETF
EIRL,iShares MSCI Ireland ETF
EIS,iShares MSCI Israel ETF
EIX,Edison International
EJAN,Innovator Emerging Markets Power Buffer ETF January
EJH,E-Home Household Service Holdings Limited - Ordinary shares
EJUL,Innovator Emerging Markets Power Buffer ETF July
EKG,First Trust Nasdaq Lux Digital Health Solutions ETF
EL,"Estee Lauder Companies, Inc. (The)"
ELA,Envela Corporation
ELAB,PMGC Holdings Inc.
ELAN,Elanco Animal Health Incorporated
ELBM,Electra Battery Materials Corporation
ELC,"Entergy Louisiana, Inc. Collateral Trust Mortgage Bonds, 4.875 % Series due September 1, 2066"
ELCV,Strategy Shares Eventide High Dividend ETF
ELD,WisdomTree Emerging Markets Local Debt Fund
ELDN,"Eledon Pharmaceuticals, Inc."
ELE,Elemental Royalty Corporation
ELF,"e.l.f. Beauty, Inc."
ELFY,ALPS Electrification Infrastructure ETF
ELIL,Direxion Daily LLY Bull 2X ETF
ELLA,Ellington Credit Company 8.50% Notes due 2031
ELLO,Ellomay Capital Ltd Ordinary Shares (Israel)
ELM,Elm Market Navigator ETF
ELMD,"Electromed, Inc."
ELME,Elme Communities
ELMT,The Elmet Group Co.
ELOG,Eastern International Ltd.
ELOL,Leverage Shares 100% TSLA AND 100% SPCX Daily ETF
ELOX,"Eloxx Pharmaceuticals, Inc."
ELPC,Companhia Paranaense de Energia (COPEL) American Depositary Shares (each representing four (4) Common Shares)
ELPW,Elong Power Holding Limited - Class A
ELS,"Equity Lifestyle Properties, Inc."
ELSE,"Electro-Sensors, Inc."
ELTK,Eltek Ltd.
ELTX,"Elicio Therapeutics, Inc."
ELUT,"Elutia, Inc."
ELV,"Elevance Health, Inc."
ELVA,Electrovaya Inc.
ELVN,"Enliven Therapeutics, Inc."
ELVR,Elevra Lithium Limited - American Depository Shares
ELWT,"Elauwit Connection, Inc."
EMA,Emera Incorporated
EMAT,Evolution Metals & Technologies Corp.
EMB,iShares J.P. Morgan USD Emerging Markets Bond ETF
EMBC,Embecta Corp.
EMBD,Global X Emerging Markets Bond ETF
EMBJ,Embraer S.A.
EMBX,VanEck Emerging Markets Bond ETF
EMC,Global X Emerging Markets Great Consumer ETF
EMCB,WisdomTree Emerging Markets Corporate Bond Fund
EMCR,Xtrackers Emerging Markets Carbon Reduction and Climate Improvers ETF
EMCS,Xtrackers MSCI Emerging Markets Select ETF
EMD,Western Asset Emerging Markets Debt Fund Inc
EMDM,First Trust Bloomberg Emerging Market Democracies ETF
EMDV,ProShares MSCI Emerging Markets Dividend Growers ETF
EME,"EMCOR Group, Inc."
EMEM,Sophus Capital Emerging Market ETF
EMEQ,Nomura Focused Emerging Markets Equity ETF
EMES,Harbor Emerging Markets Select ETF
EMET,VanEck Copper and Electrification Metals ETF
EMF,Templeton Emerging Markets Fund
EMFI,Pictet Emerging Markets Debt ETF
EMGF,iShares Emerging Markets Equity Factor ETF
EMHC,State Street SPDR Bloomberg Emerging Markets USD Bond ETF
EMHY,iShares J.P. Morgan EM High Yield Bond ETF
EMIF,iShares Emerging Markets Infrastructure ETF
EMIS,Emmis Acquisition Corp. - Class A Ordinary Share
EMISR,Emmis Acquisition Corp. - Rights
EMJL,Corgi Emerging Markets Equities 15% Structured Buffer ETF - July Series
EMJN,Corgi Emerging Markets Equities 15% Structured Buffer ETF - June Series
EMKT,Lazard Emerging Markets Opportunities ETF
EML,Eastern Company (The)
EMLC,VanEck J. P. Morgan EM Local Currency Bond ET
EMLP,First Trust North American Energy Infrastructure Fund
EMM,Global X Emerging Markets ex-China ETF
EMMF,WisdomTree Emerging Markets Multifactor Fund
EMMY,Corgi Emerging Markets Equities 15% Structured Buffer ETF - May Series
EMN,Eastman Chemical Company
EMNT,PIMCO Enhanced Short Maturity Active ESG Exchange-Traded Fund
EMO,ClearBridge Energy Midstream Opportunity Fund Inc.
EMOP,AB Emerging Markets Opportunities ETF
EMOT,First Trust S&P 500 Economic Moat ETF
EMP,"Entergy Mississippi, LLC First Mortgage Bonds, 4.90% Series Due October 1, 2066"
EMPB,Efficient Market Portfolio Plus ETF
EMPD,Empery Digital Inc. - Common stock
EMQQ,EMQQ The Emerging Markets Internet ETF
EMR,Emerson Electric Company
EMSC,Sophus Capital Emerging Market Small Cap ETF
EMSF,Matthews Emerging Markets Sustainable Future Active ETF
EMTY,ProShares Decline of the Retail Store ETF
EMXC,iShares MSCI Emerging Markets ex China ETF
EMXF,iShares ESG Advanced MSCI EM ETF
EMXX,Corgi Emerging Markets 2x Daily ETF
ENB,Enbridge Inc
ENDW,Cambria Endowment Style ETF
ENFR,Alerian Energy Infrastructure ETF
ENGN,enGene Therapeutics Inc.
ENGNW,enGene Therapeutics Inc. - Warrants
ENGS,Energys Group Limited
ENHA,Enhanced Group Inc.
ENHI,iShares Enhanced International Active ETF
ENHU,iShares Enhanced Large Cap Core Active ETF
ENIC,Enel Chile S.A. American Depositary Shares (Each representing 50 shares of Common Stock)
ENJ,"Entergy New Orleans, LLC First Mortgage Bonds, 5.0% Series due December 1, 2052"
ENLT,Enlight Renewable Energy Ltd.
ENLV,Enlivex Ltd.
ENO,"Entergy New Orleans, LLC First Mortgage Bonds, 5.50% Series due April 1, 2066"
ENOR,iShares MSCI Norway ETF
ENOV,Enovis Corporation
ENPH,"Enphase Energy, Inc."
ENR,"Energizer Holdings, Inc."
ENRD,Einride AB
ENRDW,Einride AB - Warrants
ENS,EnerSys
ENSC,"Ensysce Biosciences, Inc."
ENSG,"The Ensign Group, Inc."
ENTA,"Enanta Pharmaceuticals, Inc."
ENTG,"Entegris, Inc."
ENTL,Leverage Shares 2X Long ENTG Daily ETF
ENTX,Entera Bio Ltd.
ENVA,"Enova International, Inc."
ENVB,"Enveric Biosciences, Inc."
ENVX,Enovix Corporation
ENZL,iShares MSCI New Zealand ETF
EO,Corgi EOSE 2x Daily ETF
EOCT,Innovator Emerging Markets Power Buffer ETF - October
EOD,Allspring Global Dividend Opportunity Fund Common Shares of Beneficial Interest
EOG,"EOG Resources, Inc."
EOI,Eaton Vance Enhance Equity Income Fund Eaton Vance Enhanced Equity Income Fund Shares of Beneficial Interest
EOLS,"Evolus, Inc."
EONR,EON Resources Inc.
EOS,Eaton Vance Enhance Equity Income Fund II
EOSE,"Eos Energy Enterprises, Inc."
EOSU,T-REX 2X Long EOSE Daily Target ETF
EOT,Eaton Vance Municipal Income Trust EATON VANCE NATIONAL MUNICIPAL OPPORTUNITIES TRUST
EP,Empire Petroleum Corporation
EPAC,Enerpac Tool Group Corp.
EPAI,Harbor AI Inflection Strategy ETF
EPAM,"EPAM Systems, Inc."
EPC,Edgewell Personal Care Company
EPD,Enterprise Products Partners L.P.
EPEM,Harbor Emerging Markets Equity ETF
EPHE,iShares MSCI Philippines ETF
EPI,WisdomTree India Earnings Fund
EPIN,Harbor International Equity ETF
EPM,"Evolution Petroleum Corporation, Inc."
EPMB,Harbor Mid Cap Core ETF
EPMV,Harbor Mid Cap Value ETF
EPOL,iShares MSCI Poland ETF
EPOW,E-Power Inc. - Class A
EPP,iShares MSCI Pacific Ex-Japan Index Fund
EPR,EPR Properties
EPRF,Innovator S&P Investment Grade Preferred ETF
EPRT,"Essential Properties Realty Trust, Inc."
EPRX,Eupraxia Pharmaceuticals Inc.
EPS,WisdomTree U.S. LargeCap Fund
EPSB,Harbor SMID Cap Core ETF
EPSM,Epsium Enterprise Limited - Class A
EPSN,Epsilon Energy Ltd.
EPSV,Harbor SMID Cap Value ETF
EPU,iShares MSCI Peru and Global Exposure ETF
EPV,ProShares UltraShort FTSE Europe ETF
EQ,"Equillium, Inc."
EQAL,Invesco Russell 1000 Equal Weight ETF
EQBK,"Equity Bancshares, Inc."
EQH,"Equitable Holdings, Inc."
EQIN,Columbia U.S. Equity Income ETF
EQIX,"Equinix, Inc."
EQL,ALPS Equal Sector Weight ETF
EQLT,iShares MSCI Emerging Markets Quality Factor ETF
EQNR,Equinor ASA
EQPT,EquipmentShare.com Inc
EQQQ,ProShares Ultra QQQ Equal Weight
EQR,Equity Residential Common Shares of Beneficial Interest
EQRR,ProShares Equities for Rising Rates ETF
EQS,"Equus Total Return, Inc."
EQT,EQT Corporation
EQTY,Kovitz Core Equity ETF
EQWL,Invesco S&P 100 Equal Weight ETF
EQX,Equinox Gold Corp.
ERAS,"Erasca, Inc."
ERC,Allspring Multi-Sector Income Fund
ERET,iShares Environmentally Aware Real Estate ETF
ERH,Allspring Utilities and High Income Fund
ERIC,Ericsson - American Depositary Shares each representing 1 underlying Class B share
ERIE,Erie Indemnity Company
ERII,"Energy Recovery, Inc."
ERNA,Ernexa Therapeutics Inc.
ERNAW,Ernexa Therapeutics Inc. - Warrants
ERO,Ero Copper Corp.
EROC,"ERock, Inc."
EROK,"EagleRock Land, LLC Class A shares representing limited liability company interests"
ERTH,Invesco MSCI Sustainable Future ETF
ERX,Direxion Energy Bull 2X ETF
ERY,Direxion Daily Energy Bear 2X ETF
ES,Eversource Energy (D/B/A)
ESAB,ESAB Corporation
ESBA,"Empire State Realty OP, L.P. Series ES Operating Partnership Units Representing Limited Partnership Interests"
ESBG,"First Trust Enhanced Stocks, Bonds & Gold ETF"
ESCA,"Escalade, Incorporated"
ESE,ESCO Technologies Inc.
ESEA,Euroseas Ltd.
ESG,FlexShares STOXX US ESG Select Index Fund
ESGD,iShares ESG Aware MSCI EAFE ETF
ESGE,iShares ESG Aware MSCI EM ETF
ESGG,FlexShares STOXX Global ESG Select Index Fund
ESGU,iShares ESG Aware MSCI USA ETF
ESGV,Vanguard ESG U.S. Stock ETF
ESI,Element Solutions Inc.
ESIM,Eventide International ETF
ESLA,"Estrella Immunopharma, Inc."
ESLAW,"Estrella Immunopharma, Inc. - Warrant"
ESLG,Eventide Large Cap Growth ETF
ESLT,Elbit Systems Ltd.
ESLV,Eventide Large Cap Value ETF
ESML,iShares ESG Aware MSCI USA Small-Cap ETF
ESMV,iShares ESG Optimized MSCI USA Min Vol Factor ETF
ESN,Essential 40 Stock ETF
ESNT,Essent Group Ltd.
ESOA,Energy Services of America Corporation
ESP,Espey Mfg. & Electronics Corp.
ESPO,VanEck Video Gaming and eSports ETF
ESQ,"Esquire Financial Holdings, Inc."
ESRT,"Empire State Realty Trust, Inc."
ESS,"Essex Property Trust, Inc."
ESSC,Eventide Small Cap ETF
ESTA,Establishment Labs Holdings Inc.
ESTC,Elastic N.V.
ESUM,Eventide US Market ETF
ET,Energy Transfer LP Common Units
ETB,Eaton Vance Tax-Managed Buy-Write Income Fund Eaton Vance Tax-Managed Buy-Write Income Fund Common Shares of Beneficial Interest
ETCO,Grayscale Ethereum Covered Call ETF
ETD,Ethan Allen Interiors Inc.
ETEC,iShares Breakthrough Environmental Solutions ETF
ETFT,Fundsmith Equity ETF
ETG,Eaton Vance Tax-Advantaged Global Dividend Income Fund Common Shares of Beneficial Interest
ETH,Grayscale Ethereum Staking Mini ETF Shares
ETHA,iShares Ethereum Trust ETF
ETHB,iShares Staked Ethereum Trust ETF
ETHD,ProShares UltraShort Ether ETF
ETHE,Grayscale Ethereum Staking ETF Shares
ETHO,Amplify Etho Climate Leadership U.S. ETF
ETHT,ProShares Ultra Ether ETF
ETHU,2x Ether ETF
ETHV,VanEck Ethereum ETF
ETHW,Bitwise Ethereum ETF
ETJ,Eaton Vance Risk-Managed Diversified Equity Income Fund Common Shares of Beneficial Interest
ETN,"Eaton Corporation, PLC"
ETNG,Leverage Shares 2X Long ETN Daily ETF
ETO,Eaton Vance Tax-Advantage Global Dividend Opp
ETON,"Eton Pharmaceuticals, Inc."
ETOR,eToro Group Ltd. - Class A
ETR,Entergy Corporation
ETS,Elite Express Holding Inc.
ETSS,Energy Transition Special Opportunities Class A
ETSY,"Etsy, Inc."
ETTY,Amplify Ethereum 3% Monthly Option Income ETF
ETU,T-Rex 2X Long Ether Daily Target ETF
ETV,Eaton Vance Corporation Eaton Vance Tax-Managed Buy-Write Opportunities Fund Common Shares of Beneficial Interest
ETW,Eaton Vance Corporation Eaton Vance Tax-Managed Global Buy-Write Opportunites Fund Common Shares of Beneficial Interest
ETX,Eaton Vance Municipal Income 2028 Term Trust Common Shares of Beneficial Interest
ETY,Eaton Vance Tax-Managed Diversified Equity Income Fund Common Shares of Beneficial Interest
EU,enCore Energy Corp.
EUAD,Select STOXX Europe Aerospace & Defense ETF
EUDA,Euda Health Holdings Limited
EUDAW,Euda Health Holdings Limited - Warrant
EUDG,WisdomTree Europe Quality Dividend Growth Fund
EUDV,ProShares MSCI Europe Dividend Growers ETF
EUFN,iShares MSCI Europe Financials ETF
EUHY,iShares Euro High Yield Corporate Bond USD Hedged ETF
EUIG,iShares Euro Investment Grade Corporate Bond USD Hedged ETF
EUM,ProShares Short MSCI Emerging Markets
EUO,ProShares UltraShort Euro
EURK,Eureka Acquisition Corp - Class A Ordinary Share
EURKR,Eureka Acquisition Corp - Right
EURKU,Eureka Acquisition Corp - Unit
EURL,Direxion Daily FTSE Europe Bull 3X ETF
EUSA,iShares MSCI USA Equal Weighted ETF
EUSB,iShares ESG Advanced Universal USD Bond ETF
EUV,Corgi Lithography & Semiconductor Photonics ETF
EUVX,Corgi Lithography & Semiconductor Photonics 2x Daily ETF
EVAC,EQV Ventures Acquisition Corp. II Class A
EVAX,Evaxion A/S - American Depositary Share
EVC,Entravision Communications Corporation
EVCM,EverCommerce Inc.
EVER,"EverQuote, Inc."
EVEX,"Eve Holding, Inc."
EVF,Eaton Vance Senior Income Trust
EVG,Eaton Vance Short Diversified Income Fund Eaton Vance Short Duration Diversified Income Fund Common Shares of Beneficial Interest
EVGN,Evogene Ltd.
EVGO,EVgo Inc.
EVH,"Evolent Health, Inc"
EVHY,Eaton Vance High Yield ETF
EVI,"EVI Industries, Inc."
EVIM,Eaton Vance Intermediate Municipal Income ETF
EVLN,Eaton Vance Floating-Rate ETF
EVLU,iShares MSCI Emerging Markets Value Factor ETF
EVLV,"Evolv Technologies Holdings, Inc."
EVMN,"Evommune, Inc."
EVMO,Eaton Vance Mortgage Opportunities ETF
EVMT,Invesco Electric Vehicle Metals Commodity Strategy No K-1 ETF
EVMU,Direxion Daily Ether Bull 2X ETF
EVN,Eaton Vance Municipal Income Trust
EVNT,AltShares Event-Driven ETF
EVO,Evotec SE - American Depositary Shares each representing 1/2 of one ordinary share
EVOX,Evolution Global Acquisition Corp - Class A
EVOXU,Evolution Global Acquisition Corp - Units
EVOXW,Evolution Global Acquisition Corp - Warrants
EVPF,Eaton Vance Preferred Securities and Income ETF
EVR,Evercore Inc.
EVRG,"Evergy, Inc."
EVSB,Eaton Vance Ultra-Short Income ETF
EVSD,Eaton Vance Short Duration Income ETF
EVSM,Eaton Vance Short Duration Municipal Income ETF
EVT,Eaton Vance Tax Advantaged Dividend Income Fund Common Shares of Beneficial Interest
EVTC,"Evertec, Inc."
EVTL,Vertical Aerospace Ltd.
EVTR,Eaton Vance Total Return Bond ETF
EVUS,iShares ESG Aware MSCI USA Value ETF
EVV,Eaton Vance Limited Duration Income Fund Common Shares of Beneficial Interest
EVX,VanEck Environmental Services ETF
EVYM,Eaton Vance High Income Municipal ETF
EW,Edwards Lifesciences Corporation
EWA,iShares MSCI Australia Index Fund
EWAVU,East West Ave Acquisition Corp. - Units
EWBC,"East West Bancorp, Inc."
EWC,iShares MSCI Canada Index Fund
EWD,iShares MSCI Sweden ETF
EWG,iShares MSCI Germany Index Fund
EWH,iShares MSCI Hong Kong Index Fund
EWI,iShares MSCI Italy ETF
EWJ,iShares MSCI Japan Index Fund
EWJV,iShares MSCI Japan Value ETF
EWK,iShares MSCI Belgium ETF
EWL,iShares MSCI Switzerland ETF
EWM,iShares MSCI Malaysia Index Fund
EWN,iShares MSCI Netherlands Index Fund
EWO,iShares MSCI Austria ETF
EWP,iShares MSCI Spain ETF
EWQ,iShares MSCI France Index Fund
EWS,iShares MSCI Singapore ETF
EWT,iShares MSCI Taiwan ETF
EWTX,"Edgewise Therapeutics, Inc."
EWU,iShares MSCI United Kingdom ETF
EWUS,iShares MSCI United Kingdom Small Cap ETF
EWV,ProShares UltraShort MSCI Japan
EWW,iShares MSCI Mexico ETF
EWX,State Street SPDR S&P Emerging Markets Small Cap ETF
EWY,iShares MSCI South Korea ETF
EWZ,iShares MSCI Brazil ETF
EWZS,iShares MSCI Brazil Small-Cap ETF
EXC,Exelon Corporation
EXE,Expand Energy Corporation
EXEL,"Exelixis, Inc."
EXEQ,Wedbush ReturnOnLeadership U.S. Large-Cap ETF
EXFY,"Expensify, Inc."
EXG,Eaton Vance Tax-Managed Global Diversified Equity Income Fund Common Shares of Beneficial Interest
EXI,iShares Global Industrials ETF
EXK,Endeavour Silver Corporation Ordinary Shares (Canada)
EXLS,"ExlService Holdings, Inc."
EXOD,"Exodus Movement, Inc."
EXOZ,eXoZymes Inc.
EXP,Eagle Materials Inc
EXPD,"Expeditors International of Washington, Inc."
EXPE,"Expedia Group, Inc."
EXPO,"Exponent, Inc."
EXR,Extra Space Storage Inc
EXTR,"Extreme Networks, Inc."
EXUS,Nomura Focused International Core ETF
EXYN,"Exyn Technologies, Inc."
EXYNW,"Exyn Technologies, Inc. - Warrant"
EYE,"National Vision Holdings, Inc."
EYEG,AB Corporate Bond ETF
EYES,Corgi Data & Surveillance ETF
EYLD,Cambria Emerging Shareholder Yield ETF
EYPT,"EyePoint, Inc."
EZA,iShares MSCI South Africa Index Fund
EZBC,Franklin Templeton Digital Holdings Trust Shares of Franklin Bitcoin ETF
EZET,Franklin Ethereum ETF
EZGO,EZGO Technologies Ltd.
EZJ,ProShares Ultra MSCI Japan
EZM,WisdomTree U.S. MidCap Fund
EZMO,AlphaDroid Broad Markets Momentum ETF
EZPW,"EZCORP, Inc. - Class A Non-Voting"
EZPZ,Franklin Crypto Index ETF
EZRA,"Reliance Global Group, Inc."
EZRO,AlphaDroid Defensive Sector Rotation ETF
EZU,iShares MSCI Eurozone ETF
F,Ford Motor Company
FA,First Advantage Corporation
FAAA,Fidelity AAA CLO ETF
FAAR,First Trust Alternative Absolute Return Strategy ETF
FAB,First Trust Multi Cap Value AlphaDEX Fund
FABC,"Fabric.AI, Inc."
FAC,Factorial Energy Inc.
FACT,FACT II Acquisition Corp. - Class A
FACTU,FACT II Acquisition Corp. - Unit
FACTW,FACT II Acquisition Corp. - Warrant
FACWW,Factorial Energy Inc. - Warrant
FAD,First Trust Multi Cap Growth AlphaDEX Fund
FAF,First American Corporation (New)
FAI,First Trust Bloomberg Artificial Intelligence ETF
FALN,iShares Fallen Angels USD Bond ETF
FAMI,"Farmmi, Inc. - Class A"
FAN,First Trust Global Wind Energy ETF
FANG,"Diamondback Energy, Inc."
FAPR,FT Vest U.S. Equity Buffer ETF - April
FARX,Frontier Asset Absolute Return ETF
FAS,Direxion Financial Bull 3X ETF
FAST,Fastenal Company
FATE,"Fate Therapeutics, Inc."
FATN,"FatPipe, Inc. - common stock"
FAUG,FT Vest U.S. Equity Buffer ETF - August
FAX,"abrdn Asia-Pacific Income Fund, Inc."
FAZ,Direxion Financial Bear 3X ETF
FB,ProShares S&P 500 Dynamic Buffer ETF
FBCG,Fidelity Blue Chip Growth ETF
FBCV,Fidelity Blue Chip Value ETF
FBDC,FT Confluence BDC & Specialty Finance Income ETF
FBGL,FBS Global Limited
FBIN,"Fortune Brands Innovations, Inc."
FBIO,"Fortress Biotech, Inc."
FBIOP,"Fortress Biotech, Inc. - 9.375% Series A Cumulative Redeemable Perpetual Preferred Stock"
FBIZ,"First Business Financial Services, Inc."
FBK,FB Financial Corporation
FBL,GraniteShares 2x Long META Daily ETF
FBLA,"FB Bancorp, Inc."
FBLG,"FibroBiologics, Inc."
FBNC,First Bancorp
FBND,Fidelity Total Bond ETF
FBOT,Fidelity Disruptive Automation ETF
FBP,First BanCorp. New
FBRT,"Franklin BSP Realty Trust, Inc."
FBRX,"Forte Biosciences, Inc."
FBT,First Trust Amex Biotech Index Fund
FBTC,Fidelity Wise Origin Bitcoin Fund
FBUF,Fidelity Dynamic Buffered Equity ETF
FBX,Corgi META 2x Daily ETF
FBY,YieldMax META Option Income Strategy ETF
FBYD,"Falcon's Beyond Global, Inc."
FBYDP,"Falcon's Beyond Global, Inc. - 11% Series B Cumulative Convertible Preferred Stock"
FBYDW,"Falcon's Beyond Global, Inc. - Warrants"
FBYY,GraniteShares YieldBOOST META ETF
FC,Franklin Covey Company
FCA,First Trust China AlphaDEX Fund
FCAL,First Trust California Municipal High income ETF
FCAP,"First Capital, Inc."
FCBC,"First Community Bankshares, Inc."
FCBD,Frontier Asset Core Bond ETF
FCBM,"First Carolina Financial Services, Inc."
FCCO,First Community Corporation
FCEF,First Trust Income Opportunities ETF
FCEL,"FuelCell Energy, Inc."
FCF,First Commonwealth Financial Corporation
FCFS,"FirstCash Holdings, Inc."
FCFY,First Trust S&P 500 Diversified Free Cash Flow ETF
FCG,First Trust Natural Gas ETF
FCHL,Fitness Champs Holdings Limited
FCLD,Fidelity Cloud Computing ETF
FCLO,Fidelity CLO ETF
FCN,"FTI Consulting, Inc."
FCNCA,"First Citizens BancShares, Inc."
FCNCN,"First Citizens BancShares, Inc. - Depositary Shares, each representing a 1/40th interest in a share of 6.625% Non-Cumulative Perpetual Preferred Stock, Series E"
FCNCO,"First Citizens BancShares, Inc. - 5.625% Non-Cumulative Perpetual Preferred Stock, Series C"
FCNCP,"First Citizens BancShares, Inc. - Depositary Shares Each Representing a 1/40th Interest in a Share of 5.375% Non-Cumulative Perpetual Preferred Stock, Series A"
FCOM,Fidelity MSCI Communication Services Index ETF
FCOR,Fidelity Corporate Bond ETF
FCPI,Fidelity Stocks for Inflation ETF
FCPT,"Four Corners Property Trust, Inc."
FCRS,FutureCrest Acquisition Corp. Class A
FCSH,Federated Hermes Short Duration Corporate ETF
FCT,First Trust Senior Floating Rate Income Fund II Common Shares of Beneficial Interest
FCTE,SMI 3Fourteen Full-Cycle Trend ETF
FCTR,First Trust Lunt U.S. Factor Rotation ETF
FCUS,Pinnacle Focused Opportunities ETF
FCUV,Focus Universal Inc.
FCVT,First Trust SSI Strategic Convertible Securities ETF
FCX,"Freeport-McMoRan, Inc."
FCXG,Leverage Shares 2x Long FCX Daily ETF
FDAT,Tactical Advantage ETF
FDBC,"Fidelity D & D Bancorp, Inc."
FDCF,Fidelity Disruptive Communications ETF
FDD,First Trust STOXX European Select Dividend Index Fund
FDEC,FT Vest U.S. Equity Buffer ETF - December
FDEM,Fidelity Emerging Markets Multifactor ETF
FDEV,Fidelity International Multifactor ETF
FDFF,Fidelity Disruptive Finance ETF
FDG,American Century Focused Dynamic Growth ETF
FDHY,Fidelity Enhanced High Yield ETF
FDIF,Fidelity Disruptors ETF
FDIG,Fidelity Crypto Industry and Digital Payments ETF
FDIQ,Invesco Bloomberg Financial Data Providers ETF
FDIS,Fidelity MSCI Consumer Discretionary Index ETF
FDIV,MarketDesk Focused U.S. Dividend ETF
FDL,First Trust Morningstar ETF
FDLO,Fidelity Low Volatility Factor ETF
FDLS,Inspire Fidelis Multi Factor ETF
FDM,First Trust DJ Select MicroCap ETF
FDMMU,Freedom Metals Acquisition Corp. - Units
FDMO,Fidelity Momentum Factor ETF
FDMT,"4D Molecular Therapeutics, Inc."
FDN,First Trust DJ Internet Index Fund
FDND,FT Vest Dow Jones Internet & Target Income ETF
FDNI,First Trust Dow Jones International Internet ETF
FDRR,Fidelity Dividend ETF for Rising Rates
FDRS,Founder-Led ETF
FDRV,Fidelity Electric Vehicles and Future Transportation ETF
FDRX,Founder-Led 2X Daily ETF
FDS,FactSet Research Systems Inc.
FDSB,"Fifth District Bancorp, Inc."
FDT,First Trust Developed Markets Ex-US AlphaDEX Fund
FDTS,First Trust Developed Markets ex-US Small Cap AlphaDEX Fund
FDTX,Fidelity Disruptive Technology ETF
FDUS,Fidus Investment Corporation - Closed End Fund
FDV,Federated Hermes U.S. Strategic Dividend ETF
FDVV,Fidelity High Dividend ETF
FDX,FedEx Corporation
FDXF,"FedEx Freight Holding Company, Inc."
FE,FirstEnergy Corp.
FEAC,Fidelity Enhanced U.S. All-Cap Equity ETF
FEAM,"5E Advanced Materials, Inc."
FEBM,FT Vest U.S. Equity Max Buffer ETF - February
FEBO,Fenbo Holdings Limited - Class A
FEBP,PGIM S&P 500 Buffer 12 ETF - February
FEBT,AllianzIM U.S. Large Cap Buffer10 Feb ETF
FEBU,AllianzIM U.S. Equity Buffer15 Uncapped Feb ETF
FEBW,AllianzIM U.S. Large Cap Buffer20 Feb ETF
FEBZ,TrueShares Structured Outcome (February) ETF
FECM,First Eagle Core Municipal ETF
FEDM,FlexShares ESG & Climate Developed Markets ex-US Core Index Fund
FEDU,"Four Seasons Education (Cayman) Inc. American Depositary Shares, each ADS representing 10 ordinary shares"
FEED,"ENvue Medical, Inc."
FEGE,First Eagle Global Equity ETF
FEIG,FlexShares ESG & Climate Investment Grade Corporate Core Index Fund
FEIM,"Frequency Electronics, Inc."
FELC,Fidelity Enhanced Large Cap Core ETF
FELE,"Franklin Electric Co., Inc."
FELG,Fidelity Enhanced Large Cap Growth ETF
FELV,Fidelity Enhanced Large Cap Value ETF
FEM,First Trust Emerging Markets AlphaDEX Fund
FEMB,First Trust Emerging Markets Local Currency Bond ETF
FEMD,First Eagle Mid Cap Equity ETF
FEMG,Fidelity Enhanced Mid Cap Growth ETF
FEMR,Fidelity Enhanced Emerging Markets ETF
FEMS,First Trust Emerging Markets Small Cap AlphaDEX Fund
FEMV,Fidelity Enhanced Mid Cap Value ETF
FEMY,Femasys Inc.
FENC,Fennec Pharmaceuticals Inc.
FENG,"Phoenix New Media Limited American Depositary Shares, each representing 48 Class A ordinary shares."
FENI,Fidelity Enhanced International ETF
FENY,Fidelity MSCI Energy Index ETF
FEOE,First Eagle Overseas Equity ETF
FEP,First Trust Europe AlphaDEX Fund
FEPI,REX FANG & Innovation Equity Premium Income ETF
FER,Ferrovial N.V.
FERA,Fifth Era Acquisition Corp I - Class A
FERAR,Fifth Era Acquisition Corp I - Rights
FERAU,Fifth Era Acquisition Corp I - Units
FERG,Ferguson Enterprises Inc.
FESC,First Eagle Small Cap Equity ETF
FESM,Fidelity Enhanced Small Cap Core ETF
FET,"Forum Energy Technologies, Inc."
FETH,Fidelity Ethereum Fund
FEUS,FlexShares ESG & Climate US Large Cap Core Index Fund
FEUZ,First Trust Eurozone AlphaDEX ETF
FEX,First Trust Large Cap Core AlphaDEX Fund
FEZ,State Street SPDR EURO STOXX 50 ETF
FF,FutureFuel Corp.  Common shares
FFA,First Trust Enhanced Equity Income Fund Common Shares of Beneficial Interest
FFAI,Faraday Future Intelligent Electric Inc.
FFBC,First Financial Bancorp.
FFC,Flaherty & Crumrine Preferred and Income Securities Fund Incorporated
FFDI,Fidelity Fundamental Developed International ETF
FFEB,FT Vest U.S. Equity Buffer ETF - February
FFEM,Fidelity Fundamental Emerging Markets ETF
FFF,Founders 100 ETF
FFGX,Fidelity Fundamental Global ex-U.S. ETF
FFIN,"First Financial Bankshares, Inc."
FFIU,UVA Unconstrained Medium-Term Fixed Income ETF
FFIV,"F5, Inc."
FFLC,Fidelity Fundamental Large Cap Core ETF
FFLG,Fidelity Fundamental Large Cap Growth ETF
FFLS,The Future Fund Long/Short ETF
FFLV,Fidelity Fundamental Large Cap Value ETF
FFND,One Global ETF
FFOG,Franklin Focused Growth ETF
FFOX,FundX Future Fund Opportunities ETF
FFSM,Fidelity Fundamental Small-Mid Cap ETF
FFTY,CapForce IBD 50 ETF
FFUT,Fidelity Managed Futures ETF
FG,"F&G Annuities & Life, Inc."
FGBI,"First Guaranty Bancshares, Inc."
FGBIP,"First Guaranty Bancshares, Inc. - 6.75% Series A Fixed-Rate Non-Cumulative Perpetual Preferred Stock"
FGD,First Trust DJ Global Select Dividend
FGDL,Franklin Responsibly Sourced Gold ETF
FGI,FGI Industries Ltd.
FGII,FG Imperii Acquisition Corp. - Class A
FGIIU,FG Imperii Acquisition Corp. - Units
FGIIW,FG Imperii Acquisition Corp. - Warrants
FGIWW,FGI Industries Ltd. - warrant
FGL,Founder Group Limited - Class A
FGM,First Trust Germany AlphaDEX Fund
FGN,"F&G Annuities & Life, Inc. 7.950% Senior Notes due 2053"
FGNX,FG Nexus Inc.
FGNXP,FG Nexus Inc. - 8.00% Cumulative Series A Preferred Stock
FGRU,T-REX 2X Long FIGR Daily Target ETF
FGSI,FT Vest Growth Strength & Target Income ETF
FGSM,Frontier Asset Global Small Cap Equity ETF
FGSN,"F&G Annuities & Life, Inc. 7.300% Junior Subordinated Notes due 2065"
FHB,"First Hawaiian, Inc."
FHDG,FT Vest U.S. Equity Quarterly Dynamic Buffer ETF
FHEQ,Fidelity Hedged Equity ETF
FHI,"Federated Hermes, Inc."
FHIL,Federated Hermes International Leaders ETF
FHLC,Fidelity MSCI Health Care Index ETF
FHN,First Horizon Corporation
FHTX,Foghorn Therapeutics Inc.
FHYS,Federated Hermes Short Duration High Yield ETF
FIAT,YieldMax Short COIN Option Income Strategy ETF
FIAX,Nicholas Fixed Income Alternative ETF
FIBK,"First Interstate BancSystem, Inc."
FICO,Fair Isaac Corporation
FICS,First Trust International Developed Capital Strength ETF
FID,First Trust S&P International Dividend Aristocrats ETF
FIDI,Fidelity International High Dividend ETF
FIDU,Fidelity MSCI Industrials Index ETF
FIEE,"FiEE, Inc"
FIG,"Figma, Inc."
FIGB,Fidelity Investment Grade Bond ETF
FIGG,Leverage Shares 2x Long FIG Daily ETF
FIGR,"Figure Technology Solutions, Inc."
FIGS,"FIGS, Inc."
FIGX,FIGX Capital Acquisition Corp. - Class A ordinary share
FIGXU,FIGX Capital Acquisition Corp. - Units
FIGXW,FIGX Capital Acquisition Corp. - one-half of one redeemable warrant.
FIIG,First Trust Intermediate Duration Investment Grade Corporate ETF
FIMU,Fidelity Intermediate Municipal Income ETF
FINA,Fidelity MSCI North American Subset Index ETF
FINS,Angel Oak Financial Strategies Income Term Trust Common Shares of Beneficial Interest
FINT,Frontier Asset Total International Equity ETF
FINV,FinVolution Group
FINW,FinWise Bancorp
FINX,Global X FinTech ETF
FINY,GraniteShares YieldBOOST Financials ETF
FIP,FTAI Infrastructure Inc.
FIRY,Firy Inc.
FIS,"Fidelity National Information Services, Inc."
FISI,"Financial Institutions, Inc."
FISK,"Empire State Realty OP, L.P. Series 250 Operating Partnership Units Representing Limited Partnership Interests"
FISN,"Deep Fission, Inc."
FISR,State Street Fixed Income Sector Rotation ETF
FISV,"Fiserv, Inc."
FITB,Fifth Third Bancorp
FITE,State Street SPDR S&P Kensho Future Security ETF
FITZ,Fitz-Gerald Must Have Portfolio ETF
FIVA,Fidelity International Value Factor ETF
FIVE,"Five Below, Inc."
FIVN,"Five9, Inc."
FIW,First Trust Water ETF
FIX,"Comfort Systems USA, Inc."
FIXD,First Trust Smith Opportunistic Fixed Income ETF
FIXP,FolioBeyond Enhanced Fixed Income Premium ETF
FIXT,TCW Core Plus Bond ETF
FIYY,GraniteShares YieldBOOST 20Y Treasuries ETF
FIZZ,National Beverage Corp.
FJAN,FT Vest U.S. Equity Buffer ETF - January
FJET,"Starfighters Space, Inc."
FJP,First Trust Japan AlphaDEX Fund
FJUL,FT Vest U.S. Equity Buffer ETF - July
FJUN,FT Vest U.S. Equity Buffer ETF - June
FKU,First Trust United Kingdom AlphaDEX Fund
FKWL,Franklin Wireless Corp. - common stock
FLAG,Global X S&P 500 U.S. Market Leaders Top 50 ETF
FLAO,AllianzIM U.S. Equity 6 Month Floor5 Apr/Oct ETF
FLAU,Franklin FTSE Australia ETF
FLAX,Franklin FTSE Asia ex Japan ETF
FLBL,Franklin Senior Loan ETF
FLBR,Franklin FTSE Brazil ETF
FLC,Flaherty & Crumrine Total Return Fund Inc
FLCA,Franklin FTSE Canada ETF
FLCB,Franklin U.S. Core Bond ETF
FLCC,Federated Hermes MDT Large Cap Core ETF
FLCE,Frontier Asset U.S. Large Cap Equity ETF
FLCG,Federated Hermes MDT Large Cap Growth ETF
FLCH,Franklin FTSE China ETF
FLCO,Franklin Investment Grade Corporate ETF
FLCV,Federated Hermes MDT Large Cap Value ETF
FLD,"Fold Holdings, Inc."
FLDB,Fidelity Low Duration Bond ETF
FLDDW,"Fold Holdings, Inc. - Warrant"
FLDR,Fidelity Low Duration Bond Factor ETF
FLDZ,TrueShares Patriot Defense ETF
FLEE,Franklin FTSE Europe ETF
FLEU,Franklin FTSE Eurozone ETF
FLEX,Flex Ltd.
FLG,"Flagstar Bank, N.A."
FLGB,Franklin FTSE United Kingdom ETF
FLGR,Franklin FTSE Germany ETF
FLGT,"Fulgent Genetics, Inc."
FLGV,Franklin U.S. Treasury Bond ETF
FLHY,Franklin High Yield Corporate ETF
FLIA,Franklin International Aggregate Bond ETF
FLIN,Franklin FTSE India ETF
FLJH,Franklin FTSE Japan Hedged ETF
FLJJ,AllianzIM U.S. Equity 6 Month Floor5 Jan/Jul ETF
FLJP,Franklin FTSE Japan ETF
FLKR,Franklin FTSE South Korea ETF
FLL,"Full House Resorts, Inc."
FLLA,Franklin FTSE Latin America ETF
FLMB,Franklin Municipal Green Bond ETF
FLMI,Franklin Dynamic Municipal Bond ETF
FLMX,Franklin FTSE Mexico ETF
FLN,First Trust Latin America AlphaDEX Fund
FLNA,"Filana Therapeutics, Inc."
FLNC,"Fluence Energy, Inc."
FLNG,FLEX LNG Ltd.
FLNT,"Fluent, Inc."
FLO,"Flowers Foods, Inc."
FLOC,Flowco Holdings Inc.
FLOT,iShares Floating Rate Bond ETF
FLOW,Global X U.S. Cash Flow Kings 100 ETF
FLQL,Franklin U.S. Large Cap Multifactor Index ETF
FLQM,Franklin U.S. Mid Cap Multifactor Index ETF
FLQS,Franklin U.S. Small Cap Multifactor Index ETF
FLR,Fluor Corporation
FLRG,Fidelity U.S. Multifactor ETF
FLRN,State Street SPDR Bloomberg Investment Grade Floating Rate ETF
FLRT,Pacer Aristotle Pacific Floating Rate High Income ETF
FLS,Flowserve Corporation
FLSA,Franklin FTSE Saudi Arabia ETF
FLSP,Franklin Systematic Style Premia ETF
FLSW,Franklin FTSE Switzerland ETF
FLTB,Fidelity Limited Term Bond ETF
FLTR,VanEck IG Floating Rate ETF
FLTW,Franklin FTSE Taiwan ETF
FLUD,Franklin Ultra Short Bond ETF
FLUT,Flutter Entertainment plc
FLUX,"Flux Power Holdings, Inc."
FLV,American Century Focused Large Cap Value ETF
FLWS,"1-800-FLOWERS.COM, Inc."
FLX,BingEx Limited
FLXI,Invesco Flexible Income ETF
FLXN,Horizon Flexible Income ETF
FLXR,TCW Flexible Income ETF
FLXS,"Flexsteel Industries, Inc."
FLY,Firefly Aerospace Inc.
FLYD,MicroSectors Travel -3x Inverse Leveraged ETN
FLYE,"Fly-E Group, Inc."
FLYT,Tradr 2X Long FLY Daily ETF
FLYU,MicroSectors Travel 3x Leveraged ETN
FLYW,Flywire Corporation - Voting
FLYX,"flyExclusive, Inc."
FLZH,"Flash Sports & Media Holdings, Inc."
FMAC,Future Money Acquisition Corporation
FMACR,Future Money Acquisition Corporation - Rights
FMACU,Future Money Acquisition Corporation - Units
FMAG,Fidelity Magellan ETF
FMAO,"Farmers & Merchants Bancorp, Inc."
FMAR,FT Vest U.S. Equity Buffer ETF - March
FMAT,Fidelity MSCI Materials Index ETF
FMAY,FT Vest U.S. Equity Buffer ETF - May
FMB,First Trust Managed Municipal ETF
FMBH,"First Mid Bancshares, Inc."
FMC,FMC Corporation
FMCE,FM Compounders Equity ETF
FMCX,FM Focus Equity ETF
FMDE,Fidelity Enhanced Mid Cap Core ETF
FMED,Fidelity Disruptive Medicine ETF
FMET,Fidelity Metaverse ETF
FMF,First Trust Managed Futures Strategy Fund
FMFC,Kandal M Venture Limited - Class A ordinary Shares
FMHI,First Trust Municipal High Income ETF
FMKT,The Free Markets ETF
FMN,Federated Hermes Premier Municipal Income Fund
FMNB,Farmers National Banc Corp.
FMNY,First Trust New York Municipal High Income ETF
FMQQ,FMQQ The Next Frontier Internet ETF
FMS,Fresenius Medical Care AG American Depositary Shares (Each representing 1/2 of an Ordinary Share)
FMST,Foremost Clean Energy Ltd.
FMSTW,Foremost Clean Energy Ltd. - Warrant
FMTL,First Trust Indxx Critical Metals ETF
FMTM,MarketDesk Focused U.S. Momentum ETF
FMUB,Fidelity Municipal Bond Opportunities ETF
FMUN,Fidelity Systematic Municipal Bond Index ETF
FMX,Fomento Economico Mexicano S.A.B. de C.V.
FMY,First Trust Mortgage Income Fund Common Shares of Beneficial Interest
FN,Fabrinet
FNB,F.N.B. Corporation
FNCL,Fidelity MSCI Financials Index ETF
FND,"Floor & Decor Holdings, Inc."
FNDA,Schwab Fundamental U.S. Small Company ETF
FNDB,Schwab Fundamental U.S. Broad Market ETF
FNDC,Schwab Fundamental International Small Equity ETF
FNDE,Schwab Fundamental Emerging Markets Equity ETF
FNDF,Schwab Fundamental International Equity ETF
FNDX,Schwab Fundamental U.S. Large Company ETF
FNF,"Fidelity National Financial, Inc."
FNG,Leverage Shares 2X Long FN Daily ETF
FNGD,"MicroSectors FANG  Index -3X Inverse Leveraged ETNs due January 8, 2038"
FNGG,Direxion Daily NYSE FANG+ Bull 2X ETF
FNGO,"MicroSectors FANG  Index 2X Leveraged ETNs due January 8, 2038"
FNGR,"FingerMotion, Inc. - common stock"
FNGS,"MicroSectors FANG  ETNs due January 8, 2038"
FNGU,MicroSectors FANG+ 3X Leveraged ETNs
FNK,First Trust Mid Cap Value AlphaDEX Fund
FNKO,"Funko, Inc."
FNLC,"First Bancorp, Inc (ME)"
FNOV,FT Vest U.S. Equity Buffer ETF - November
FNRN,First Northern Community Bancorp - Common stock
FNUC,Frontier Nuclear and Minerals Inc.
FNV,Franco-Nevada Corporation
FNWB,First Northwest Bancorp
FNWD,Finward Bancorp - common stock
FNX,First Trust Mid Cap Core AlphaDEX Fund
FNY,First Trust Mid Cap Growth AlphaDEX Fund
FOA,Finance of America Companies Inc.
FOCL,"EDAP TMS S.A. - American Depositary Shares, each representing One Ordinary Share"
FOCT,FT Vest U.S. Equity Buffer ETF - October
FOF,"Cohen & Steers Closed-End Opportunity Fund, Inc."
FOFO,"Hang Feng Technology Innovation Co., Ltd."
FOMG,Leverage Shares 2X Long FORM Daily ETF
FOPC,Frontier Asset Opportunistic Credit ETF
FOR,Forestar Group Inc
FORH,Formidable ETF
FORM,"FormFactor, Inc."
FORR,"Forrester Research, Inc."
FORTY,Formula Systems (1985) Ltd.
FOSL,"Fossil Group, Inc."
FOTO,Tuttle Capital Pure Play Photonics ETF
FOUR,"Shift4 Payments, Inc."
FOWF,Pacer Solactive Whitney Future of Warfare ETF
FOX,Fox Corporation
FOXA,Fox Corporation
FOXF,Fox Factory Holding Corp.
FOXX,Foxx Development Holdings Inc.
FOXXW,Foxx Development Holdings Inc. - Warrant
FOXY,Simplify Currency Strategy ETF
FPA,First Trust Asia Pacific Ex-Japan AlphaDEX Fund
FPAA,FPA Global Allocation ETF
FPAG,FPA Global Equity ETF
FPAS,FPA Short Duration Government ETF
FPE,First Trust Preferred Securities and Income ETF ETF
FPEI,First Trust Institutional Preferred Securities and Income ETF
FPF,First Trust Intermediate Duration Preferred & Income Fund Common Shares of Beneficial Interest
FPFD,Fidelity Preferred Securities & Income ETF
FPH,"Five Point Holdings, LLC Class A"
FPI,Farmland Partners Inc.
FPRO,Fidelity Real Estate Investment ETF
FPS,"Forgent Power Solutions, Inc."
FPSX,Leverage Shares 2X Long FPS Daily ETF
FPWR,First Trust EIP Power Solutions ETF
FPX,First Trust US Equity Opportunities ETF
FPXE,First Trust IPOX Europe Equity Opportunities ETF
FPXI,First Trust International Equity Opportunities ETF
FQAL,Fidelity Quality Factor ETF
FR,"First Industrial Realty Trust, Inc."
FRA,Blackrock Floating Rate Income Strategies Fund Inc
FRAF,Franklin Financial Services Corporation
FRBA,First Bank
FRBT,"Forbright, Inc."
FRD,Friedman Industries Inc.
FRDM,Freedom 100 Emerging Markets ETF
FREI,Fidelity Real Estate Income ETF
FREL,Fidelity MSCI Real Estate Index ETF
FRGN,Horizon International Equity ETF
FRGT,"Freight Technologies, Inc."
FRHC,Freedom Holding Corp.
FRI,First Trust S&P REIT Index Fund
FRIZ,Franklin Dividend Growth ETF
FRME,First Merchants Corporation
FRMEP,"First Merchants Corporation - Depository Shares, each representing a 1/100th interest in a share of 7.50% Non-Cumulative Perpetual Preferred Stock, A"
FRMI,Fermi Inc.
FRMM,"Forum Markets, Incorporated"
FRNM,"Freenome, Inc. - Common stock"
FRNW,Fidelity Clean Energy ETF
FRO,Frontline Plc
FROG,JFrog Ltd. - Ordinary shares
FRPH,"FRP Holdings, Inc."
FRPT,"Freshpet, Inc."
FRSH,Freshworks Inc.
FRST,Primis Financial Corp.
FRSX,Foresight Autonomous Holdings Ltd.
FRT,Federal Realty Investment Trust
FRTT,Fort Technology Inc.
FRTY,Alger Mid Cap 40 ETF
FRVO,Fervo Energy Company - Class A common stock
FRWD,Nomura Transformational Technologies ETF
FSBC,Five Star Bancorp
FSBW,"FS Bancorp, Inc."
FSCC,Federated Hermes MDT Small Cap Core ETF
FSCO,FS Credit Opportunities Corp.
FSCS,First Trust SMID Capital Strength ETF
FSEA,"First Seacoast Bancorp, Inc."
FSEC,Fidelity Investment Grade Securitized ETF
FSEG,Fidelity Enhanced Small Cap Growth ETF
FSEP,FT Vest U.S. Equity Buffer ETF - September
FSEV,Fidelity Enhanced Small Cap Value ETF
FSGS,First Trust SMID Growth Strength ETF
FSHP,Flag Ship Acquisition Corp.
FSHPR,Flag Ship Acquisition Corp. - Right
FSHPU,Flag Ship Acquisition Corp. - Unit
FSI,Flexible Solutions International Inc. Common Stock (CDA)
FSIG,First Trust Limited Duration Investment Grade Corporate ETF
FSK,FS KKR Capital Corp.
FSLR,"First Solar, Inc."
FSLY,"Fastly, Inc."
FSM,Fortuna Mining Corp.
FSMB,First Trust Short Duration Managed Municipal ETF
FSMD,Fidelity Small-Mid Multifactor ETF
FSML,Franklin Small Cap Enhanced ETF
FSOL,Fidelity Solana Fund
FSP,Franklin Street Properties Corp.
FSPC,First Trust Bloomberg Space Economy ETF
FSS,Federal Signal Corporation
FSSL,FS Specialty Lending Fund Common Shares of Beneficial Interest
FSTA,Fidelity MSCI Consumer Staples Index ETF
FSTB,Fidelity Short-Term Bond ETF
FSTR,L.B. Foster Company
FSUN,FirstSun Capital Bancorp
FSV,FirstService Corporation
FSYD,Fidelity Sustainable High Yield ETF
FSZ,First Trust Switzerland AlphaDEX Fund
FT,Franklin Universal Trust
FTA,First Trust Large Cap Value AlphaDEX Fund
FTAG,First Trust Indxx Global Agriculture ETF
FTAI,FTAI Aviation Ltd.
FTAIM,FTAI Aviation Ltd. - 9.500% Fixed-Rate Reset Series D Cumulative Perpetual Redeemable Preferred Shares
FTBD,Fidelity Tactical Bond ETF
FTBI,First Trust Balanced Income ETF
FTC,First Trust Large Cap Growth AlphaDEX Fund
FTCA,Franklin California Municipal Income ETF
FTCB,First Trust Core Investment Grade ETF
FTCE,First Trust New Constructs Core Earnings Leaders ETF
FTCI,"FTC Solar, Inc."
FTCS,First Trust Capital Strength ETF
FTDR,"Frontdoor, Inc."
FTDS,First Trust Dividend Strength ETF
FTEC,Fidelity MSCI Information Technology Index ETF
FTEK,"Fuel Tech, Inc."
FTF,Franklin Limited Duration Income Trust Common Shares of Beneficial Interest
FTFT,Future FinTech Group Inc.
FTGC,First Trust Global Tactical Commodity Strategy Fund
FTGS,First Trust Growth Strength ETF
FTH,"Faeth Therapeutics, Inc."
FTHA,Forefront Tech Holdings Acquisition Corp - Class A
FTHAU,Forefront Tech Holdings Acquisition Corp - Unit
FTHAW,Forefront Tech Holdings Acquisition Corp - Warrant
FTHB,FIS Faith Income ETF
FTHF,First Trust Emerging Markets Human Flourishing ETF
FTHI,First Trust BuyWrite Income ETF
FTHM,Fathom Holdings Inc.
FTHY,First Trust High Yield Opportunities 2027 Term Fund
FTI,TechnipFMC plc Ordinary Share
FTIF,First Trust Bloomberg Inflation Sensitive Equity ETF
FTK,"Flotek Industries, Inc."
FTKI,First Trust Small Cap BuyWrite Income ETF
FTLF,"FitLife Brands, Inc."
FTLS,First Trust Long/Short Equity
FTMA,Franklin Massachusetts Municipal Income ETF
FTMH,Franklin Municipal High Yield ETF
FTMN,Franklin Minnesota Municipal Income ETF
FTMS,Franklin Short-Term Municipal Income ETF
FTMU,Franklin Municipal Income ETF
FTNJ,Franklin New Jersey Municipal Income ETF
FTNT,"Fortinet, Inc."
FTNY,Franklin New York Municipal Income ETF
FTOH,Franklin Ohio Municipal Income ETF
FTPA,Franklin Pennsylvania Municipal Income ETF
FTQI,First Trust Nasdaq BuyWrite Income ETF
FTRA,FutureCorp Space Acquisition 1 Class A
FTRB,Federated Hermes Total Return Bond ETF
FTRE,Fortrea Holdings Inc.
FTRI,First Trust Indxx Global Natural Resources Income ETF
FTRK,FAST TRACK GROUP - Ordinary shares
FTS,Fortis Inc.
FTSD,Franklin Short Duration U.S. Government ETF
FTSL,First Trust Senior Loan Fund
FTSM,First Trust Enhanced Short Maturity ETF
FTV,Fortive Corporation
FTW,Presidio Production Company
FTWO,Strive Natural Resources and Security ETF
FTXG,First Trust Nasdaq Food & Beverage ETF
FTXH,First Trust Nasdaq Pharmaceuticals ETF
FTXL,First Trust Nasdaq Semiconductor ETF
FTXN,First Trust Nasdaq Oil & Gas ETF
FTXO,First Trust Nasdaq Bank ETF
FTXR,First Trust Nasdaq Transportation ETF
FUBO,FuboTV Inc.
FUFU,BitFuFu Inc. - Class A
FUFUW,BitFuFu Inc. - Warrant
FUL,H. B. Fuller Company
FULC,"Fulcrum Therapeutics, Inc."
FULT,Fulton Financial Corporation
FULTP,"Fulton Financial Corporation - Depositary Shares Each Representing a 1/40th Interest in a Share of Fixed Rate Non-Cumulative Perpetual Preferred Stock, Series A"
FUMB,First Trust Ultra Short Duration Municipal ETF
FUN,Six Flags Entertainment Corporation Common Stock New
FUNC,First United Corporation
FUND,"Sprott Focus Trust, Inc. - Closed End Fund"
FURY,Fury Gold Mines Limited
FUSB,"First US Bancshares, Inc."
FUSD,Federated Hermes Ultrashort Bond ETF
FUSE,Fusemachines Inc. - Common stock
FUSEW,Fusemachines Inc. - Warrants
FUSI,American Century Multisector Floating Income ETF
FUTG,Leverage Shares 2x Long FUTU Daily ETF
FUTU,Futu Holdings Limited
FUTY,Fidelity MSCI Utilities Index ETF
FV,First Trust Dorsey Wright Focus 5 ETF
FVAL,Fidelity Value Factor ETF
FVAV,Fortress Value Acquisition Corp. V - Class A
FVC,First Trust Dorsey Wright Dynamic Focus 5 ETF
FVCB,"FVCBankcorp, Inc."
FVD,First Trust VL Dividend
FVN,Future Vision II Acquisition Corporation
FVNNR,Future Vision II Acquisition Corporation - Right
FVNNU,Future Vision II Acquisition Corporation - Units
FVR,"FrontView REIT, Inc."
FVRR,"Fiverr International Ltd. Ordinary Shares, no par value"
FWAC,Futurewave Acquisition Corporation
FWACR,Futurewave Acquisition Corporation - Rights
FWACU,Futurewave Acquisition Corporation - Units
FWACW,Futurewave Acquisition Corporation - Warrants
FWD,AB Disruptors ETF
FWDI,"Forward Industries, Inc."
FWONA,Liberty Media Corporation - Series A Liberty Formula One
FWONK,Liberty Media Corporation - Series C Liberty Formula One
FWRD,Forward Air Corporation
FWRG,"First Watch Restaurant Group, Inc."
FXA,Invesco CurrencyShares Australian Dollar Trust
FXAC,FortuneX Acquisition Corporation - Ordinary shares
FXACU,FortuneX Acquisition Corporation - Units
FXACW,FortuneX Acquisition Corporation - Warrant
FXB,Invesco CurrencyShares British Pound Sterling Trust
FXC,Invesco CurrencyShares Canadian Dollar Trust
FXD,First Trust Cons. Discret. AlphaDEX
FXE,Invesco CurrencyShares Euro Currency Trust
FXED,Sound Enhanced Fixed Income ETF
FXF,Invesco CurrencyShares Swiss Franc Trust
FXG,First Trust Cons. Staples AlphaDEX
FXH,First Trust Health Care AlphaDEX
FXHO,UTime Limited - Class A
FXI,iShares China Large-Cap ETF
FXL,First Trust Technology AlphaDEX
FXN,First Trust Energy AlphaDEX Fund
FXNC,First National Corporation
FXO,First Trust Financials AlphaDEX
FXP,ProShares UltraShort FTSE China 50
FXR,First Trust Industrials AlphaDEX
FXU,First Trust Utilities AlphaDEX Fund
FXY,Invesco CurrencyShares Japanese Yen Trust
FXZ,First Trust Materials AlphaDEX Fund
FYC,First Trust Small Cap Growth AlphaDEX Fund
FYEE,Fidelity Yield Enhanced Equity ETF
FYLD,Cambria Foreign Shareholder Yield ETF
FYT,First Trust Small Cap Value AlphaDEX Fund
FYX,First Trust Small Cap Core AlphaDEX Fund
G,Genpact Limited
GAA,Cambria Global Asset Allocation ETF
GAB,"Gabelli Equity Trust, Inc. (The)"
GABC,"German American Bancorp, Inc."
GABF,Gabelli ETFs Trust Gabelli Financial Services Opportunities ETF
GAEM,Simplify Gamma Emerging Market Bond ETF
GAIA,"Gaia, Inc."
GAIN,Gladstone Investment Corporation - Business Development Company
GAING,Gladstone Investment Corporation - 7.125% Notes due 2031
GAINI,Gladstone Investment Corporation - 7.875% Notes due 2030
GAINZ,Gladstone Investment Corporation - 4.875% Notes due 2028
GAL,State Street Global Allocation ETF
GALT,Galectin Therapeutics Inc.
GALX,VistaShares Space Supercycle ETF
GAM,"General American Investors, Inc."
GAME,"GameSquare Holdings, Inc. - Common stock"
GAMR,Amplify Video Game Leaders ETF
GANX,"Gain Therapeutics, Inc."
GAP,"Gap, Inc. (The)"
GAPR,FT Vest U.S. Equity Moderate Buffer ETF - April
GARA,Guinness Atkinson Real Assets Income ETF
GARP,iShares MSCI USA Quality GARP ETF
GARY,Mango Growth ETF
GASS,"StealthGas, Inc. - common stock"
GASZ,Corgi Natural Gas Power & Turbines ETF
GATX,GATX Corporation
GAU,Galiano Gold Inc.
GAUG,FT Vest U.S. Equity Moderate Buffer ETF - August
GAUZ,Gauzy Ltd.
GAVA,Grayscale Avalanche Staking ETF
GBAB,Guggenheim Taxable Municipal Bond & Investment Grade Debt Trust Common Shares of Beneficial Interest
GBCI,"Glacier Bancorp, Inc."
GBDC,"Golub Capital BDC, Inc. - Closed End Fund"
GBF,iShares Government/Credit Bond ETF
GBFH,GBank Financial Holdings Inc.
GBHI,Gabelli High Income ETF
GBIL,Goldman Sachs Access Treasury 0-1 Year ETF
GBLI,"Global Indemnity Group, LLC - Class A"
GBND,Goldman Sachs Core Bond ETF
GBR,"New Concept Energy, Inc"
GBTC,Grayscale Bitcoin Trust (BTC)
GBTG,"Global Business Travel Group, Inc."
GBUG,Sprott Active Gold & Silver Miners ETF
GBX,"Greenbrier Companies, Inc. (The)"
GCAD,Gabelli Commercial Aerospace and Defense ETF
GCAL,Goldman Sachs Dynamic California Municipal Income ETF
GCBC,"Greene County Bancorp, Inc."
GCC,WisdomTree EnhancedContinuous Commodity Index Fund
GCDT,Green Circle Decarbonize Technology Limited
GCGR,General Catalyst Global Resilience Merger Corp. - Class A
GCGRU,General Catalyst Global Resilience Merger Corp. - Units
GCGRW,General Catalyst Global Resilience Merger Corp. - Warrants
GCL,GCL Global Holdings Ltd
GCLWW,GCL Global Holdings Ltd - Warrants
GCMG,GCM Grosvenor Inc.
GCO,Genesco Inc.
GCOR,Goldman Sachs Access U.S. Aggregate Bond ETF
GCOW,Pacer Global Cash Cows Dividend ETF
GCSH,Guggenheim Ultra Short Income ETF
GCT,GigaCloud Technology Inc - Class A
GCTK,"GlucoTrack, Inc."
GCTS,"GCT Semiconductor Holding, Inc."
GCV,"Gabelli Convertible and Income Securities Fund, Inc. (The)"
GD,General Dynamics Corporation
GDC,GD Culture Group Limited
GDDY,GoDaddy Inc.
GDE,WisdomTree Efficient Gold Plus Equity Strategy Fund
GDEC,FT Vest U.S. Equity Moderate Buffer ETF - December
GDEV,GDEV Inc.
GDEVW,GDEV Inc. - Warrant
GDHG,Golden Heaven Group Holdings Ltd.  - Class A
GDIV,Harbor Dividend Growth Leaders ETF
GDL,"GDL Fund, The Common Shares of Beneficial Interest"
GDLC,Grayscale CoinDesk Crypto 5 ETF
GDMA,Gadsden Dynamic Multi-Asset ETF
GDMN,WisdomTree Efficient Gold Plus Gold Miners Strategy Fund
GDO,Western Asset Global Corporate Opportunity Fund Inc.
GDOC,Goldman Sachs Future Health Care Equity ETF
GDOG,Grayscale Dogecoin Trust ETF
GDOT,"Green Dot Corporation Class A Common Stock, $0.001 par value"
GDRX,"GoodRx Holdings, Inc."
GDS,GDS Holdings Limited
GDT,WisdomTree Efficient TIPS Plus Gold Fund
GDTC,CytoMed Therapeutics Limited
GDV,Gabelli Dividend & Income Trust Common Shares of Beneficial Interest
GDX,VanEck Gold Miners ETF
GDXD,MicroSectors Gold Miners -3X Inverse Leveraged ETNs
GDXJ,VanEck Junior Gold Miners ETF
GDXU,MicroSectors Gold Miners 3X Leveraged ETN
GDXW,Roundhill Gold Miners WeeklyPay ETF
GDXY,YieldMax Gold Miners Option Income Strategy ETF
GDYN,"Grid Dynamics Holdings, Inc."
GE,GE Aerospace
GECC,Great Elm Capital Corp. - Closed End Fund
GECCG,Great Elm Capital Corp. - 7.75% Notes Due 2030
GECCH,Great Elm Capital Corp. - 8.125% Notes Due 2029
GECCI,Great Elm Capital Corp. - 8.50% NOTES DUE 2029
GEF,Greif Inc.
GEG,"Great Elm Group, Inc."
GEGGL,"Great Elm Group, Inc.  - 7.25% Notes due 2027"
GEHC,GE HealthCare Technologies Inc.
GEL,"Genesis Energy, L.P. Common Units"
GELS,Gelteq Limited
GEM,Goldman Sachs ActiveBeta Emerging Markets Equity ETF
GEMD,Goldman Sachs Access Emerging Markets USD Bond ETF
GEME,Pacific North of South EM Equity Active ETF
GEMG,Leverage Shares 2X Long GEMI Daily ETF
GEMI,"Gemini Space Station, Inc."
GEN,Gen Digital Inc.
GENB,"Generate Biomedicines, Inc."
GENC,"Gencor Industries, Inc."
GEND,Genter Capital Dividend Income ETF
GENI,Genius Sports Limited
GENK,"GEN Restaurant Group, Inc."
GENM,Genter Capital Municipal Quality Intermediate ETF
GENT,Genter Capital Taxable Quality Intermediate ETF
GENVR,Gen Digital Inc. - Contingent Value Rights
GENW,Genter Capital International Dividend ETF
GENZ,VanEck Digital Native Economy ETF
GEO,Geo Group Inc (The) REIT
GEOA,WisdomTree GeoAlpha Opportunities Fund
GEOS,Geospace Technologies Corporation
GEQ,Cambria Global EW 2 ETF
GERN,Geron Corporation
GETY,"Getty Images Holdings, Inc."
GEV,GE Vernova Inc.
GEVC,Corgi GEV 2x Daily ETF
GEVG,Leverage Shares 2X Long GEV Daily ETF
GEVO,"Gevo, Inc."
GEVX,Tradr 2X Long GEV Daily ETF
GEW,Cambria Global EW ETF
GF,"New Germany Fund, Inc. (The)"
GFAI,"Guardforce AI Co., Limited"
GFAIW,"Guardforce AI Co., Limited - Warrant"
GFEB,FT Vest U.S. Equity Moderate Buffer ETF - February
GFF,Griffon Corporation
GFGF,Guru Favorite Stocks ETF
GFI,Gold Fields Limited
GFL,"GFL Environmental Inc. Subordinate voting shares, no par value"
GFLW,VictoryShares Free Cash Flow Growth ETF
GFR,Greenfire Resources Ltd.
GFS,GlobalFoundries Inc. - Ordinary Share
GFSG,Leverage Shares 2X Long GFS Daily ETF
GFUZ,General Fusion Group Ltd.
GFUZW,General Fusion Group Ltd. - Warrant
GGAL,"Grupo Financiero Galicia S.A. - American Depositary Shares, Class B Shares underlying"
GGB,Gerdau S.A.
GGG,Graco Inc.
GGLL,Direxion Daily GOOGL Bull 2X ETF
GGLS,Direxion Daily GOOGL Bear 1X ETF
GGM,GGM Macro Alignment ETF
GGME,Invesco Next Gen Media and Gaming ETF
GGN,"GAMCO Global Gold, Natural Resources & Income Trust"
GGOV,iShares Global Government Bond USD Hedged Active ETF
GGR,Gogoro Inc.
GGROW,Gogoro Inc. - Warrant
GGRP,"The Glimpse Group, Inc."
GGRW,Gabelli Growth Innovators ETF
GGT,"Gabelli Multi-Media Trust, Inc. (The)"
GGTL,Gabelli Global Technology Leaders ETF
GGUS,Goldman Sachs MarketBeta Russell 1000 Growth Equity ETF
GGZ,Gabelli Global Small and Mid Cap Value Trust (The) Common Shares of Beneficial Interest
GH,"Guardant Health, Inc."
GHC,Graham Holdings Company
GHG,"GreenTree Hospitality Group Ltd. American depositary shares, each representing one Class A ordinary share"
GHI,Greystone Housing Impact Investors LP Beneficial Unit Certificates representing assignments of limited partnership interests
GHM,Graham Corporation
GHRS,GH Research PLC
GHTA,Goose Hollow Tactical Allocation ETF
GHXIU,"Gores Holdings XI, Inc. - Units"
GHY,"PGIM Global High Yield Fund, Inc."
GHYB,Goldman Sachs Access High Yield Corporate Bond ETF
GHYG,iShares US & Intl High Yield Corp Bond ETF
GIAX,Nicholas Global Equity and Income ETF
GIB,CGI Inc.
GIBO,GIBO Holdings Limited - Class A
GIBOW,GIBO Holdings Limited - Warrants
GIC,Global Industrial Company
GIEQ,Goldman Sachs Data Enhanced International Equity ETF
GIFT,"Giftify, Inc."
GIGB,Goldman Sachs Access Investment Grade Corporate Bond ETF
GIGL,Goldman Sachs Corporate Bond ETF
GIGM,GigaMedia Limited
GII,State Street SPDR S&P Global Infrastructure ETF
GIII,"G-III Apparel Group, LTD."
GIL,"Gildan Activewear, Inc. Class A Sub. Vot."
GILD,"Gilead Sciences, Inc."
GILT,Gilat Satellite Networks Ltd.
GIND,Goldman Sachs India Equity ETF
GINN,Goldman Sachs Innovate Equity ETF
GINX,SGI Enhanced Global Income ETF
GIPR,Generation Income Properties Inc. - Common stock
GIPRW,Generation Income Properties Inc. - Warrant
GIS,"General Mills, Inc."
GISC,Guggenheim Securitized Income ETF
GITS,"Global Interactive Technologies, Inc. Common Stock"
GIW,GigCapital8 Corp. - Class A
GIWWR,GigCapital8 Corp. - Rights
GIWWU,GigCapital8 Corp. - Units
GIX,GigCapital9 Corp. - Class A Ordinary Share
GIXXR,GigCapital9 Corp. - Rights
GIXXU,GigCapital9 Corp. - Units
GJAN,FT Vest U.S. Equity Moderate Buffer ETF - January
GJH,Synthetic Fixed-Income Securities Inc 6.375% (STRATS) Cl A-1
GJO,"Synthetic Fixed-Income Securities, Inc. on behalf of STRATS(SM) Trust for Wal-Mart Stores, Inc. Securities, Series 2004-5"
GJP,"Synthetic Fixed-Income Securities, Inc. on behalf of STRATS (SM) Trust for Dominion Resources, Inc. Securities, Series 2005-6, Floating Rate Structured Repackaged Asset-Backed Trust Securities (STRATS) Certificates"
GJR,"Synthetic Fixed-Income Securities, Inc. STRATS Trust for Procter&Gamble Securities, Series 2006-1"
GJS,"Goldman Sachs Group Securities STRATS Trust for Goldman Sachs Group Securities, Series 2006-2"
GJT,"Synthetic Fixed-Income Securities, Inc. Floating Rate Structured Repackaged Asset-Backed Trust Securities Certificates, Series 2006-3"
GJUL,FT Vest U.S. Equity Moderate Buffer ETF - July
GJUN,FT Vest U.S. Equity Moderate Buffer ETF - June
GK,AdvisorShares Gerber Kawasaki ETF
GKAT,Scharf Global Opportunity ETF
GKOS,Glaukos Corporation
GL,Globe Life Inc.
GLAD,Gladstone Capital Corporation - Closed End Fund
GLAM,"Corgi Beauty, Skincare & Aesthetics ETF"
GLAS,Glass House Brands Inc. Subordinate Voting Shares
GLBE,Global-E Online Ltd. - ordinary shares
GLBL,Pacer MSCI World Industry Advantage ETF
GLBS,Globus Maritime Limited
GLCR,GlacierShares Nasdaq Iceland ETF
GLD,SPDR Gold Shares
GLDB,IDX Alternative FIAT ETF
GLDG,GoldMining Inc.
GLDI,"ETRACS Gold Shares Covered Call ETNs due February 2, 2033"
GLDM,SPDR Gold MiniShares Trust
GLDN,Nicholas Gold Income ETF
GLDW,Roundhill Gold WeeklyPay ETF
GLE,Global Engine Group Holding Limited - Class A
GLED,GalaxyEdge Acquisition Corporation
GLGG,Leverage Shares 2X Long GLXY Daily ETF
GLIBA,Liberty Capital Corporation - Series A GCI Group
GLIBK,Liberty Capital Corporation - Series C GCI Group
GLIN,VanEck India Growth Leaders ETF
GLIX,Lazard Listed Infrastructure ETF
GLL,ProShares UltraShort Gold
GLMD,Galmed Pharmaceuticals Ltd.
GLND,Greenland Energy Company
GLNDW,Greenland Energy Company - Warrant
GLNG,Golar LNG Limited
GLNK,Grayscale Chainlink Trust ETF
GLO,Clough Global Opportunities Fund
GLOB,Globant S.A.
GLOF,iShares Global Equity Factor ETF
GLOO,"Gloo Holdings, Inc."
GLOW,VictoryShares WestEnd Global Equity ETF
GLP,Global Partners LP Common Units representing Limited Partner Interests
GLPI,"Gaming and Leisure Properties, Inc."
GLQ,Clough Global Equity Fund Clough Global Equity Fund Common Shares of Beneficial Interest
GLRE,"Greenlight Reinsurance, Ltd. - Class A"
GLRY,Inspire Growth ETF
GLSI,"Greenwich LifeSciences, Inc. - Common stock"
GLTR,abrdn Physical Precious Metals Basket Shares ETF
GLU,Gabelli Global Utility Common Shares of Beneficial Ownership
GLUE,"Monte Rosa Therapeutics, Inc."
GLV,Clough Global Dividend and Income Fund Common Shares of beneficial interest
GLW,Corning Incorporated
GLWG,Leverage Shares 2X Long GLW Daily ETF
GLX,Corgi GLXY 2x Daily ETF
GLXG,Galaxy Payroll Group Limited - Class A
GLXU,T-REX 2X Long GLXY Daily Target ETF
GLXY,Galaxy Digital Inc. - Class A common stock
GM,General Motors Company
GMAB,Genmab A/S
GMAR,FT Vest U.S. Equity Moderate Buffer ETF - March
GMAY,FT Vest U.S. Equity Moderate Buffer ETF - May
GME,GameStop Corporation
GMEC,Corgi GME 2x Daily ETF
GMED,"Globus Medical, Inc."
GMEU,T-REX 2X Long GME Daily Target ETF
GMEX,GMEX ROBOTICS CORPORATION - Class A
GMEY,YieldMax GME Option Income Strategy ETF
GMF,State Street SPDR S&P Emerging Asia Pacific ETF
GMHS,Gamehaus Holdings Inc. - Class A
GMM,Global Mofy AI Limited  - Class A
GMMA,GammaRoad Market Navigation ETF
GMMF,iShares Government Money Market ETF
GMNY,Goldman Sachs Dynamic New York Municipal Income ETF
GMOC,GMO Ultra-Short Income ETF
GMOD,GMO Dynamic Allocation ETF
GMOI,GMO International Value ETF
GMOM,Cambria Global Momentum ETF
GMOV,GMO US Value ETF
GMRS,GMR Solutions Inc.
GMTL,Guardian Metal Resources PLC ADS
GMUB,Goldman Sachs Municipal Income ETF
GNE,Genie Energy Ltd. Class B Common Stock Stock
GNK,Genco Shipping & Trading Limited Ordinary Shares New (Marshall Islands)
GNL,"Global Net Lease, Inc."
GNLN,"Greenlane Holdings, Inc."
GNLX,Genelux Corporation
GNMA,iShares GNMA Bond ETF
GNMX,Corgi Genomics & Precision Medicine ETF
GNOM,Global X Genomics & Biotechnology ETF
GNOV,FT Vest U.S. Equity Moderate Buffer ETF - November
GNPX,"Genprex, Inc."
GNR,State Street SPDR S&P Global Natural Resources ETF
GNRC,Generac Holdlings Inc.
GNS,Genius Group Limited
GNSS,Genasys Inc.
GNT,"GAMCO Natural Resources, Gold & Income Trust"
GNTA,Genenta Science S.p.A.
GNTX,Gentex Corporation
GNW,Genworth Financial Inc
GO,Grocery Outlet Holding Corp.
GOAI,Eva Live Inc.
GOAU,US Global GO Gold and Precious Metal Miners ETF
GOCT,FT Vest U.S. Equity Moderate Buffer ETF - October
GOEX,Global X Gold Explorers ETF
GOF,Guggenheim Strategic Opportunities Fund Common Shares of Beneficial Interest
GOGL,Corgi GOOGL 2x Daily ETF
GOGO,Gogo Inc.
GOIB,Direxion GOOGL Defined Income Boost ETF
GOLD,"Gold.com, Inc."
GOLF,Acushnet Holdings Corp.
GOLI,Defiance Gold Enhanced Options Income ETF
GOLS,Gabelli Opportunities in Live and Sports ETF
GOLY,Strategy Shares Gold Enhanced Yield ETF
GOOD,Gladstone Commercial Corporation - Real Estate Investment Trust
GOODN,Gladstone Commercial Corporation - 6.625% Series E Cumulative Redeemable Preferred Stock
GOODO,"Gladstone Commercial Corporation - 6.00% Series G Cumulative Redeemable Preferred Stock, par value $0.001 per share"
GOOG,Alphabet Inc. - Class C Capital Stock
GOOGL,Alphabet Inc.
GOOGM,Alphabet Inc. - Depositary Shares representing a 1/20th Interest in a Share of Series A Mandatory Convertible Preferred Stock
GOOGN,Alphabet Inc. - Depositary Shares representing a 1/20th Interest in a Share of Series B Mandatory Convertible Preferred Stock
GOOL,Leverage Shares 2X Long GOOGL Daily ETF
GOOP,Kurv Yield Premium Strategy Google (GOOGL) ETF
GOOS,Canada Goose Holdings Inc. Subordinate Voting Shares
GOOW,Roundhill GOOGL WeeklyPay ETF
GOOX,T-Rex 2X Long Alphabet Daily Target ETF
GOOY,YieldMax GOOGL Option Income Strategy ETF
GOP,Subversive Congressional Republicans Trading ETF
GORO,Goldgroup Mining Inc.
GOSS,"Gossamer Bio, Inc."
GOTU,Gaotu Techedu Inc.
GOU,GraniteShares 2x Long GOOGL Daily ETF
GOVI,Invesco Equal Weight 0-30 Year Treasury ETF
GOVM,iShares 1-10 Year Treasury Bond ETF
GOVT,iShares U.S. Treasury Bond ETF
GOVX,"GeoVax Labs, Inc."
GOVZ,iShares 25  Year Treasury STRIPS Bond ETF
GP,GreenPower Motor Company Inc.
GPAC,General Purpose Acquisition Corp. - Class A
GPACU,General Purpose Acquisition Corp. - Units
GPACW,General Purpose Acquisition Corp. - Warrant
GPAT,GP-Act III Acquisition Corp. - Class A Ordinary Share
GPATU,GP-Act III Acquisition Corp. - Units
GPATW,GP-Act III Acquisition Corp. - Warrants
GPC,Genuine Parts Company
GPCR,Structure Therapeutics Inc.
GPGI,"GPGI, Inc."
GPI,"Group 1 Automotive, Inc."
GPIQ,Goldman Sachs Nasdaq-100 Premium Income ETF
GPIX,Goldman Sachs S&P 500 Premium Income ETF
GPJA,"Georgia Power Company Series 2017A 5.00% Junior Subordinated Notes due October 1, 2077"
GPK,Graphic Packaging Holding Company
GPMT,Granite Point Mortgage Trust Inc.
GPN,Global Payments Inc.
GPOR,Gulfport Energy Corporation
GPRE,"Green Plains, Inc."
GPRF,Goldman Sachs Access U.S. Preferred Stock and Hybrid Securities ETF
GPRK,Geopark Ltd
GPRO,"GoPro, Inc."
GPT,Intelligent Alpha Atlas ETF
GPTY,YieldMax AI & Tech Portfolio Option Income ETF
GPUS,"Hyperscale Data, Inc."
GPZ,VanEck Alternative Asset Manager ETF
GQGU,GQG US Equity ETF
GQI,Natixis Gateway Quality Income ETF
GQQQ,Astoria US Quality Growth Kings ETF
GQRE,FlexShares Global Quality Real Estate Index Fund
GRAB,Grab Holdings Limited - Class A
GRABW,Grab Holdings Limited - Warrant
GRAG,Leverage Shares 2X Long GRAB Daily ETF
GRAL,"GRAIL, Inc."
GRAN,Grande Group Limited - Class A
GRBK,"Green Brick Partners, Inc."
GRC,Gorman-Rupp Company (The)
GRCE,"Grace Therapeutics, Inc."
GRDN,"Guardian Pharmacy Services, Inc."
GRDX,GridAI Technologies Corp.
GREEL,Vulcan Infrastructure and Power Inc. - 8.50% Senior Notes due 2026
GREK,Global X MSCI Greece ETF
GRF,"Eagle Capital Growth Fund, Inc."
GRFS,"Grifols, S.A."
GRI,"GRI Bio, Inc."
GRID,First Trust NASDAQ Clean Edge Smart Grid Infrastructure Index Fund
GRIN,VictoryShares International Free Cash Flow Growth ETF
GRML,Greenland Mines Ltd
GRMLW,Greenland Mines Ltd - Warrants
GRMN,Garmin Ltd. Common Stock (Switzerland)
GRN,iPath Series B Carbon Exchange-Traded Notes
GRNB,VanEck Green Bond ETF
GRND,Grindr Inc.
GRNI,Fundstrat Granny Shots US Large Cap & Income ETF
GRNJ,Fundstrat Granny Shots US Small- & Mid-Cap ETF
GRNQ,Greenpro Capital Corp.
GRNT,"Granite Ridge Resources, Inc."
GRNY,Fundstrat Granny Shots US Large Cap ETF
GRO,Brazil Potash Corp.
GROV,"Grove Collaborative Holdings, Inc."
GROW,"U.S. Global Investors, Inc."
GROY,Gold Royalty Corp.
GROZ,Zacks Focus Growth ETF
GRPM,Invesco S&P MidCap 400 GARP ETF
GRPN,"Groupon, Inc."
GRPZ,Invesco S&P SmallCap 600 GARP ETF
GRRR,Gorilla Technology Group Inc. - Ordinary shares
GRRRW,Gorilla Technology Group Inc. - Warrant
GRSD,Grandstand Limited
GRVY,"GRAVITY Co., Ltd. - American depositary shares, each representing one common share."
GRW,TCW Durable Growth ETF
GRWG,GrowGeneration Corp.
GRX,The Gabelli Healthcare & Wellness Trust Common Shares of Beneficial Interest
GS,"Goldman Sachs Group, Inc. (The)"
GSAT,"Globalstar, Inc."
GSBC,"Great Southern Bancorp, Inc."
GSBD,"Goldman Sachs BDC, Inc."
GSC,Goldman Sachs Small Cap Equity ETF
GSEE,Goldman Sachs MarketBeta Emerging Markets Equity ETF
GSEP,FT Vest U.S. Equity Moderate Buffer ETF - September
GSEU,Goldman Sachs ActiveBeta Europe Equity ETF
GSEW,Goldman Sachs Equal Weight U.S. Large Cap Equity ETF
GSG,iShares GSCI Commodity-Indexed Trust Fund
GSGO,Goldman Sachs Growth Opportunities ETF
GSHD,"Goosehead Insurance, Inc."
GSHR,Gesher Acquisition Corp. II - Class A
GSHRU,Gesher Acquisition Corp. II - Units
GSHRW,Gesher Acquisition Corp. II - Warrants
GSIB,Themes Global Systemically Important Banks ETF
GSID,Goldman Sachs MarketBeta International Equity ETF
GSIE,Goldman Sachs ActiveBeta International Equity ETF
GSIT,"GSI Technology, Inc."
GSIW,Garden Stage Limited - Class A
GSJY,Goldman Sachs ActiveBeta Japan Equity ETF
GSK,GSK plc American Depositary Shares (Each representing two Ordinary Shares)
GSKH,GSK plc ADRhedged
GSL,Global Ship Lease Inc New Class A
GSLC,Goldman Sachs ActiveBeta U.S. Large Cap Equity ETF
GSM,Ferroglobe PLC
GSOL,Grayscale Solana Staking ETF
GSPY,Gotham Enhanced 500 ETF
GSRF,GSR IV Acquisition Corp. - Class A ordinary share
GSRFR,GSR IV Acquisition Corp. - Rights
GSRFU,GSR IV Acquisition Corp. - Units
GSRV,GSR V Acquisition Corp. - Class A ordinary shares
GSRVR,GSR V Acquisition Corp. - Rights
GSRVU,GSR V Acquisition Corp. - Units
GSSC,GS ActiveBeta U.S. Small Cap Equity ETF
GSST,Goldman Sachs Ultra Short Bond ETF
GSUI,Grayscale Sui Staking ETF
GSUN,Golden Sun Technology Group Limited - Class A
GSUS,Goldman Sachs MarketBeta U.S. Equity ETF
GSWO,Goldman Sachs ActiveBeta World Equity ETF
GSY,Invesco Ultra Short Duration ETF
GT,The Goodyear Tire & Rubber Company
GTBP,"GT Biopharma, Inc."
GTE,Gran Tierra Energy Inc.
GTEC,Greenland Technologies Holding Corporation - Class A
GTEK,Goldman Sachs Future Tech Leaders Equity ETF
GTEN,"Gores Holdings X, Inc. - Class A ordinary shares"
GTENU,"Gores Holdings X, Inc. - Units"
GTENW,"Gores Holdings X, Inc. - Warrants"
GTERA,Globa Terra Acquisition Corporation - Class A
GTERR,Globa Terra Acquisition Corporation - Rights
GTERU,Globa Terra Acquisition Corporation - Units
GTERW,Globa Terra Acquisition Corporation - Warrants
GTES,Gates Industrial Corporation Ltd.
GTIM,Good Times Restaurants Inc.
GTIP,Goldman Sachs Access Inflation Protected USD Bond ETF
GTLB,GitLab Inc.
GTM,ZoomInfo Technologies Inc.
GTN,"Gray Media, Inc."
GTND,Goaltender ETF
GTO,Invesco Total Return Bond ETF
GTOC,Invesco Core Fixed Income ETF
GTOH,Invesco Short Duration High Yield ETF
GTOP,Goldman Sachs Technology Opportunities ETF
GTOQ,Invesco High Yield Systematic Bond ETF
GTOS,Invesco Short Duration Total Return Bond ETF
GTPE,Goldman Sachs MSCI World Private Equity Return Tracker ETF
GTR,WisdomTree Target Range Fund
GTX,Garrett Motion Inc.
GTY,Getty Realty Corporation
GUAC,Berto Acquisition Corp. II
GUACU,Berto Acquisition Corp. II - Units
GUACW,Berto Acquisition Corp. II - Warrants
GUG,Guggenheim Active Allocation Fund Common Shares of Beneficial Interest
GUMI,Goldman Sachs Ultra Short Municipal Income ETF
GUNR,FlexShares Global Upstream Natural Resources Index Fund ETF
GURE,"Gulf Resources, Inc."
GURU,Global X Guru Index ETF
GUSA,Goldman Sachs MarketBeta U.S. 1000 Equity ETF
GUSE,Goldman Sachs Enhanced U.S. Equity ETF
GUSH,Direxion Daily S&P Oil & Gas Exp. & Prod. Bull 2X ETF
GUT,Gabelli Utility Trust (The)
GUTS,"Fractyl Health, Inc."
GVA,Granite Construction Incorporated
GVAL,Cambria Global Value ETF
GVH,Globavend Holdings Limited - Ord Shares
GVI,iShares Intermediate Government/Credit Bond ETF
GVIP,Goldman Sachs Hedge Industry VIP ETF
GVLE,Goldman Sachs Value Opportunities ETF
GVLU,Gotham 1000 Value ETF
GVUS,Goldman Sachs MarketBeta Russell 1000 Value Equity ETF
GWAV,"Greenwave Technology Solutions, Inc."
GWH,"ESS Tech, Inc."
GWRE,"Guidewire Software, Inc."
GWRS,"Global Water Resources, Inc. - common stock"
GWW,"W.W. Grainger, Inc."
GWX,State Street SPDR S&P International Small Cap ETF
GXAI,Gaxos.ai Inc.
GXC,State Street SPDR S&P China ETF
GXDW,Global X Dorsey Wright Thematic ETF
GXIG,Global X Investment Grade Corporate Bond ETF
GXLC,Global X U.S. 500 ETF
GXO,"GXO Logistics, Inc."
GXPC,Global X PureCap MSCI Communication Services ETF
GXPD,Global X PureCap MSCI Consumer Discretionary ETF
GXPE,Global X PureCap MSCI Energy ETF
GXPS,Global X PureCap MSCI Consumer Staples ETF
GXPT,Global X PureCap MSCI Information Technology ETF
GXRP,Grayscale XRP Trust ETF
GXUS,Goldman Sachs MarketBeta Total International Equity ETF
GYGY,"Game Your Game, Inc."
GYLD,Arrow Dow Jones Global Yield ETF ETF
GYRE,"Gyre Therapeutics, Inc."
GYRO,"Gyrodyne , LLC"
H,Hyatt Hotels Corporation
HACK,Amplify Cybersecurity ETF
HACQ,HCM IV Acquisition Corp. - Class A Ordinary Share
HACQU,HCM IV Acquisition Corp. - Unit
HACQW,HCM IV Acquisition Corp. - Warrants
HAE,Haemonetics Corporation
HAFC,Hanmi Financial Corporation
HAFN,Hafnia Limited
HAIL,State Street SPDR S&P Kensho Smart Mobility ETF
HAIN,"The Hain Celestial Group, Inc."
HAKY,Amplify HACK Cybersecurity Covered Call ETF
HAL,Halliburton Company
HALO,"Halozyme Therapeutics, Inc."
HALX,Tuttle Capital Heavy Assets Low Obsolescence ETF
HAO,Haoxi Health Technology Limited - Class A Ord Share
HAP,VanEck Natural Resources ETF
HAPI,Harbor Human Capital Factor US Large Cap ETF
HAPN,"Happen, Inc."
HAPS,Harbor Human Capital Factor US Small Cap ETF
HARD,Simplify Commodities Strategy No K-1 ETF
HAS,"Hasbro, Inc."
HASI,"HA Sustainable Infrastructure Capital, Inc."
HAUS,Residential REIT ETF
HAUZ,Xtrackers International Real Estate ETF
HAVA,Harvard Ave Acquisition Corporation - Class A Ordinary Share
HAVAR,Harvard Ave Acquisition Corporation - Rights that convert on a 1/10th of 1 basis to Class A ordinary Shares
HAVAU,Harvard Ave Acquisition Corporation - Unit
HAWK,"HawkEye 360, Inc."
HAWX,iShares Currency Hedged MSCI ACWI ex U.S. ETF
HAYW,"Hayward Holdings, Inc."
HBAN,Huntington Bancshares Incorporated
HBANL,"Huntington Bancshares Incorporated - Depositary Shares, Each Representing a 1/40th Interest in a Share of 6.875% Series J Non-Cumulative Perpetual Preferred Stock"
HBANM,Huntington Bancshares Incorporated - Depositary Shares each representing a 1/1000th interest in a share of Huntington Series I Preferred Stock
HBANP,Huntington Bancshares Incorporated - Depositary Shares 4.500% Series H Non-Cumulative Perpetual Preferred Stock
HBANZ,"Huntington Bancshares Incorporated - Depositary Shares, Each Representing a 1/1000th Interest in a Share of 5.50% Series L Non-Cumulative Perpetual Preferred Stock"
HBB,Hamilton Beach Brands Holding Company
HBCP,"Home Bancorp, Inc."
HBDC,Hilton BDC Corporate Bond ETF
HBIO,"Harvard Bioscience, Inc."
HBM,Hudbay Minerals Inc. Ordinary Shares (Canada)
HBMX,Tuttle Capital Concentrated Memory Stack ETF
HBNB,Hotel101 Global Holdings Corp. - Class A
HBNC,"Horizon Bancorp, Inc."
HBR,Canary HBAR ETF
HBRD,Invesco U.S. Hybrid Bond ETF
HBT,"HBT Financial, Inc."
HBTA,Horizon Expedition Plus ETF
HBTC,Fortuna Hedged Bitcoin ETF
HCA,"HCA Healthcare, Inc."
HCAC,Hall Chadwick Acquisition Corp. - Class A
HCACR,Hall Chadwick Acquisition Corp. - Rights
HCACU,Hall Chadwick Acquisition Corp. - Unit
HCAI,"Huachen AI Parking Management Technology Holding Co., Ltd. - Class A"
HCAT,"Health Catalyst, Inc - Common stock"
HCC,"Warrior Met Coal, Inc."
HCHL,Happy City Holdings Limited - Class A Ordinary shares
HCI,"HCI Group, Inc."
HCIC,Hennessy Capital Investment Corp. VIII - Class A
HCICR,Hennessy Capital Investment Corp. VIII - Share Rights
HCICU,Hennessy Capital Investment Corp. VIII - Units
HCKT,"The Hackett Group, Inc."
HCM,HUTCHMED (China) Limited
HCMA,HCM III Acquisition Corp. - Class A Ordinary Share
HCMAU,HCM III Acquisition Corp. - Units
HCMAW,HCM III Acquisition Corp. - Warrants
HCMT,Direxion HCM Tactical Enhanced US ETF
HCOW,Amplify COWS Covered Call ETF
HCRB,Hartford Core Bond ETF
HCSG,"Healthcare Services Group, Inc."
HCTI,"Healthcare Triangle, Inc."
HCWB,HCW Biologics Inc.
HCWC,Healthy Choice Wellness Corp.
HCXY,"Hercules Capital, Inc. 6.25% Notes due 2033"
HD,"Home Depot, Inc. (The)"
HDB,HDFC Bank Limited
HDEF,Xtrackers MSCI EAFE High Dividend Yield Equity ETF
HDG,ProShares Hedge Replication ETF
HDGE,Ranger Equity Bear Bear ETF
HDL,SUPER HI INTERNATIONAL HOLDING LTD.
HDLB,"ETRACS Monthly Pay 2xLeveraged US High Dividend Low Volatility ETN Series B due September 30, 2044"
HDMV,First Trust Horizon Managed Volatility Developed International ETF
HDRN,"Hadron Energy, Inc."
HDRNW,"Hadron Energy, Inc. - Warrant"
HDSN,"Hudson Technologies, Inc."
HDUS,Hartford Disciplined US Equity ETF
HDV,iShares Core High Dividend ETF
HE,"Hawaiian Electric Industries, Inc."
HEAL,Global X HealthTech ETF
HECA,Hedgeye Capital Allocation ETF
HECO,State Street Galaxy Hedged Digital Asset Ecosystem ETF
HEDG,Equable Shares Hedged Equity ETF
HEDJ,WisdomTree Europe Hedged Equity Fund
HEEM,iShares Currency Hedged MSCI Emerging Markets ETF
HEFA,iShares Currency Hedged MSCI EAFE ETF
HEFT,Hedgeye Fourth Turning ETF
HEGD,Swan Hedged Equity US Large Cap ETF
HEI,Heico Corporation
HELE,Helen of Troy Limited
HELO,JPMorgan Hedged Equity Laddered Overlay ETF
HELP,Cybin Inc.
HELS,Hedgeye 130/30 Equity ETF
HELX,Franklin Genomic Advancements ETF
HEMI,Hartford Equity Premium Income ETF
HEPS,D-Market Electronic Services & Trading
HEQ,John Hancock Diversified Income Fund Common Shares of Beneficial Interest
HEQQ,JPMorgan Nasdaq Hedged Equity Laddered Overlay ETF
HEQT,Simplify Hedged Equity ETF
HERD,Pacer Cash Cows Fund of Funds ETF
HERE,Here Group Limited
HERO,Global X Video Games & Esports ETF
HERZ,"Herzfeld Credit Income Fund, Inc.  - Closed End Fund"
HESM,Hess Midstream LP Class A Representing Limited Partner Interests
HEWJ,iShares Currency Hedged MSCI Japan ETF
HEZU,iShares Currency Hedged MSCI Eurozone ETF
HF,DGA Core Plus Absolute Return ETF
HFBL,"Home Federal Bancorp, Inc. of Louisiana"
HFEQ,Unlimited HFEQ Equity Long/Short ETF
HFFG,HF Foods Group Inc.
HFGM,Unlimited HFGM Global Macro ETF
HFGO,Hartford Large Cap Growth ETF
HFMF,Unlimited HFMF Managed Futures ETF
HFND,Unlimited HFND Multi-Strategy Return Tracker ETF
HFRO,Highland Opportunities and Income Fund Common Shares of Beneficial Interest
HFSI,Hartford Strategic Income ETF
HFSP,TradersAI Large Cap Equity & Cash ETF
HFWA,Heritage Financial Corporation
HFXI,NYLI FTSE International Equity Currency Neutral ETF
HG,"Hamilton Insurance Group, Ltd. Class B"
HGBL,Heritage Global Inc.
HGER,Harbor Commodity All-Weather Strategy ETF
HGLB,Highland Global Allocation Fund
HGRO,Hedgeye Quality Growth ETF
HGTY,"Hagerty, Inc."
HGV,Hilton Grand Vacations Inc.
HHH,Howard Hughes Holdings Inc.
HHS,"Harte Hanks, Inc."
HIBL,Direxion Daily S&P 500 High Beta Bull 3X ETF
HIBS,Direxion Daily S&P 500 High Beta Bear 3X ETF
HIDE,Alpha Architect High Inflation and Deflation ETF
HIDV,AB US High Dividend ETF
HIFS,Hingham Institution for Savings
HIG,"The Hartford Insurance Group, Inc."
HIGH,Simplify Enhanced Income ETF
HIHO,Highway Holdings Limited
HII,"Huntington Ingalls Industries, Inc."
HIMC,Corgi HIMS 2x Daily ETF
HIMS,"Hims & Hers Health, Inc."
HIMU,iShares High Yield Muni Active ETF
HIMX,"Himax Technologies, Inc. - American depositary shares, each of which represents two ordinary shares."
HIMZ,Defiance Daily Target 2X Long HIMS ETF
HIND,"Vyome Holdings, Inc."
HIO,"Western Asset High Income Opportunity Fund, Inc."
HIPO,Hippo Holdings Inc.
HIPS,GraniteShares HIPS US High Income ETF
HIS,Humilis US Focused Opportunities ETF
HISF,First Trust High Income Strategic Focus ETF
HIT,"Health In Tech, Inc."
HITI,High Tide Inc.
HIVE,HIVE Digital Technologies Ltd
HIW,"Highwoods Properties, Inc."
HIX,Western Asset High Income Fund II Inc.
HIYY,YieldMax HIMS Option Income Strategy ETF
HJLY,Corgi U.S. Equities 100% Structured Buffer ETF - July Series
HJUN,Corgi U.S. Equities 100% Structured Buffer ETF - June Series
HKD,AMTD Digital Inc. American Depositary Shares (every five of which represent two Class A Ordinary Shares)
HKIT,Hitek Global Inc. - Class A Ordinary Share
HKPD,"Cellyan Biotechnology Co., Ltd  - Class A"
HL,Hecla Mining Company
HLAL,Wahed FTSE USA Shariah ETF
HLF,Herbalife Ltd.
HLI,"Houlihan Lokey, Inc."
HLIO,"Helios Technologies, Inc."
HLIT,Harmonic Inc.
HLLY,Holley Inc.
HLMN,Hillman Solutions Corp.
HLN,Haleon plc American Depositary Shares (Each representing two Ordinary Shares)
HLNE,Hamilton Lane Incorporated
HLP,Hongli Group Inc. - Class A
HLT,Hilton Worldwide Holdings Inc.
HLTH,Tema Healthcare AI ETF
HLX,"Helix Energy Solutions Group, Inc."
HLXC,Helix Acquisition Corp. III - Class A
HMAY,Corgi U.S. Equities 100% Structured Buffer ETF - May Series
HMC,"Honda Motor Company, Ltd."
HMH,HMH Holding Inc.
HMN,Horace Mann Educators Corporation
HMOP,Hartford Municipal Opportunities ETF
HMR,Heidmar Maritime Holdings Corp.
HMY,Harmony Gold Mining Company Limited
HMYY,GraniteShares YieldBoost HIMS ETF
HNDL,Strategy Shares Nasdaq 7HANDL Index ETF
HNGE,"Hinge Health, Inc."
HNI,HNI Corporation
HNNA,"Hennessy Advisors, Inc."
HNRG,Hallador Energy Company
HNST,"The Honest Company, Inc."
HNVR,"Hanover Bancorp, Inc."
HODL,VanEck Bitcoin Trust
HODO,House of Doge Inc.
HODU,Direxion Daily HOOD Bull 2X ETF
HOFT,Hooker Furnishings Corporation
HOG,"Harley-Davidson, Inc."
HOLA,JPMorgan International Hedged Equity Laddered Overlay ETF
HOLD,Harbor Alpha Layering ETF
HOLO,MicroCloud Hologram Inc.
HOLOW,MicroCloud Hologram Inc. - Warrant
HOMB,"Home BancShares, Inc."
HOMZ,Hoya Capital Housing ETF
HON,Honeywell International Inc.
HONA,Honeywell Aerospace Inc.
HONG,Leverage Shares 2X Long HON Daily ETF
HOOC,Corgi HOOD 2x Daily ETF
HOOD,"Robinhood Markets, Inc."
HOOG,Leverage Shares 2X Long HOOD Daily ETF
HOOW,Roundhill HOOD WeeklyPay ETF
HOOX,Defiance Daily Target 2X Long HOOD ETF
HOOY,YieldMax HOOD Option Income Strategy ETF
HOOZ,Defiance Daily Target 2X Short HOOD ETF
HOPE,"Hope Bancorp, Inc."
HOUR,"Hour Loop, Inc. - common stock"
HOV,"Hovnanian Enterprises, Inc."
HOVNP,Hovnanian Enterprises Inc - Depositary Share representing 1/1000th of 7.625% Series A Preferred Stock
HOVR,New Horizon Aircraft Ltd. - Class A
HOVRW,New Horizon Aircraft Ltd. - Warrant
HOWL,"Werewolf Therapeutics, Inc."
HOYY,GraniteShares YieldBOOST HOOD ETF
HP,"Helmerich & Payne, Inc."
HPAI,Helport AI Limited
HPAIW,Helport AI Limited - Warrants
HPE,Hewlett Packard Enterprise Company
HPEL,Leverage Shares 2X Long HPE Daily ETF
HPF,John Hancock Pfd Income Fund II Pfd Income Fund II
HPI,John Hancock Preferred Income Fund Common Shares of Beneficial Interest
HPK,"HighPeak Energy, Inc."
HPP,"Hudson Pacific Properties, Inc."
HPQ,HP Inc.
HPS,John Hancock Preferred Income Fund III Preferred Income Fund III
HQ,Horizon Quantum Holdings Ltd. - Class A
HQGO,Hartford US Quality Growth ETF
HQH,abrdn Healthcare Investors Shares of Beneficial Interest
HQI,"HireQuest, Inc."
HQL,abrdn Life Sciences Investors Shares of Beneficial Interest
HQWWW,Horizon Quantum Holdings Ltd. - Warrant
HQY,"HealthEquity, Inc."
HR,Healthcare Realty Trust Incorporated
HRB,"H&R Block, Inc."
HRI,Herc Holdings Inc.
HRL,Hormel Foods Corporation
HRMY,"Harmony Biosciences Holdings, Inc."
HROW,"Harrow, Inc."
HRSK,Toews Agility Shares Hedged Risk ETF
HRTG,"Heritage Insurance Holdings, Inc."
HRTS,Tema Heart & Health ETF
HRTX,"Heron Therapeutics, Inc."
HRZN,Horizon Technology Finance Corporation
HSAI,Hesai Group - American Depositary Share
HSBC,"HSBC Holdings, plc."
HSBH,HSBC Holdings plc ADRhedged
HSCS,HeartSciences Inc.
HSCSW,HeartSciences Inc. - Warrant
HSCZ,iShares Currency Hedged MSCI EAFE Small-Cap ETF
HSDT,Solana Company
HSHP,Himalaya Shipping Ltd.
HSIC,"Henry Schein, Inc."
HSLV,Highlander Silver Corp.
HSMV,First Trust Horizon Managed Volatility Small/Mid ETF
HST,"Host Hotels & Resorts, Inc."
HSTM,"HealthStream, Inc."
HSY,The Hershey Company
HTAB,Hartford Schroders Tax-Aware Bond ETF
HTAX,Nomura National High-Yield Municipal Bond ETF
HTB,"HomeTrust Bancshares, Inc."
HTCO,High-Trend International Group - Class A
HTCR,"Heartcore Enterprises, Inc."
HTD,John Hancock Tax Advantaged Dividend Income Fund Common Shares of Beneficial Interest
HTEC,ROBO Global Healthcare Technology and Innovation ETF
HTFC,Horizon Technology Finance Corporation 6.25% Notes due 2027
HTFL,"Heartflow, Inc."
HTGC,"Hercules Capital, Inc."
HTH,Hilltop Holdings Inc.
HTHT,H World Group Limited
HTLD,"Heartland Express, Inc."
HTLM,HomesToLife Ltd
HTO,H2O America
HTOO,Fusion Fuel Green PLC
HTRB,Hartford Total Return Bond ETF
HTT,"High Templar Tech Limited American depositary shares, each representing one Class A ordinary share"
HTUS,Hull Tactical US ETF
HTZ,"Hertz Global Holdings, Inc"
HTZWW,"Hertz Global Holdings, Inc - Warrant"
HUBB,Hubbell Inc
HUBC,Hub Cyber Security Ltd.
HUBCW,Hub Cyber Security Ltd. - Warrant expiring 2/27/28
HUBCZ,Hub Cyber Security Ltd. - Warrant
HUBG,"Hub Group, Inc."
HUBS,"HubSpot, Inc."
HUDI,"Huadi International Group Co., Ltd."
HUHU,HUHUTECH International Group Inc.
HUIZ,Huize Holding Limited
HULL,Corgi Shipping & Global Logistics ETF
HUM,Humana Inc.
HUMA,"Humacyte, Inc."
HUMAW,"Humacyte, Inc. - Warrant"
HUMN,Roundhill Humanoid Robotics ETF
HUN,Huntsman Corporation
HURA,"TuHURA Biosciences, Inc."
HURC,"Hurco Companies, Inc."
HURN,Huron Consulting Group Inc.
HUSV,First Trust Horizon Managed Volatility Domestic ETF
HUT,Hut 8 Corp.
HUTG,Leverage Shares 2X Long HUT Daily ETF
HUYA,"HUYA Inc. American depositary shares, each  representing one Class A ordinary share"
HVAC,AdvisorShares HVAC and Industrials ETF
HVII,Hennessy Capital Investment Corp. VII
HVIIR,Hennessy Capital Investment Corp. VII - Rights
HVIIU,Hennessy Capital Investment Corp. VII - Unit
HVMC,Highview Merger Corp. - Class A Ordinary Share
HVMCU,Highview Merger Corp. - Units
HVMCW,Highview Merger Corp. - Warrants
HVT,"Haverty Furniture Companies, Inc."
HWBK,"Hawthorn Bancshares, Inc."
HWC,Hancock Whitney Corporation
HWCPZ,Hancock Whitney Corporation - 6.25% Subordinated Notes due 2060
HWH,HWH International Inc.
HWIV,Hotchkis & Wiley International Value Fund
HWKN,"Hawkins, Inc."
HWM,Howmet Aerospace Inc.
HWO,Hotchkis & Wiley Opportunities Fund
HWSM,Hotchkis & Wiley SMID Cap Diversified Value Fund
HXHX,Haoxin Holdings Limited - Class A
HXL,Hexcel Corporation
HY,"Hyster-Yale, Inc. Class A common stock"
HYBB,iShares BB Rated Corporate Bond ETF
HYBI,NEOS Enhanced Income Credit Select ETF
HYBL,State Street Blackstone High Income ETF
HYBX,TCW High Yield Bond ETF
HYD,VanEck High Yield Muni ETF
HYDB,iShares High Yield Systematic Bond ETF
HYDR,Global X Hydrogen ETF
HYDW,Xtrackers Low Beta High Yield Bond ETF
HYEM,VanEck Emerging Markets High Yield Bond ETF
HYFI,AB High Yield ETF
HYFM,"Hydrofarm Holdings Group, Inc."
HYFT,MindWalk Holdings Corp.
HYG,iShares iBoxx $ High Yield Corporate Bond ETF
HYGH,iShares Interest Rate Hedged High Yield Bond ETF
HYGM,Amplify HYG High Yield 10% Target Income ETF
HYGV,FlexShares High Yield Value-Scored Bond Index Fund
HYGW,iShares High Yield Corporate Bond BuyWrite Strategy ETF
HYHG,ProShares High Yield Interest Rate Hedged
HYI,Western Asset High Yield Opportunity Fund Inc.
HYIN,WisdomTree Private Credit and Alternative Income Fund
HYLB,Xtrackers USD High Yield Corporate Bond ETF
HYLN,Hyliion Holdings Corp.
HYLS,First Trust Tactical High Yield ETF
HYMB,State Street SPDR Nuveen ICE High Yield Municipal Bond ETF
HYMC,Hycroft Mining Holding Corporation
HYNE,"Hoyne Bancorp, Inc."
HYNX,T-REX 2X Long SKHY Daily Target ETF
HYP,Golden Eagle Dynamic Hypergrowth ETF
HYPD,"Hyperion DeFi, Inc."
HYPG,Grayscale Hyperliquid Staking ETF
HYPR,"Hyperfine, Inc."
HYS,PIMCO 0-5 Year High Yield Corporat Bond Index Exchange-Traded Fund
HYSA,BondBloxx USD High Yield Bond Sector Rotation ETF
HYSD,Columbia Short Duration High Yield ETF
HYT,"Blackrock Corporate High Yield Fund, Inc."
HYTI,FT Vest High Yield & Target Income ETF
HYTR,Counterpoint High Yield Trend ETF
HYUP,Xtrackers High Beta High Yield Bond ETF
HYXF,iShares ESG Advanced High Yield Corporate Bond ETF
HYZD,WisdomTree Interest Rate Hedged High Yield Bond Fund
HZO,"MarineMax, Inc.  (FL)"
IACO,Idea Acquisition Corp. - Class A
IACOU,Idea Acquisition Corp. - Units
IACOW,Idea Acquisition Corp. - Warrants
IACQ,Irenic Acquisition Corp. - Class A
IACQU,Irenic Acquisition Corp. - Unit
IACQW,Irenic Acquisition Corp. - Warrants
IAE,Voya Asia Pacific High Dividend Equity Income Fund ING Asia Pacific High Dividend Equity Income Fund Common Shares of Beneficial Interest
IAF,"abrdn Australia Equity Fund, Inc."
IAG,Iamgold Corporation
IAGG,iShares International Aggregate Bond Fund
IAI,iShares U.S. Broker-Dealers & Securities Exchanges ETF
IAK,iShares U.S. Insurance ETF
IALT,iShares Systematic Alternatives Active ETF
IAPR,Innovator International Developed Power Buffer ETF  April
IART,Integra LifeSciences Holdings Corporation
IAT,iShares U.S. Regional Banks ETF
IAU,iShares Gold Trust Shares
IAUG,Innovator International Developed Power Buffer ETF  August
IAUI,NEOS Gold High Income ETF
IAUM,iShares Gold Trust Micro Shares
IAUX,i-80 Gold Corp.
IBAC,IB Acquisition Corp.
IBACR,IB Acquisition Corp. - Right
IBAT,iShares Energy Storage & Materials ETF
IBB,iShares Biotechnology ETF
IBBQ,Invesco Nasdaq Biotechnology ETF
IBCA,iShares iBonds Dec 2035 Term Corporate ETF
IBCB,iShares iBonds Dec 2036 Term Corporate ETF
IBCP,Independent Bank Corporation
IBD,Inspire Corporate Bond ETF
IBDR,iShares iBonds Dec 2026 Term Corporate ETF
IBDS,iShares iBonds Dec 2027 Term Corporate ETF
IBDT,iShares iBonds Dec 2028 Term Corporate ETF
IBDU,iShares iBonds Dec 2029 Term Corporate ETF
IBDV,iShares iBonds Dec 2030 Term Corporate ETF
IBDW,iShares iBonds Dec 2031 Term Corporate ETF
IBDX,iShares iBonds Dec 2032 Term Corporate ETF
IBDY,iShares iBonds Dec 2033 Term Corporate ETF
IBDZ,iShares iBonds Dec 2034 Term Corporate ETF
IBEX,IBEX Limited - Common Share
IBFR,Innovator International Developed Managed 10 Buffer ETF
IBG,Innovation Beverage Group Limited
IBGA,iShares iBonds Dec 2044 Term Treasury ETF
IBGB,iShares iBonds Dec 2045 Term Treasury ETF
IBGC,iShares iBonds Dec 2046 Term Treasury ETF
IBGK,iShares iBonds Dec 2054 Term Treasury ETF
IBGL,iShares iBonds Dec 2055 Term Treasury ETF
IBGM,iShares iBonds Dec 2056 Term Treasury ETF
IBHF,iShares iBonds 2026 Term High Yield and Income ETF
IBHG,iShares iBonds 2027 Term High Yield and Income ETF
IBHH,iShares iBonds 2028 Term High Yield and Income ETF
IBHI,iShares iBonds 2029 Term High Yield and Income ETF
IBHJ,iShares iBonds 2030 Term High Yield and Income ETF
IBHK,iShares iBonds 2031 Term High Yield and Income ETF
IBHL,iShares iBonds 2032 Term High Yield and Income ETF
IBHM,iShares iBonds 2033 Term High Yield and Income ETF
IBIC,iShares iBonds Oct 2026 Term TIPS ETF
IBID,iShares iBonds Oct 2027 Term TIPS ETF
IBIE,iShares iBonds Oct 2028 Term TIPS ETF
IBIF,iShares iBonds Oct 2029 Term TIPS ETF
IBIG,iShares iBonds Oct 2030 Term TIPS ETF
IBIH,iShares iBonds Oct 2031 Term TIPS ETF
IBII,iShares iBonds Oct 2032 Term TIPS ETF
IBIJ,iShares iBonds Oct 2033 Term TIPS ETF
IBIK,iShares iBonds Oct 2034 Term TIPS ETF
IBIL,iShares iBonds Oct 2035 Term TIPS ETF
IBIM,iShares iBonds Oct 2036 Term TIPS ETF
IBIO,"iBio, Inc."
IBIT,iShares Bitcoin Trust ETF
IBKR,"Interactive Brokers Group, Inc."
IBLC,iShares Blockchain and Tech ETF
IBM,International Business Machines Corporation
IBMO,iShares iBonds Dec 2026 Term Muni Bond ETF
IBMP,iShares iBonds Dec 2027 Term Muni Bond ETF
IBMQ,iShares iBonds Dec 2028 Term Muni Bond ETF
IBMR,iShares iBonds Dec 2029 Term Muni Bond ETF
IBMS,iShares iBonds Dec 2030 Term Muni Bond ETF
IBMT,iShares iBonds Dec 2031 Term Muni Bond ETF
IBMU,iShares iBonds Dec 2032 Term Muni Bond ETF
IBMV,iShares iBonds Dec 2033 Term Muni Bond ETF
IBMW,iShares iBonds Dec 2034 Term Muni Bond ETF
IBMX,iShares iBonds Dec 2035 Term Muni Bond ETF
IBN,ICICI Bank Limited
IBND,State Street SPDR Bloomberg International Corporate Bond ETF
IBO,"Impact BioMedical, Inc."
IBOC,International Bancshares Corporation
IBOT,VanEck Robotics ETF
IBP,"Installed Building Products, Inc."
IBRN,iShares Neuroscience and Healthcare ETF
IBRX,"ImmunityBio, Inc."
IBTA,"Ibotta, Inc."
IBTG,iShares iBonds Dec 2026 Term Treasury ETF
IBTH,iShares iBonds Dec 2027 Term Treasury ETF
IBTI,iShares iBonds Dec 2028 Term Treasury ETF
IBTJ,iShares iBonds Dec 2029 Term Treasury ETF
IBTK,iShares iBonds Dec 2030 Term Treasury ETF
IBTL,iShares iBonds Dec 2031 Term Treasury ETF
IBTM,iShares iBonds Dec 2032 Term Treasury ETF
IBTO,iShares iBonds Dec 2033 Term Treasury ETF
IBTP,iShares iBonds Dec 2034 Term Treasury ETF
IBTQ,iShares iBonds Dec 2035 Term Treasury ETF
IBTR,iShares iBonds Dec 2036 Term Treasury ETF
IBUF,Innovator International Developed 10 Buffer ETF - Quarterly
IBUY,Amplify Online Retail ETF
IBX,Tradr 2X Long IBM Daily ETF
ICAP,Infrastructure Capital Equity Income ETF
ICCC,ImmuCell Corporation
ICCM,IceCure Medical Ltd.
ICE,Intercontinental Exchange Inc.
ICF,iShares Select U.S. REIT ETF
ICFI,"ICF International, Inc."
ICG,Intchains Group Limited
ICHR,Ichor Holdings
ICL,ICL Group Ltd.
ICLN,iShares Global Clean Energy ETF
ICLO,Invesco AAA CLO Floating Rate Note ETF
ICLR,ICON plc
ICMB,"Investcorp Credit Management BDC, Inc."
ICOI,Bitwise COIN Option Income Strategy ETF
ICON,Icon Energy Corp. - Common stock
ICOP,iShares Copper and Metals Mining ETF
ICOW,Pacer Developed Markets International Cash Cows 100 ETF
ICPI,iShares 0-1 Year TIPS Bond ETF
ICPY,"Tweedy, Browne International Insider + Value ETF"
ICRC,Bitwise CRCL Option Income Strategy ETF
ICSH,iShares Ultra Short Duration Bond Active ETF
ICU,SeaStar Medical Holding Corporation
ICUCW,SeaStar Medical Holding Corporation - Warrant
ICUI,"ICU Medical, Inc."
ICVT,iShares Convertible Bond ETF
IDA,"IDACORP, Inc."
IDAC,Iron Dome Acquisition I Corp. - Class A
IDACU,Iron Dome Acquisition I Corp. - Units
IDACW,Iron Dome Acquisition I Corp. - Warrant
IDAI,T Stamp Inc.
IDCC,"InterDigital, Inc."
IDE,"Voya Infrastructure, Industrials and Materials Fund Common Shares of Beneficial Interest"
IDEC,Innovator International Developed Power Buffer ETF  December
IDEF,iShares Defense Industrials Active ETF
IDEQ,Lazard International Dynamic Equity ETF
IDEV,iShares Core MSCI International Developed Markets ETF
IDGT,iShares U.S. Digital Infrastructure and Real Estate ETF
IDHQ,Invesco S&P International Developed Quality ETF
IDJL,Corgi International Developed Equities 15% Structured Buffer ETF - July Series
IDJN,Corgi International Developed Equities 15% Structured Buffer ETF - June Series
IDLV,Invesco S&P International Developed Low Volatility ETF
IDMO,Invesco S&P International Developed Momentum ETF
IDMY,Corgi International Developed Equities 15% Structured Buffer ETF - May Series
IDN,"Intellicheck, Inc."
IDNA,iShares Genomics Immunology and Healthcare ETF
IDOG,ALPS International Sector Dividend Dogs ETF
IDR,"Idaho Strategic Resources, Inc."
IDRV,iShares Self-Driving EV and Tech ETF
IDT,IDT Corporation
IDU,iShares U.S. Utilities ETF
IDUB,Aptus International Enhanced Yield ETF
IDV,iShares International Select Dividend ETF
IDVO,Amplify CWP International Enhanced Dividend Income ETF
IDVY,First Trust International Rising Dividend Achievers ETF
IDVZ,Polen International Dividend Income Fund
IDX,VanEck Indonesia Index ETF
IDXX,"IDEXX Laboratories, Inc."
IDYA,"IDEAYA Biosciences, Inc."
IDYN,iShares International Equity Factor Rotation Active ETF
IE,Ivanhoe Electric Inc.
IEAG,Infinite Eagle Acquisition Corp. - Class A
IEAGR,Infinite Eagle Acquisition Corp. - Rights
IEAGU,Infinite Eagle Acquisition Corp. - Unit
IEDI,iShares U.S. Consumer Focused ETF
IEF,iShares 7-10 Year Treasury Bond ETF
IEFA,iShares Core MSCI EAFE ETF
IEI,iShares 3-7 Year Treasury Bond ETF
IEMG,iShares Core MSCI Emerging Markets ETF
IEO,iShares U.S. Oil & Gas Exploration & Production ETF
IEP,Icahn Enterprises L.P. - Depositary Units representing Limited Partner Interests
IESC,"IES Holdings, Inc."
IETC,iShares U.S. Tech Independence Focused ETF
IETH,Bitwise Ethereum Option Income Strategy ETF
IEUR,iShares Core MSCI Europe ETF
IEUS,iShares MSCI Europe Small-Cap ETF
IEV,iShares Europe ETF
IEX,IDEX Corporation
IEZ,iShares U.S. Oil Equipment & Services ETF
IFBD,"Infobird Co., Ltd"
IFEB,Innovator International Developed Power Buffer ETF  February
IFED,ETRACS IFED Invest with the Fed TR Index ETN
IFF,"International Flavors & Fragrances, Inc."
IFGL,iShares International Developed Real Estate ETF
IFLN,Invesco Bloomberg Enhanced Fallen Angels ETF
IFLO,VictoryShares International Free Cash Flow ETF
IFLR,Innovator International Developed Managed Floor ETF
IFN,"Aberdeen India Fund, Inc."
IFRA,iShares U.S. Infrastructure ETF
IFRX,InflaRx N.V.
IFS,Intercorp Financial Services Inc.
IFV,First Trust Dorsey Wright International Focus 5 ETF
IG,Principal Investment Grade Corporate Active ETF
IGA,Voya Global Advantage and Premium Opportunity Fund Common Shares of Beneficial Interest
IGAC,Invest Green Acquisition Corporation - Class A
IGACR,Invest Green Acquisition Corporation - Rights
IGACU,Invest Green Acquisition Corporation - Units
IGBH,iShares Interest Rate Hedged Long-Term Corporate Bond ETF
IGC,"IGC Pharma, Inc."
IGCB,TCW Corporate Bond ETF
IGD,Voya Global Equity Dividend and Premium Opportunity Fund
IGE,iShares North American Natural Resources ETF
IGEB,iShares Investment Grade Systematic Bond ETF
IGF,iShares Global Infrastructure ETF
IGGY,AB International Growth ETF
IGHG,ProShares Investment Grade-Interest Rate Hedged
IGI,Western Asset Investment Grade Opportunity Trust Inc.
IGIB,iShares 5-10 Year Investment Grade Corporate Bond ETF
IGIC,International General Insurance Holdings Ltd.
IGLB,iShares 10  Year Investment Grade Corporate Bond ETF
IGLD,FT Vest Gold Strategy Target Income ETF
IGM,iShares Expanded Tech Sector ETF
IGME,Bitwise GME Option Income Strategy ETF
IGOV,iShares International Treasury Bond ETF
IGPT,Invesco AI and Next Gen Software ETF
IGR,CBRE Global Real Estate Income Fund Common Shares of Beneficial Interest
IGRO,iShares International Dividend Growth ETF
IGSB,iShares 1-5 Year Investment Grade Corporate Bond ETF
IGV,iShares Expanded Tech-Software Sector ETF
IH,"iHuman Inc. American depositary shares, each representing five Class A ordinary shares"
IHAK,iShares Cybersecurity and Tech ETF
IHD,Voya Emerging Markets High Income Dividend Equity Fund
IHDG,WisdomTree International Hedged Quality Dividend Growth Fund
IHE,iShares U.S. Pharmaceutical ETF
IHF,iShares U.S. Health Care Providers ETF
IHG,Intercontinental Hotels Group American Depositary Shares (Each representing one Ordinary Share)
IHI,iShares U.S. Medical Devices ETF
IHRT,"iHeartMedia, Inc."
IHS,IHS Holding Limited
IHT,InnSuites Hospitality Trust Shares of Beneficial Interest
IHY,VanEck International High Yield Bond ETF
IIF,"Morgan Stanley India Investment Fund, Inc."
IIGD,Invesco Investment Grade Defensive ETF
III,"Information Services Group, Inc."
IIIN,"Insteel Industries, Inc."
IIIV,"i3 Verticals, Inc."
IIM,Invesco Value Municipal Income Trust
IINC,Alki Consolidated Income ETF
IIPR,"Innovative Industrial Properties, Inc."
IJAN,Innovator International Developed Power Buffer ETF January
IJH,iShares Core S&P Mid-Cap ETF
IJJ,iShares S&P Mid-Cap 400 Value ETF
IJK,iShares S&P Mid-Cap 400 Growth ETF
IJR,iShares Core S&P Small-Cap ETF
IJS,iShares S&P SmallCap 600 Value ETF
IJT,iShares S&P SmallCap 600 Growth ETF
IJUL,Innovator International Developed Power Buffer ETF  July
IJUN,Innovator International Developed Power Buffer ETF June
IKT,"Inhibikase Therapeutics, Inc."
ILAG,Intelligent Living Application Group Inc.
ILCB,iShares Morningstar Large-Cap ETF
ILCG,iShares Morningstar Large-Cap Growth ETF
ILCV,iShares Morningstar Large-Cap  Value ETF
ILDR,First Trust Innovation Leaders ETF
ILF,iShares Latin America 40 ETF
ILIT,iShares Lithium Miners and Producers ETF
ILLR,Triller Group Inc.
ILLRW,Triller Group Inc. - Warrant
ILLU,Illumination Acquisition Corp I - Class A
ILLUU,Illumination Acquisition Corp I - Units
ILLUW,Illumination Acquisition Corp I - Warrant
ILMN,"Illumina, Inc."
ILOW,AB International Low Volatility Equity ETF
ILPT,Industrial Logistics Properties Trust - Common Shares of Beneficial Interest
ILS,Brookmont Catastrophic Bond ETF
ILTB,iShares Core 10  Year USD Bond ETF
IMA,"ImageneBio, Inc."
IMAR,Innovator International Developed Power Buffer ETF  March
IMAX,Imax Corporation
IMAY,Innovator International Developed Power Buffer ETF - May
IMC,IMC Rare Earths Ltd
IMCB,iShares Morningstar Mid-Cap ETF
IMCC,IM Cannabis Corp.
IMCG,iShares Morningstar Mid-Cap Growth ETF
IMCR,Immunocore Holdings plc
IMCV,iShares Morningstar Mid-Cap Value ETF
IMDX,Insight Molecular Diagnostics Inc.
IMF,Invesco Managed Futures Strategy ETF
IMFL,Invesco International Developed Dynamic Multifactor ETF
IMKTA,"Ingles Markets, Incorporated"
IMMP,Immutep Limited
IMMR,Immersion Corporation
IMMX,"Immix Biopharma, Inc."
IMNM,"Immunome, Inc."
IMNN,"Imunon, Inc."
IMO,Imperial Oil Limited
IMOM,Alpha Architect International Quantitative Momentum ETF
IMOS,ChipMOS TECHNOLOGIES INC.
IMPP,Imperial Petroleum Inc.
IMPPP,Imperial Petroleum Inc. - 8.75% Series A Cumulative Redeemable Perpetual Preferred Shares
IMRA,Bitwise MARA Option Income Strategy ETF
IMRN,Immuron Limited
IMRX,Immuneering Corporation
IMSR,Terrestrial Energy Inc.
IMSRW,Terrestrial Energy Inc. - Warrant
IMST,Bitwise MSTR Option Income Strategy ETF
IMTB,iShares Core 5-10 Year USD Bond ETF
IMTE,Integrated Media Technology Limited
IMTG,Invesco Agency MBS ETF
IMTM,iShares MSCI Intl Momentum Factor ETF
IMTX,Immatics N.V.
IMUX,"Immunic, Inc."
IMVP,Invesco India ETF
IMVT,"Immunovant, Inc."
IMXI,"International Money Express, Inc."
INAB,"IN8bio, Inc."
INAC,Indigo Acquisition Corp.
INACR,Indigo Acquisition Corp. - Right
INACU,Indigo Acquisition Corp. - Unit
INBK,First Internet Bancorp
INBKZ,First Internet Bancorp - Fixed-to-Floating Rate Subordinated Notes Due 2029
INBS,Intelligent Bio Solutions Inc.
INBX,"Inhibrx Biosciences, Inc."
INCE,Franklin Income Equity Focus ETF
INCM,Franklin Income Focus ETF
INCO,Columbia India Consumer ETF
INCR,Intercure Ltd. - ordinary shares
INCY,Incyte Corporation
IND,Xtrackers Nifty 500 India ETF
INDA,iShares MSCI India ETF
INDB,Independent Bank Corp.
INDE,Matthews India Active ETF
INDH,WisdomTree India Hedged Equity Fund
INDI,"indie Semiconductor, Inc."
INDL,Direxion Daily MSCI India Bull 2X ETF
INDO,Indonesia Energy Corporation Limited
INDP,"Indaptus Therapeutics, Inc."
INDQ,Pacer ActiveAlpha India Quality ETF
INDS,Pacer Industrial Real Estate ETF
INDV,"Indivior Pharmaceuticals, Inc."
INDY,iShares India 50 ETF
INDZ,VanEck India Select ETF
INEO,INNEOVA Holdings Limited - Class A
INEQ,Columbia International Equity Income ETF
INFH,Defiance Daily Target 2X Long INFQ ETF
INFL,Horizon Kinetics Inflation Beneficiaries ETF
INFO,Harbor PanAgora Dynamic Large Cap Core ETF
INFQ,"Infleqtion, Inc."
INFU,"InfuSystems Holdings, Inc."
INFY,Infosys Limited
ING,"ING Group, N.V."
INGM,Ingram Micro Holding Corporation
INGN,"Inogen, Inc"
INGR,Ingredion Incorporated
INHD,Inno Holdings Inc.
INIO,INNIO N.V.
INKM,State Street Income Allocation ETF
INKT,"MiNK Therapeutics, Inc."
INLF,INLIF LIMITED - Class A Ordinary shares
INLX,"Intellinetics, Inc."
INM,InMed Pharmaceuticals Inc.
INMB,INmune Bio Inc. - Common stock
INMD,InMode Ltd.
INMU,iShares Intermediate Muni Income Active ETF
INN,"Summit Hotel Properties, Inc."
INNV,InnovAge Holding Corp.
INO,"Inovio Pharmaceuticals, Inc."
INOD,Innodata Inc.
INOV,Innovator International Developed Power Buffer ETF  November
INQQ,INQQ The India Internet ETF
INR,"Infinity Natural Resources, Inc."
INRO,iShares U.S. Industry Rotation Active ETF
INSE,"Inspired Entertainment, Inc."
INSG,Inseego Corp.
INSM,Insmed Incorporated
INSP,"Inspire Medical Systems, Inc."
INSW,"International Seaways, Inc."
INT,Corgi INTC 2x Daily ETF
INTA,"Intapp, Inc."
INTC,Intel Corporation
INTF,iShares International Equity Factor ETF
INTG,The Intergroup Corporation
INTJ,Intelligent Group Limited - Class A
INTL,Main International ETF
INTM,Invesco Intermediate Municipal ETF
INTR,Inter & Co. Inc. - Class A
INTS,"Intensity Therapeutics, Inc."
INTT,inTest Corporation
INTU,Intuit Inc.
INTW,GraniteShares 2x Long INTC Daily ETF
INTZ,Intrusion Inc.
INUV,"Inuvo, Inc."
INV,"Innventure, Inc."
INVA,"Innoviva, Inc."
INVE,"Identiv, Inc."
INVG,GMO Systematic Investment Grade Credit ETF
INVH,Invitation Homes Inc.
INVN,Alger Russell Innovation ETF
INVX,"Innovex International, Inc."
INVZ,Innoviz Technologies Ltd. - Ordinary shares
INYY,YieldMax INTC Option Income Strategy ETF
IOCT,Innovator International Developed Power Buffer ETF - October
ION,ProShares S&P Global Core Battery Metals ETF
IONC,Corgi IONQ 2x Daily ETF
IOND,Ionic Digital Inc.
IONL,GraniteShares 2x Long IONQ Daily ETF
IONQ,"IonQ, Inc."
IONR,ioneer Ltd
IONS,"Ionis Pharmaceuticals, Inc."
IONX,Defiance Daily Target 2X Long IONQ ETF
IONZ,Defiance Daily Target 2x Short IONQ ETF
IOO,iShares Global 100 ETF
IOPP,Simplify Tara India Opportunities ETF
IOR,"Income Opportunity Realty Investors, Inc."
IOSP,Innospec Inc.
IOSX,Corgi AAPL 2x Daily ETF
IOT,Samsara Inc.
IOTR,iOThree Limited
IOVA,"Iovance Biotherapeutics, Inc."
IOYY,GraniteShares YieldBOOST IONQ ETF
IP,International Paper Company
IPAC,iShares Core MSCI Pacific ETF
IPAR,"Interparfums, Inc."
IPAV,Global X Infrastructure Development ex-U.S. ETF
IPAY,Amplify Digital Payments ETF
IPB,"Merrill Lynch & Co., Inc. 6.0518% Index Plus Trust Certificates Series 2003-1"
IPCX,Inflection Point Acquisition Corp. III - Class A ordinary shares
IPCXR,Inflection Point Acquisition Corp. III - Rights
IPCXU,Inflection Point Acquisition Corp. III - Units
IPDN,"Professional Diversity Network, Inc."
IPEX,Inflection Point Acquisition Corp. - Class A
IPEXR,Inflection Point Acquisition Corp. - Right
IPEXU,Inflection Point Acquisition Corp. - Unit
IPFX,Inflection Point Acquisition Corp. VI - Class A
IPFXU,Inflection Point Acquisition Corp. VI - Units
IPFXW,Inflection Point Acquisition Corp. VI - Warrant
IPGP,IPG Photonics Corporation
IPHA,Innate Pharma S.A.
IPI,"Intrepid Potash, Inc"
IPKW,Invesco International BuyBack Achievers ETF
IPM,Intelligent Protection Management Corp.
IPO,Renaissance IPO ETF
IPOS,Renaissance Capital Greenwich Fund
IPSC,"Century Therapeutics, Inc."
IPST,"IP Strategy Holdings, Inc."
IPVV,"InterPrivate Investment Partners V, Inc. - Class A"
IPVVU,"InterPrivate Investment Partners V, Inc. - Units"
IPVVW,"InterPrivate Investment Partners V, Inc. - Warrants"
IPW,iPower Inc.
IPWR,Ideal Power Inc.
IPX,IperionX Limited - American Depositary Share
IQ,"iQIYI, Inc."
IQDF,FlexShares International Quality Dividend Index Fund
IQDG,WisdomTree International Quality Dividend Growth Fund
IQDY,FlexShares International Quality Dividend Dynamic Index Fund
IQHI,NYLI MacKay High Income ETF
IQI,Invesco Quality Municipal Income Trust
IQLT,iShares MSCI Intl Quality Factor ETF
IQM,Franklin Intelligent Machines ETF
IQMM,ProShares GENIUS Money Market ETF
IQMX,IQM Quantum Computers Oyj
IQMXW,IQM Quantum Computers Oyj - Warrants to purchase
IQQ,iShares Nasdaq 100 ETF
IQQQ,ProShares Nasdaq-100 High Income ETF
IQRA,NYLI CBRE Real Assets ETF
IQSI,NYLI Candriam International Equity ETF
IQSM,NYLI Candriam U.S. Mid Cap Equity ETF
IQST,iQSTEL Inc.
IQSU,NYLI Candriam U.S. Large Cap Equity ETF
IQSZ,Invesco Global Equity Net Zero ETF
IQV,"IQVIA Holdings, Inc."
IR,Ingersoll Rand Inc.
IRAB,Iris Acquisition Corp II Class A
IRD,"Opus Genetics, Inc."
IRDM,Iridium Communications Inc
IRE,Defiance Daily Target 2X Long IREN ETF
IREC,Corgi IREN 2x Daily ETF
IREG,Leverage Shares 2X Long IREN Daily ETF
IREN,IREN Limited
IREX,Tradr 2X Long IREN Daily ETF
IREZ,Tradr 2X Short IREN Daily ETF
IRHO,Iron Horse Acquisitions II Corp.
IRHOR,Iron Horse Acquisitions II Corp. - Rights
IRHOU,Iron Horse Acquisitions II Corp. - Units
IRIX,IRIDEX Corporation
IRM,Iron Mountain Incorporated (Delaware)Common Stock REIT
IRMD,iRadimed Corporation
IROC,Invesco Rochester High Yield Municipal ETF
IRON,"Disc Medicine, Inc."
IRS,IRSA Inversiones Y Representaciones S.A. Global Depositary Shares (Each representing ten shares of Common Stock)
IRT,"Independence Realty Trust, Inc."
IRTC,"iRhythm Holdings, Inc."
IRTR,iShares LifePath Retirement ETF
IRVH,Global X Interest Rate Volatility & Inflation Hedge ETF
IRWD,"Ironwood Pharmaceuticals, Inc."
ISBA,Isabella Bank Corporation - Common stock
ISBG,IncomeSTKd 1x Bitcoin & 1x Gold Premium ETF
ISCB,iShares Morningstar Small-Cap ETF
ISCF,iShares International Small-Cap Equity Factor ETF
ISCG,iShares Morningstar Small-Cap Growth ETF
ISCV,iShares Morningstar Small-Cap Value ETF
ISD,"PGIM High Yield Bond Fund, Inc."
ISEP,Innovator International Developed Power Buffer ETF  September
ISHG,iShares 1-3 Year International Treasury Bond ETF
ISHP,First Trust S-Network E-Commerce ETF
ISMD,Inspire Small/Mid Cap ETF
ISMF,iShares Managed Futures Active ETF
ISNR,Snow Rothschild Acquisition Corp. - Class A
ISNRU,Snow Rothschild Acquisition Corp. - Units
ISNRW,Snow Rothschild Acquisition Corp. - Warrants
ISOU,IsoEnergy Ltd.
ISPC,iSpecimen Inc.
ISPR,Ispire Technology Inc.
ISPY,ProShares S&P 500 High Income ETF
ISRA,VanEck Israel ETF
ISRG,"Intuitive Surgical, Inc."
ISSB,IncomeSTKd 1x US Stocks & 1x Bitcoin Premium ETF
ISSC,"Innovative Solutions and Support, Inc."
ISTB,iShares Core 1-5 Year USD Bond ETF
ISTM,iShares Strategic Metals ETF
ISTR,Investar Holding Corporation
ISUL,GraniteShares 2x Long ISRG Daily ETF
ISVL,iShares International Developed Small Cap Value Factor ETF
ISWN,Amplify BlackSwan ISWN ETF
IT,"Gartner, Inc."
ITA,iShares U.S. Aerospace & Defense ETF
ITAN,Sparkline Intangible Value ETF
ITB,iShares U.S. Home Construction ETF
ITDB,iShares LifePath Target Date 2030 ETF
ITDC,iShares LifePath Target Date 2035 ETF
ITDD,iShares LifePath Target Date 2040 ETF
ITDE,iShares LifePath Target Date 2045 ETF
ITDF,iShares LifePath Target Date 2050 ETF
ITDG,iShares LifePath Target Date 2055 ETF
ITDH,iShares LifePath Target Date 2060 ETF
ITDI,iShares LifePath Target Date 2065 ETF
ITDJ,iShares LifePath Target Date 2070 ETF
ITEQ,Amplify BlueStar Israel Technology ETF
ITG,"ITG, Inc."
ITGR,Integer Holdings Corporation
ITHA,ITHAX Acquisition Corp III - Class A
ITHAU,ITHAX Acquisition Corp III - Units
ITHAW,ITHAX Acquisition Corp III - Warrants
ITIC,Investors Title Company
ITM,VanEck Intermediate Muni ETF
ITOC,iTonic Holdings Ltd - Class A
ITOT,iShares Core S&P Total U.S. Stock Market ETF
ITP,"IT Tech Packaging, Inc."
ITRG,Integra Resources Corp.
ITRI,"Itron, Inc."
ITRN,Ituran Location and Control Ltd.
ITT,ITT Inc.
ITUB,Itau Unibanco Banco Holding SA American Depositary Shares (Each repstg 500 Preferred shares)
ITW,Illinois Tool Works Inc.
ITWO,ProShares Russell 2000 High Income ETF
IUS,Invesco RAFI Strategic US ETF
IUSB,iShares Core Universal USD Bond ETF
IUSG,iShares Core S&P U.S. Growth ETF
IUSV,iShares Core S&P U.S. Value ETF
IVA,Inventiva S.A. - American Depository Shares
IVAL,Alpha Architect International Quantitative Value ETF
IVDA,"Iveda Solutions, Inc."
IVDAW,"Iveda Solutions, Inc. - Warrant"
IVE,iShares S&P 500 Value ETF
IVEP,Dan IVES Wedbush AI Power & Infrastructure ETF
IVES,Dan IVES Wedbush AI Revolution ETF
IVF,"INVO Fertility, Inc."
IVLU,iShares MSCI Intl Value Factor ETF
IVOG,Vanguard S&P Mid-Cap 400 Growth ETF
IVOL,Quadratic Interest Rate Volatility and Inflation Hedge ETF
IVOO,Vanguard S&P Mid-Cap 400 ETF
IVOV,Vanguard S&P Mid-Cap 400 Value ETF
IVR,INVESCO MORTGAGE CAPITAL INC
IVRS,iShares Future Metaverse Tech and Communications ETF
IVSI,Applied Finance IVS International Large ETF
IVSS,Applied Finance IVS US SMID ETF
IVSX,Applied Finance IVS International SMID ETF
IVT,InvenTrust Properties Corp.
IVV,iShares Core S&P 500 ETF
IVVB,iShares Large Cap Deep Quarterly Laddered ETF
IVVD,"Invivyd, Inc."
IVVM,iShares Large Cap Moderate Quarterly Laddered ETF
IVVW,iShares S&P 500 BuyWrite ETF
IVW,iShares S&P 500 Growth ETF
IVZ,Invesco Ltd
IWB,iShares Russell 1000 ETF
IWC,iShares Microcap ETF
IWD,iShares Russell 1000 Value ETF
IWDL,ETRACS 2x Leveraged US Value Factor TR ETN
IWF,iShares Russell 1000 Growth Fund
IWFG,NYLI Winslow Focused Large Cap Growth ETF
IWFL,ETRACS 2x Leveraged US Growth Factor TR ETN
IWL,iShares Russell Top 200 ETF
IWLG,NYLI Winslow Large Cap Growth ETF
IWM,iShares Russell 2000 Index Fund
IWMI,NEOS Russell 2000 High Income ETF
IWML,ETRACS 2x Leveraged US Size Factor TR ETN
IWMW,iShares Russell 2000 BuyWrite ETF
IWMY,Defiance R2000 Weekly Distribution ETF
IWN,iShares Russell 2000 Value ETF
IWO,iShares Russell 2000 Growth Fund
IWP,iShares Russell Midcap Growth ETF
IWR,iShares Russell Mid-Cap ETF
IWS,iShares Russell Mid-Cap Value ETF
IWV,iShares Russell 3000 Fund
IWX,iShares Russell Top 200 Value ETF
IWY,iShares Russell Top 200 Growth ETF
IX,ORIX Corporation
IXC,iShares Global Energy ETF
IXG,iShares Global Financial ETF
IXHL,Incannex Healthcare Inc.
IXJ,iShares Global Healthcare ETF
IXN,iShares Global Tech ETF
IXP,iShares Global Comm Services ETF
IXUS,iShares Core MSCI Total International Stock ETF
IYC,iShares U.S. Consumer Discretionary ETF
IYE,iShares U.S. Energy ETF
IYF,iShares U.S. Financial ETF
IYG,iShares U.S. Financial Services ETF
IYH,iShares U.S. Healthcare ETF
IYJ,iShares U.S. Industrials ETF
IYK,iShares U.S. Consumer Staples ETF
IYLD,iShares Morningstar Multi-Asset Income ETF
IYM,iShares U.S. Basic Materials ETF
IYR,iShares U.S. Real Estate ETF
IYRI,NEOS Real Estate High Income ETF
IYT,iShares U.S. Transportation ETF
IYW,iShares U.S. Technology ETF
IYY,iShares Dow Jones U.S. ETF
IYZ,iShares U.S. Telecommunications ETF
IZEA,"IZEA Worldwide, Inc."
IZM,ICZOOM Group Inc. - Class A
IZRL,ARK Israel Innovative Technology ETF
J,Jacobs Solutions Inc.
JA,Janus Henderson AA-A CLO ETF
JAAA,Janus Henderson AAA CLO ETF
JABRU,JAB Acquisition Corp I - Units
JABS,Janus Henderson Asset-Backed Securities ETF
JACK,Jack In The Box Inc.
JACS,Jackson Acquisition Company II Class A
JADB,Aptus January Deep Buffer ETF
JADE,JPMorgan Active Developing Markets Equity ETF
JAGU,Jaguar Uranium Corp. Class A
JAGX,"Jaguar Health, Inc."
JAJL,Innovator Equity Defined Protection ETF - 6mo Jan/Jul
JAKK,"JAKKS Pacific, Inc."
JAN,"Janus Living, Inc. Class A-1"
JANB,Aptus January Buffer ETF
JANH,Innovator Premium Income 20 Barrier ETF - January
JANI,AllianzIM International Equity Buffer15 Uncapped Jan ETF
JANJ,Innovator Premium Income 30 Barrier ETF - January
JANM,FT Vest U.S. Equity Max Buffer ETF - January
JANP,PGIM S&P 500 Buffer 12 ETF - January
JANT,AllianzIM U.S. Large Cap Buffer10 Jan ETF
JANU,AllianzIM U.S. Equity Buffer15 Uncapped Jan ETF
JANW,AllianzIM U.S. Large Cap Buffer20 Jan ETF
JANX,"Janux Therapeutics, Inc."
JANZ,TrueShares Structured Outcome (January) ETF
JAPN,Horizon Kinetics Japan Owner Operator ETF
JATT,JATT II Acquisition Corp
JAVA,JPMorgan Active Value ETF
JAZZ,Jazz Pharmaceuticals plc
JBBB,Janus Henderson B-BBB CLO ETF
JBDI,JBDI Holdings Limited
JBGS,JBG SMITH Properties
JBHT,"J.B. Hunt Transport Services, Inc."
JBI,"Janus International Group, Inc."
JBIO,"Jade Biosciences, Inc."
JBK,Lehman ABS 3.50 3.50% Adjustable Corp Backed Tr Certs GS Cap I
JBL,Jabil Inc.
JBLG,Leverage Shares 2X Long JBL Daily ETF
JBLU,JetBlue Airways Corporation
JBND,JPMorgan Active Bond ETF
JBS,JBS N.V. Class A
JBSS,"John B. Sanfilippo & Son, Inc."
JBTM,JBT Marel Corporation
JCAL,JPMorgan California Tax Free Bond ETF
JCAP,"Jefferson Capital, Inc."
JCE,Nuveen Core Equity Alpha Fund Common Shares of Beneficial Interest
JCHI,JPMorgan Active China ETF
JCI,Johnson Controls International plc Ordinary Share
JCPB,JPMorgan Core Plus Bond ETF
JCPI,JPMorgan Inflation Managed Bond ETF
JCSE,JE Cleantech Holdings Limited
JCTC,Jewett-Cameron Trading Company
JD,"JD.com, Inc."
JDIV,JPMorgan Dividend Leaders ETF
JDOC,JPMorgan Healthcare Leaders ETF
JDST,Direxion Daily Junior Gold Miners Index Bear 2X ETF
JDVI,John Hancock Disciplined Value International Select ETF
JDVL,John Hancock Disciplined Value Select ETF
JDZG,JIADE LIMITED - Class A
JEDI,Defiance Drone and Modern Warfare ETF
JEF,Jefferies Financial Group Inc.
JELD,"JELD-WEN Holding, Inc."
JELH,Janus Henderson Equity Linked High Income ETF
JELM,Janus Henderson Equity Linked Moderate Income ETF
JEM,707 Cayman Holdings Limited
JEMA,JPMorgan ActiveBuilders Emerging Markets Equity ETF
JEMB,Janus Henderson Emerging Markets Debt Hard Currency ETF
JENA,Jena Acquisition Corporation II Class A
JEPI,JPMorgan Equity Premium Income ETF
JEPQ,JPMorgan Nasdaq Equity Premium Income ETF
JETD,MAX Airlines -3X Inverse Leveraged ETNs
JETS,U.S. Global Jets ETF
JETU,MAX Airlines 3X Leveraged ETNs
JF,J and Friends Holdings Limited
JFB,JFB Construction Holdings
JFIN,Jiayin Group Inc.
JFLI,JPMorgan Flexible Income ETF
JFLX,JPMorgan Flexible Debt ETF
JFR,Nuveen Floating Rate Income Fund
JFU,9F Inc.
JG,Aurora Mobile Limited
JGH,Nuveen Global High Income Fund Common Shares of Beneficial Interest
JGLO,JPMorgan Global Select Equity ETF
JGRO,JPMorgan Active Growth ETF
JGRW,Jensen Quality Growth ETF
JHAC,John Hancock Fundamental All Cap Core ETF
JHAI,Janus Henderson Global Artificial Intelligence ETF
JHCB,John Hancock Corporate Bond ETF
JHCP,John Hancock Core Plus Bond ETF
JHCR,John Hancock Core Bond ETF
JHDG,John Hancock Hedged Equity ETF
JHDV,John Hancock U.S. High Dividend ETF
JHEM,John Hancock Multifactor Emerging Markets ETF
JHHY,John Hancock High Yield ETF
JHI,John Hancock Investors Trust
JHID,John Hancock International High Dividend ETF
JHLN,John Hancock Global Senior Loan ETF
JHMB,John Hancock Mortgage-Backed Securities ETF
JHMD,John Hancock Multifactor Developed International ETF
JHML,John Hancock Multifactor Large Cap ETF
JHMM,John Hancock Multifactor Mid Cap ETF
JHMU,John Hancock Dynamic Municipal Bond ETF
JHPI,John Hancock Preferred Income ETF
JHS,John Hancock Income Securities Trust
JHSC,John Hancock Multifactor Small Cap ETF
JHX,James Hardie Industries plc.
JIDE,JPMorgan International Dynamic ETF
JIG,JPMorgan International Growth ETF
JIII,Janus Henderson Income ETF
JILL,"J. Jill, Inc."
JIRE,JPMorgan International Research Enhanced Equity ETF
JIVE,JPMorgan International Value ETF
JJSF,J & J Snack Foods Corp.
JKHY,"Jack Henry & Associates, Inc."
JKS,JinkoSolar Holding Company Limited American Depositary Shares (each representing 4 Common Shares)
JL,J-Long Group Limited - Class A
JLCO,John Hancock Large Cap Opportunities ETF
JLHL,Julong Holding Limited - Class A
JLL,Jones Lang LaSalle Incorporated
JLQD,Janus Henderson Corporate Bond ETF
JLS,Nuveen Mortgage and Income Fund
JLVP,JPMorgan U.S. Large Cap Value Plus ETF
JMBS,Janus Henderson Mortgage-Backed Securities ETF
JMEE,JPMorgan Small & Mid Cap Enhanced Equity ETF
JMHI,JPMorgan High Yield Municipal ETF
JMIA,"Jumia Technologies AG American Depositary Shares, each representing two"
JMID,Janus Henderson Mid Cap Growth Alpha ETF
JMKE,Jersey Mike's Subs Inc.
JMM,Nuveen Multi-Market Income Fund (MA)
JMMF,JPMorgan 100% U.S. Treasury Securities Money Market ETF
JMOM,JPMorgan U.S. Momentum Factor ETF
JMSB,"John Marshall Bancorp, Inc."
JMSI,JPMorgan Sustainable Municipal Income ETF
JMST,JPMorgan Ultra-Short Municipal Income ETF
JMTG,JPMorgan Mortgage-Backed Securities ETF
JMUB,JPMorgan Municipal ETF
JNEU,AllianzIM U.S. Equity Buffer15 Uncapped June ETF
JNJ,Johnson & Johnson
JNK,State Street SPDR Bloomberg High Yield Bond ETF
JNUG,Direxion Daily Junior Gold Miners Index Bull 2X ETF
JOB,GEE Group Inc.
JOBC,Corgi JOBY 2x Daily ETF
JOBX,Tradr 2X Long JOBY Daily ETF
JOBY,"Joby Aviation, Inc."
JOE,St. Joe Company (The)
JOET,Virtus Terranova U.S. Quality Momentum ETF
JOF,Japan Smaller Capitalization Fund Inc
JOJO,ATAC Credit Rotation ETF
JONEU,Jones Ventures INTL Acquisition1 Corp - Units
JOUL,Corgi High Voltage Grid Equipment ETF
JOUT,Johnson Outdoors Inc.
JOYT,JPMorgan Equity and Options Total Return ETF
JOYY,JOYY Inc.
JPAN,Matthews Japan Active ETF
JPC,Nuveen Preferred & Income Opportunities Fund
JPEF,JPMorgan Equity Focus ETF
JPEM,JPMorgan Diversified Return Emerging Markets Equity ETF
JPFP,JPMorgan Managed Futures Plus ETF
JPHY,JPMorgan Active High Yield ETF
JPIB,JPMorgan International Bond Opportunities ETF
JPIE,JPMorgan Income ETF
JPIN,JPMorgan Diversified Return International Equity ETF
JPLD,JPMorgan Limited Duration Bond ETF
JPM,JP Morgan Chase & Co.
JPMB,JPMorgan USD Emerging Markets Sovereign Bond ETF
JPME,JPMorgan Diversified Return U.S. Mid Cap Equity ETF
JPO,YieldMax JP Option Income Strategy ETF
JPRE,JPMorgan Realty Income ETF
JPRF,JPMorgan Preferred and Income Securities ETF
JPSE,JPMorgan Diversified Return U.S. Small Cap Equity ETF
JPST,JPMorgan Ultra-Short Income ETF
JPSV,JPMorgan Active Small Cap Value ETF
JPUS,JPMorgan Diversified Return U.S. Equity ETF
JPXN,iShares JPX-Nikkei 400 ETF
JPY,Lazard Japanese Equity ETF
JQC,Nuveen Credit Strategies Income Fund Shares of Beneficial Interest
JQUA,JPMorgan U.S. Quality Factor ETF
JRE,Janus Henderson U.S. Real Estate ETF
JRI,Nuveen Real Asset Income and Growth Fund Common Shares of Beneficial Interest
JRS,Nuveen Real Estate Income Fund Common Shares of Beneficial Interest
JRSH,"Jerash Holdings (US), Inc."
JRVR,"James River Group Holdings, Inc."
JSCP,JPMorgan Short Duration Core Plus ETF
JSI,Janus Henderson Securitized Income ETF
JSM,"Navient Corporation - 6% Senior Notes due December 15, 2043"
JSMD,Janus Henderson Small/Mid Cap Growth Alpha ETF
JSML,Janus Henderson Small Cap Growth Alpha ETF
JSPR,"Jasper Therapeutics, Inc."
JSPRW,"Jasper Therapeutics, Inc. - Warrant"
JSTC,Adasina Social Justice All Cap Global ETF
JTAI,Jet.AI Inc.
JTEK,JPMorgan U.S. Tech Leaders ETF
JTNY,JPMorgan New York Tax Free Bond ETF
JUCY,Aptus Enhanced Yield ETF
JUDB,Aptus July Deep Buffer ETF
JUDO,Janus Henderson U.S. Equity Enhanced Income ETF
JULB,Aptus July Buffer ETF
JULC,Corgi U.S. Equities 10% Structured Buffer ETF - July Series
JULH,Innovator Premium Income 20 Barrier ETF - July
JULI,AllianzIM International Equity Buffer15 Uncapped Jul ETF
JULJ,Innovator Premium Income 30 Barrier ETF - July
JULM,FT Vest U.S. Equity Max Buffer ETF - July
JULP,PGIM S&P 500 Buffer 12 ETF - July
JULT,AllianzIM U.S. Large Cap Buffer10 Jul ETF
JULU,AllianzIM U.S. Equity Buffer15 Uncapped Jul ETF
JULW,AllianzIM U.S. Large Cap Buffer20 Jul ETF
JULZ,TrueShares Structured Outcome (July) ETF
JUNC,Corgi U.S. Equities 10% Structured Buffer ETF - June Series
JUNM,FT Vest U.S. Equity Max Buffer ETF - June
JUNP,PGIM S&P 500 Buffer 12 ETF - June
JUNS,"Jupiter Neurosciences, Inc."
JUNT,AllianzIM U.S. Large Cap Buffer10 Jun ETF
JUNW,AllianzIM U.S. Large Cap Buffer20 Jun ETF
JUNZ,TrueShares Structured Outcome (June) ETF
JUSA,JPMorgan U.S. Research Enhanced Large Cap ETF
JUST,Goldman Sachs JUST U.S. Large Cap Equity ETF
JVA,"Coffee Holding Co., Inc."
JVAL,JPMorgan U.S. Value Factor ETF
JWEL,Jowell Global Ltd.
JXG,JX Luxventure Group Inc.
JXI,iShares Global Utilities ETF
JXN,Jackson Financial Inc.
JXX,Janus Henderson Transformational Growth ETF
JYD,Jayud Global Logistics Limited - Class A
JYNT,The Joint Corp.
JZ,Jianzhi Education Technology Group Company Limited
JZXN,"Jiuzi Holdings, Inc."
KAI,Kadant Inc
KALA,"KALA BIO, Inc."
KALU,Kaiser Aluminum Corporation
KAMO,Kensington Credit Opportunities ETF
KAPA,"Kairos Pharma, Ltd."
KAPR,Innovator U.S. Small Cap Power Buffer ETF - April
KARD,"Kardigan, Inc."
KARO,Karooooo Ltd. - Ordinary shares
KARS,KraneShares Electric Vehicles and Future Mobility Index ETF
KAT,Scharf ETF
KAUG,Innovator US Small Cap Power Buffer ETF - August
KAZR,Skyline Builders Group Holding Limited - Class A
KB,KB Financial Group Inc
KBA,KraneShares Bosera MSCI China A 50 Connect Index ETF
KBAB,KraneShares 2x Long BABA Daily ETF
KBDC,"Kayne Anderson BDC, Inc."
KBDU,KraneShares 2x Long BIDU Daily ETF
KBE,State Street SPDR S&P Bank ETF
KBFR,Innovator U.S. Small Cap Managed 10 Buffer ETF
KBH,KB Home
KBON,Karbon Capital Partners Corp. - Class A
KBONU,Karbon Capital Partners Corp. - Units
KBONW,Karbon Capital Partners Corp. - Warrant
KBR,"KBR, Inc."
KBSX,FST Corp.
KBUF,KraneShares 90% KWEB Defined Outcome January 2027 ETF
KBWB,Invesco KBW Bank ETF
KBWD,Invesco KBW High Dividend Yield Financial ETF
KBWP,Invesco KBW Property & Casualty Insurance ETF
KBWY,Invesco KBW Premium Yield Equity REIT ETF
KC,Kingsoft Cloud Holdings Limited
KCAI,KraneShares China Alpha Index ETF
KCCA,KraneShares California Carbon Allowance Strategy ETF
KCE,State Street SPDR S&P Capital Markets ETF
KCHV,Kochav Defense Acquisition Corp. - Class A
KCHVR,Kochav Defense Acquisition Corp. - Right
KCHVU,Kochav Defense Acquisition Corp. - Units
KCOP,Kurv Copper & Mining Enhanced Income ETF
KCSH,KraneShares Sustainable Ultra Short Duration Index ETF
KD,"Kyndryl Holdings, Inc."
KDEC,Innovator U.S. Small Cap Power Buffer ETF - December
KDEF,PLUS Korea Defense Industry Index ETF
KDK,"Kodiak AI, Inc."
KDKRW,"Kodiak AI, Inc. - Warrant"
KDP,Keurig Dr Pepper Inc.
KDRN,Kingsbarn Tactical Bond ETF
KDVD,Keeley Dividend ETF
KE,"Kimball Electronics, Inc."
KEAT,Keating Active ETF
KEEL,Keel Infrastructure Corp.
KEEX,Defiance Daily Target 2x Long KEEL ETF
KELYA,"Kelly Services, Inc."
KELYB,"Kelly Services, Inc."
KEMQ,KraneShares Emerging Markets Consumer Technology Index ETF
KEMX,KraneShares MSCI Emerging Markets ex China Index ETF
KEN,Kenon Holdings Ltd.
KEP,Korea Electric Power Corporation
KEQU,Kewaunee Scientific Corporation
KEX,Kirby Corporation
KEY,KeyCorp
KEYG,Leverage Shares 2X Long KEYS Daily ETF
KEYS,Keysight Technologies Inc.
KEYX,Corgi KEYS 2x Daily ETF
KEYY,Keystone Acquisition Corp. - Class A
KEYYU,Keystone Acquisition Corp. - Unit
KEYYW,Keystone Acquisition Corp. - Warrants
KF,"Korea Fund, Inc. (The) New"
KFEB,Innovator U.S. Small Cap Power Buffer ETF - February
KFFB,Kentucky First Federal Bancorp
KFII,K&F Growth Acquisition Corp. II - Class A Ordinary shares
KFIIR,K&F Growth Acquisition Corp. II - Rights
KFIIU,K&F Growth Acquisition Corp. II - Unit
KFRC,"Kforce, Inc."
KFY,Korn Ferry
KG,"Kestrel Group, Ltd."
KGC,Kinross Gold Corporation
KGEI,Kolibri Global Energy Inc. - Common stock
KGLD,Kurv Gold Enhanced Income ETF
KGRN,KraneShares MSCI China Clean Technology Index ETF
KGS,"Kodiak Gas Services, Inc."
KHC,The Kraft Heinz Company
KHPI,Kensington Hedged Premium Income ETF
KHYB,KraneShares Asia Pacific High Income USD Bond ETF
KIDS,OrthoPediatrics Corp.
KIDZ,KIDZ AI Inc.
KIDZW,KIDZ AI Inc. - Warrants
KIE,State Street SPDR S&P Insurance ETF
KIM,Kimco Realty Corporation (HC)
KINS,"Kingstone Companies, Inc"
KIO,KKR Income Opportunities Fund
KIQQ,KraneShares InspereX Nasdaq Dynamic Buffered High Income Index ETF
KITT,"Nauticus Robotics, Inc. - Common stock"
KITTW,"Nauticus Robotics, Inc. - Warrant"
KJAN,Innovator U.S. Small Cap Power Buffer ETF - January
KJD,KraneShares 2x Long JD Daily ETF
KJUL,Innovator U.S. Small Cap Power Buffer ETF - July
KJUN,Innovator U.S. Small Cap Power Buffer ETF - June
KKR,KKR & Co. Inc.
KKRS,KKR Group Finance Co. IX LLC 4.625% Subordinated Notes due 2061
KKRT,KKR & Co. Inc. 6.875% Subordinated Notes due 2065
KLAC,KLA Corporation
KLAG,Leverage Shares 2x Long KLAC Daily ETF
KLAR,Klarna Group plc
KLC,"KinderCare Learning Companies, Inc."
KLIC,"Kulicke and Soffa Industries, Inc."
KLIP,KraneShares KWEB Covered Call Strategy ETF
KLMN,Invesco MSCI North America Climate ETF
KLMT,Invesco MSCI Global Climate 500 ETF
KLRA,"Kailera Therapeutics, Inc. - Common stock"
KLRS,"Kalaris Therapeutics, Inc."
KLTR,"Kaltura, Inc."
KLXE,"KLX Energy Services Holdings, Inc."
KMAR,Innovator U.S. Small Cap Power Buffer ETF - March
KMAY,Innovator U.S. Small Cap Power Buffer ETF - May
KMB,Kimberly-Clark Corporation
KMCA,PLUS Korea Manufacturing Core Alliance Index ETF
KMDA,Kamada Ltd.
KMEM,Kurv Memory Select ETF
KMI,"Kinder Morgan, Inc."
KMID,Virtus KAR Mid-Cap ETF
KMLI,KraneShares 2x Long MELI Daily ETF
KMLM,KraneShares Mount Lucas Managed Futures Index Strategy ETF
KMPB,Kemper Corporation 5.875% Fixed-Rate Reset Junior Subordinated Debentures due 2062
KMPR,Kemper Corporation
KMRK,K-Tech Solutions Company Limited - Class A
KMT,Kennametal Inc.
KMTS,"Kestra Medical Technologies, Ltd."
KMX,CarMax Inc
KN,Knowles Corporation
KNCT,Invesco Next Gen Connectivity ETF
KNDI,"Kandi Technologies Group, Inc."
KNF,Knife Riv Holding Co.
KNG,FT Vest S&P 500 Dividend Aristocrats Target Income ETF
KNGZ,First Trust S&P 500 Diversified Dividend Aristocrats ETF
KNO,AXS Knowledge Leaders ETF
KNOP,KNOT Offshore Partners LP Common Units representing Limited Partner Interests
KNOV,Innovator U.S. Small Cap Power Buffer ETF - November
KNOW,Fundamentals First ETF
KNRG,Simplify Kayne Anderson Energy and Infrastructure Credit ETF
KNRX,KNOREX LTD. Class A
KNSA,"Kiniksa Pharmaceuticals International, plc - Class A"
KNSL,"Kinsale Capital Group, Inc."
KNTK,Kinetik Holdings Inc.
KNX,Knight-Swift Transportation Holdings Inc.
KO,Coca-Cola Company (The)
KOCT,Innovator U.S. Small Cap Power Buffer ETF - October
KOD,Kodiak Sciences Inc
KODK,Eastman Kodak Company Common New
KOF,"Coca Cola Femsa S.A.B. de C.V.  American Depositary Shares, each representing 10 Units (each Unit consists of 3 Series B Shares and 5 Series L Shares)"
KOID,KraneShares Global Humanoid Robotics and Physical AI Index ETF
KOKU,Xtrackers MSCI Kokusai Equity ETF
KOLD,ProShares UltraShort Bloomberg Natural Gas
KOMP,State Street SPDR S&P Kensho New Economies Composite ETF
KONG,Formidable Fortress ETF
KOOL,North Shore Equity Rotation ETF
KOP,Koppers Holdings Inc.
KOPN,Kopin Corporation
KORP,American Century Diversified Corporate Bond ETF
KORU,Direxion Daily South Korea Bull 3X ETF
KOS,Kosmos Energy Ltd. Common Shares (DE)
KOSS,Koss Corporation
KOYN,CSLM Digital Asset Acquisition Corp III - Class A
KOYNU,CSLM Digital Asset Acquisition Corp III - Units
KOYNW,CSLM Digital Asset Acquisition Corp III - Warrants
KPDD,KraneShares 2x Long PDD Daily ETF
KPET,KPET Ultra Paceline Corporation Class A
KPHO,KraneShares Dragon Capital Growth of Vietnam Index ETF
KPLT,"Katapult Holdings, Inc."
KPRO,KraneShares 100% KWEB Defined Outcome January 2027 ETF
KPRX,"Kiora Pharmaceuticals, Inc."
KPTI,Karyopharm Therapeutics Inc.
KQQQ,Kurv Technology Titans Select ETF
KR,Kroger Company (The)
KRAQ,KRAKacquisition Corp - Class A
KRAQU,KRAKacquisition Corp - Unit
KRAQW,KRAKacquisition Corp - Warrants
KRBN,KraneShares Global Carbon Strategy ETF
KRC,Kilroy Realty Corporation
KRE,State Street SPDR S&P Regional Banking ETF
KREF,KKR Real Estate Finance Trust Inc.
KRG,Kite Realty Group Trust
KRKR,36Kr Holdings Inc.
KRMD,"KORU Medical Systems, Inc."
KRMN,Karman Holdings Inc.
KRNT,Kornit Digital Ltd.
KRNY,Kearny Financial
KRO,Kronos Worldwide Inc
KROP,Global X AgTech & Food Innovation ETF
KROS,"Keros Therapeutics, Inc. - common stock"
KRP,Kimbell Royalty Partners Common Units Representing Limited Partner Interests
KRRO,"Korro Bio, Inc."
KRSP,Rice Acquisition Corporation 3 Class A
KRT,Karat Packaging Inc.
KRUS,"Kura Sushi USA, Inc."
KRWX,Corgi South Korea 2x Daily ETF
KRYP,ProShares CoinDesk 20 Crypto ETF
KRYS,"Krystal Biotech, Inc."
KSA,iShares MSCI Saudi Arabia ETF
KSCP,"Knightscope, Inc."
KSEP,Innovator U.S. Small Cap Power Buffer ETF - September
KSLV,Kurv Silver Enhanced Income ETF
KSPI,Joint Stock Company Kaspi.kz - American Depository Shares
KSPY,KraneShares Hedgeye Hedged Equity Index ETF
KSS,Kohl's Corporation
KSTR,KraneShares China Technology & Semiconductor STAR 50 Index ETF
KT,KT Corporation
KTB,"Kontoor Brands, Inc."
KTCC,Key Tronic Corporation
KTEC,KraneShares Hang Seng TECH Index ETF
KTF,DWS Municipal Income Trust
KTH,Structures Products Cp 8% CorTS Issued by Peco Energy Cap Tr II Preferred Stock
KTN,Structured Products Corp 8.205% CorTS 8.205% Corporate Backed Trust Securities (CorTS)
KTOS,"Kratos Defense & Security Solutions, Inc."
KTTA,Pasithea Therapeutics Corp.
KTTAW,Pasithea Therapeutics Corp. - Warrant
KTUP,T-REX 2X Long KTOS Daily Target ETF
KTWO,K2 Capital Acquisition Corporation - Class A Ordinary Share
KTWOR,K2 Capital Acquisition Corporation - Rights
KTWOU,K2 Capital Acquisition Corporation - Units
KULR,"KULR Technology Group, Inc."
KURA,"Kura Oncology, Inc."
KURE,KraneShares MSCI All China Health Care Index ETF
KUST,"Kustom Entertainment, Inc."
KVAC,Keen Vision Acquisition Corporation
KVACU,Keen Vision Acquisition Corporation - Units
KVACW,Keen Vision Acquisition Corporation - Warrant
KVHI,"KVH Industries, Inc."
KVLE,KraneShares Value Line Dynamic Dividend Equity Index ETF
KVUE,Kenvue Inc.
KVYO,"Klaviyo, Inc. Series A"
KWEB,KraneShares CSI China Internet ETF
KWH,GMO Power Infrastructure ETF
KWIN,KraneShares Wahed Alternative Income Index ETF
KWM,"K Wave Media, Ltd."
KWMWW,"K Wave Media, Ltd. - Warrant"
KWR,Quaker Houghton
KWT,iShares MSCI Kuwait ETF
KWY,Kingsway Corporation
KXI,iShares Global Consumer Staples ETF
KXIN,Kaixin Holdings
KYC,Corgi Digital Banking & Fintech Infrastructure ETF
KYIV,Kyivstar Group Ltd.
KYIVW,Kyivstar Group Ltd. - Warrant
KYLD,Kurv High Income ETF
KYMR,"Kymera Therapeutics, Inc."
KYN,"Kayne Anderson Energy Infrastructure Fund, Inc."
KYNB,"Kyntra Bio, Inc."
KYTX,"Kyverna Therapeutics, Inc."
KZIA,Kazia Therapeutics Limited
L,Loews Corporation
LAB,Standard BioTools Inc.
LABD,Direxion Daily S&P Biotech Bear 3X ETF
LABT,Lakewood-Amedex Biotherapeutics Inc.
LABU,Direxion Daily S&P Biotech Bull 3X ETF
LABX,Tradr 2X Long ALAB Daily ETF
LAC,Lithium Americas Corp.
LAD,"Lithia Motors, Inc."
LADM,Pacer Swan SOS Laddered Moderate ETF
LADR,Ladder Capital Corp
LAES,SEALSQ Corp
LAFA,LaFayette Acquisition Corp. - Ordinary Share
LAFAR,LaFayette Acquisition Corp. - Rights
LAFAU,LaFayette Acquisition Corp. - Unit
LAKE,"Lakeland Industries, Inc."
LALT,First Trust Multi-Strategy Alternative ETF
LAMR,Lamar Advertising Company
LAND,Gladstone Land Corporation
LANDO,Gladstone Land Corporation - 6.00% Series B Cumulative Redeemable Preferred Stock
LANDP,Gladstone Land Corporation - 6.00% Series C Cumulative Redeemable Preferred Stock
LANV,Lanvin Group Holdings Limited
LAPR,Innovator Premium Income 15 Buffer ETF - April
LAR,Lithium Argentina AG
LARK,Landmark Bancorp Inc.
LASC,Corgi LASR 2x Daily ETF
LASE,Laser Photonics Corporation
LASR,"nLIGHT, Inc."
LATA,Galata Acquisition Corp. II - Class A
LATAU,Galata Acquisition Corp. II - Units
LATAW,Galata Acquisition Corp. II - Warrant
LATR,Corgi Buy Now Pay Later ETF
LAUR,"Laureate Education, Inc."
LAW,"CS Disco, Inc."
LAWR,"Robot Consulting Co., Ltd. - ADS"
LAZ,"Lazard, Inc."
LAZR,Tema Photonics & Optical ETF
LB,LandBridge Company LLC Class A Shares Representing Limited Liability Company Interests
LBAY,Leatherback Long/Short Alternative Yield ETF
LBGJ,Li Bang International Corporation Inc. - Class A
LBO,WHITEWOLF Publicly Listed Private Equity ETF
LBRDA,Liberty Broadband Corporation
LBRDK,Liberty Broadband Corporation
LBRDP,Liberty Broadband Corporation - Series A Cumulative Redeemable Preferred Stock
LBRT,Liberty Energy Inc. Class A common stock
LBRX,LB Pharmaceuticals Inc
LBTYA,Liberty Global Ltd. - Class A
LBTYB,Liberty Global Ltd. - Class B
LBTYK,Liberty Global Ltd. - Class C
LCAP,Principal Capital Appreciation Select ETF
LCCC,Lakeshore Acquisition III Corp.
LCCCR,Lakeshore Acquisition III Corp. - Rights
LCCCU,Lakeshore Acquisition III Corp. - Unit
LCDS,JPMorgan Fundamental Data Science Large Core ETF
LCF,Touchstone US Large Cap Focused ETF
LCFY,Locafy Limited - Ordinary Share
LCFYW,Locafy Limited - Warrant
LCID,"Lucid Group, Inc."
LCII,LCI Industries
LCLG,Logan Capital Broad Innovative Growth ETF
LCLN,"Lincoln International, Inc."
LCNB,LCNB Corporation
LCO,LOGIQ Contrarian Opportunities ETF
LCOW,Pacer S&P 500 Quality FCF Aristocrats ETF
LCR,Leuthold Core ETF
LCTD,iShares World ex U.S. Carbon Transition Readiness Aware Active ETF
LCTO,Kurv U.S. Large Cap TaxOptimized ETF
LCTU,iShares U.S. Carbon Transition Readiness Aware Active ETF
LCTX,"Lineage Cell Therapeutics, Inc."
LCUT,"Lifetime Brands, Inc."
LDDR,LifeX 2035 Income Bucket ETF
LDEM,iShares ESG MSCI EM Leaders ETF
LDI,"loanDepot, Inc."
LDOS,"Leidos Holdings, Inc."
LDP,"Cohen & Steers Limited Duration Preferred and Income Fund, Inc."
LDRC,iShares iBonds 1-5 Year Corporate Ladder ETF
LDRH,iShares iBonds 1-5 Year High Yield and Income Ladder ETF
LDRI,iShares iBonds 1-5 Year TIPS Ladder ETF
LDRT,iShares iBonds 1-5 Year Treasury Ladder ETF
LDRX,SGI Enhanced Market Leaders ETF
LDSF,First Trust Low Duration Strategic Focus ETF
LDUR,PIMCO Enhanced Low Duration Active Exchange-Traded Fund
LE,"Lands' End, Inc."
LEA,Lear Corporation
LECO,"Lincoln Electric Holdings, Inc."
LEDS,SemiLEDS Corporation
LEE,"Lee Enterprises, Incorporated"
LEG,"Leggett & Platt, Incorporated"
LEGH,Legacy Housing Corporation
LEGN,Legend Biotech Corporation
LEGO,Legato Merger Corp. IV
LEGR,First Trust Indxx Innovative Transaction & Process ETF
LEMB,iShares J.P. Morgan EM Local Currency Bond
LEN,Lennar Corporation
LEND,SEI High Yield Bond & Alternative Credit ETF
LENS,Sarmaya Thematic ETF
LENZ,"LENZ Therapeutics, Inc."
LEO,"BNY Mellon Strategic Municipals, Inc."
LESL,"Leslie's, Inc."
LEU,Centrus Energy Corp.
LEUX,Tradr 2X Long LEU Daily ETF
LEVI,Levi Strauss & Co
LEXI,Alexis Practical Tactical ETF
LEXX,Lexaria Bioscience Corp.
LFAC,Leapfrog Acquisition Corporation - Class A
LFACU,Leapfrog Acquisition Corporation - Units
LFACW,Leapfrog Acquisition Corporation - Warrants
LFAI,LifeX 2050 Longevity Income ETF
LFAO,LifeX 2055 Longevity Income ETF
LFAW,LifeX 2060 Longevity Income ETF
LFBE,LifeX 2065 Longevity Income ETF
LFCR,"Lifecore Biomedical, Inc."
LFDR,LifeX Durable Income ETF
LFEQ,VanEck Long/Flat Trend ETF
LFGY,YieldMax Crypto Industry & Tech Portfolio Option Income ETF
LFMD,"LifeMD, Inc."
LFMDP,"LifeMD, Inc. - 8.875% Series A Cumulative Perpetual Preferred Stock"
LFS,"LEIFRAS Co., Ltd."
LFSC,F/m Emerald Life Sciences Innovation ETF
LFST,"LifeStance Health Group, Inc."
LFT,"Lument Finance Trust, Inc."
LFTO,"Liftoff Mobile, Inc."
LFUS,"Littelfuse, Inc."
LFVN,Lifevantage Corporation
LFWD,Lifeward Ltd.
LGCF,Themes US Cash Flow Champions ETF
LGCL,Lucas GC Limited - Class A
LGCY,Legacy Education Inc.
LGDS,JPMorgan Fundamental Data Science Large Growth ETF
LGDX,Intech S&P Large Cap Diversified Alpha ETF
LGH,HCM Defender 500 Index ETF
LGHL,Lion Group Holding Ltd. - American Depositary Share
LGHT,Langar Global HealthTech ETF
LGI,Lazard Global Total Return and Income Fund
LGIH,"LGI Homes, Inc."
LGL,"LGL Group, Inc. (The)"
LGLV,State Street SPDR US Large Cap Low Volatility Index ETF
LGN,Legence Corp. - Class A Common stock
LGND,Ligand Pharmaceuticals Incorporated
LGO,Largo Inc.
LGOV,First Trust Long Duration Opportunities ETF
LGPS,LogProstyle Inc.
LGRO,Level Four Large Cap Growth Active ETF
LGVN,Longeveron Inc. - Class A Common stock
LH,Labcorp Holdings Inc.
LHAI,Linkhome Holdings Inc. - Common stock
LHSW,Lianhe Sowell International Group Ltd - Class A
LHX,"L3Harris Technologies, Inc."
LI,Li Auto Inc.
LIAE,LifeX 2050 Inflation-Protected Longevity Income ETF
LIAM,LifeX 2055 Inflation-Protected Longevity Income ETF
LIAU,LifeX 2060 Inflation-Protected Longevity Income ETF
LIBD,LifeX 2065 Inflation-Protected Longevity Income ETF
LICN,Lichen International Limited - Class A
LIDR,"AEye, Inc."
LIDRW,"AEye, Inc. - Warrant"
LIEN,"Chicago Atlantic BDC, Inc."
LIF,"Life360, Inc."
LIFE,Ethos Technologies Inc.
LIFT,LifeX 2028 Income Bucket ETF
LII,"Lennox International, Inc."
LILA,Liberty Latin America Ltd.
LILAK,Liberty Latin America Ltd.
LILAP,Liberty Latin America Ltd. - 9.0% Fixed Rate Cumulative Perpetual Redeemable Series A Preference Shares
LIME,"Neutron Holdings, Inc."
LIMI,Themes Lithium & Battery Metal Miners ETF
LIMN,"Liminatus Pharma, Inc."
LIMNW,"Liminatus Pharma, Inc. - Warrants"
LIN,Linde plc
LINC,Lincoln Educational Services Corporation
LIND,Lindblad Expeditions Holdings Inc.
LINE,"Lineage, Inc."
LINK,"Interlink Electronics, Inc."
LINT,Direxion Daily INTC Bull 2X ETF
LION,Lionsgate Studios Corp
LIQT,"LiqTech International, Inc."
LIT,Global X Lithium & Battery Tech ETF
LITB,"LightInTheBox Holding Co., Ltd. American Depositary Shares, each representing twelve ordinary shares"
LITC,Corgi LITE 2x Daily ETF
LITE,Lumentum Holdings Inc.
LITL,Simplify Piper Sandler US Small-Cap PLUS Income ETF
LITP,Sprott Lithium Miners ETF
LITS,"Lite Strategy, Inc."
LITU,T-REX 2X Long LITE Daily Target ETF
LITX,Tradr 2X Long LITE Daily ETF
LITZ,Tradr 2X Short LITE Daily ETF
LIVE,Live Ventures Incorporated
LIVN,LivaNova PLC
LJAN,Innovator Premium Income 15 Buffer ETF - January
LJUL,Innovator Premium Income 15 Buffer ETF - July
LKFN,Lakeland Financial Corporation
LKFT,Lakefront Biotherapeutics
LKOR,FlexShares Credit-Scored US Long Corporate Bond Index Fund
LKQ,LKQ Corporation
LKSP,Lake Superior Acquisition Corp. - Class A
LKSPR,Lake Superior Acquisition Corp. - Rights
LKSPU,Lake Superior Acquisition Corp. - Units
LLDR,Global X Long-Term Treasury Ladder ETF
LLY,Eli Lilly and Company
LLYVA,"Liberty Live Holdings, Inc. - Series A Liberty Live Group"
LLYVK,"Liberty Live Holdings, Inc. - Series C Liberty Live Group"
LLYX,Defiance Daily Target 2X Long LLY ETF
LMAT,"LeMaitre Vascular, Inc."
LMB,"Limbach Holdings, Inc."
LMBS,First Trust Low Duration Opportunities ETF
LMND,"Lemonade, Inc."
LMNR,Limoneira Co
LMNX,Defiance Daily Target 2x Long LMND ETF
LMRI,"Lumexa Imaging Holdings, Inc."
LMT,Lockheed Martin Corporation
LMTL,Direxion Daily LMT Bull 2X ETF
LMUB,iShares Long-Term National Muni Bond ETF
LNAI,Lunai Bioworks Inc.
LNC,Lincoln National Corporation
LND,Brasilagro Brazilian Agric Real Estate Co Sponsored ADR (Brazil)
LNG,"Cheniere Energy, Inc."
LNGX,Global X U.S. Natural Gas ETF
LNKS,Linkers Industries Limited - Class A
LNN,Lindsay Corporation
LNOK,Defiance Daily Target 2X Long NOK ETF
LNSR,"LENSAR, Inc."
LNT,Alliant Energy Corporation
LNTH,"Lantheus Holdings, Inc."
LNZA,"LanzaTech Global, Inc."
LNZAW,"LanzaTech Global, Inc. - Warrant"
LOAN,"Manhattan Bridge Capital, Inc"
LOAR,Loar Holdings Inc.
LOB,"Live Oak Bancshares, Inc."
LOBO,LOBO TECHNOLOGIES LTD. - Class A
LOCL,Local Bounti Corporation
LOCO,"El Pollo Loco Holdings, Inc."
LOCT,Innovator Premium Income 15 Buffer ETF - October
LODE,Comstock Inc.
LODI,AAM SLC Low Duration Income ETF
LOEV,Harding Loevner International Developed Markets Select Equity ETF
LOFF,Direxion Daily SpaceX Bull 2X ETF
LOGI,Logitech International S.A. - Registered Shares
LOGO,Alpha Brands Consumption Leaders ETF
LOHA,Roundhill HALO ETF
LOMA,Loma Negra Compania Industrial Argentina Sociedad Anonima ADS
LONA,"LeonaBio, Inc."
LONZ,PIMCO Senior Loan Active Exchange-Traded Fund
LOOP,"Loop Industries, Inc."
LOPE,"Grand Canyon Education, Inc."
LOPP,Gabelli Love Our Planet & People ETF Gabelli Love Our Planet & People ETF
LOT,Lotus Technology Inc.
LOTI,Liberty One Tactical Income ETF
LOTWW,Lotus Technology Inc. - Warrants
LOUP,Innovator Deepwater Frontier Tech ETF
LOVE,The Lovesac Company
LOW,"Lowe's Companies, Inc."
LOWV,AB US Low Volatility Equity ETF
LPA,Logistic Properties of the Americas
LPAA,Launch One Acquisition Corp. - Class A
LPAAU,Launch One Acquisition Corp. - Unit
LPAAW,Launch One Acquisition Corp. - Warrant
LPBB,Launch Two Acquisition Corp. - Class A
LPBBU,Launch Two Acquisition Corp. - Unit
LPBBW,Launch Two Acquisition Corp. - Warrant
LPCN,Lipocine Inc.
LPCV,Launchpad Cadenza Acquisition Corp I - Class A Ordinary Share
LPCVU,Launchpad Cadenza Acquisition Corp I - Unit
LPCVW,Launchpad Cadenza Acquisition Corp I - Warrant
LPG,Dorian LPG Ltd.
LPL,"LG Display Co, Ltd AMERICAN DEPOSITORY SHARES"
LPLA,LPL Financial Holdings Inc.
LPRE,Long Pond Real Estate Select ETF
LPSN,"LivePerson, Inc."
LPTH,"LightPath Technologies, Inc."
LPX,Louisiana-Pacific Corporation
LQ,Simplify Tax Aware Alternatives ETF
LQAI,LG QRAFT AI-Powered U.S. Large Cap Core ETF
LQD,iShares iBoxx $ Investment Grade Corporate Bond ETF
LQDA,Liquidia Corporation
LQDB,iShares BBB Rated Corporate Bond ETF
LQDH,iShares Interest Rate Hedged Corporate Bond ETF
LQDI,iShares Inflation Hedged Corporate Bond ETF
LQDM,Amplify LQD Investment Grade 12% Target Income ETF
LQDT,"Liquidity Services, Inc."
LQDW,iShares Investment Grade Corporate Bond BuyWrite Strategy ETF
LQID,Kurv Enhanced Short Maturity ETF
LQTI,FT Vest Investment Grade & Target Income ETF
LRCC,Corgi LRCX 2x Daily ETF
LRCU,Tradr 2X Long LRCX Daily ETF
LRCX,Lam Research Corporation
LRE,"Lead Real Estate Co., Ltd"
LRGC,AB US Large Cap Strategic Equities ETF
LRGE,ClearBridge Large Cap Growth Select ETF
LRGF,iShares U.S. Equity Factor ETF
LRGG,Nomura Focused Large Growth ETF
LRHC,La Rosa Holdings Corp.
LRMR,"Larimar Therapeutics, Inc."
LRN,"Stride, Inc."
LRND,NYLI U.S. Large Cap R&D Leaders ETF
LRNX,Corgi LRN 2x Daily ETF
LRNZ,"TrueShares Technology, AI & Deep Learning ETF"
LSAF,LeaderShares AlphaFactor US Core Equity ETF
LSAK,"Lesaka Technologies, Inc."
LSAT,LeaderShares AlphaFactor Tactical Focused ETF
LSBK,"Lake Shore Bancorp, Inc."
LSCC,Lattice Semiconductor Corporation
LSCP,Natixis Loomis Sayles Dynamic Core Plus ETF
LSE,"Leishen Energy Holding Co., Ltd. - Class A"
LSEQ,Harbor Long-Short Equity ETF
LSF,"Laird Superfood, Inc."
LSGR,Natixis Loomis Sayles Focused Growth ETF
LSH,Lakeside Holding Limited
LSPD,Lightspeed Commerce Inc. Subordinate Voting Shares
LST,Leuthold Select Industries ETF
LSTA,"Lisata Therapeutics, Inc."
LSTB,Natixis Loomis Sayles Total Return Bond ETF
LSTR,"Landstar System, Inc."
LSVD,LSV Disciplined Value ETF
LTAX,Nomura Tax-Free USA ETF
LTBR,Lightbridge Corporation
LTC,"LTC Properties, Inc."
LTCC,Canary Litecoin ETF
LTGR,Long Table Growth Corp. - Class A
LTGRU,Long Table Growth Corp. - Units
LTGRW,Long Table Growth Corp. - Warrants
LTH,"Life Time Group Holdings, Inc."
LTL,ProShares Ultra Communication Services
LTM,"LATAM Airlines Group S.A. American Depositary Shares (each representing two thousand (2,000) shares of Common Stock)"
LTPZ,Pimco 15  Year U.S. TIPS Index Exchange-Traded Fund
LTRN,Lantern Pharma Inc.
LTRX,"Lantronix, Inc."
LTRYW,Sports Entertainment Gaming Global Corporation  - Warrant
LTTI,FT Vest 20+ Year Treasury & Target Income ETF
LU,"Lufax Holding Ltd American Depositary Shares, each representing two (2)"
LUCD,Lucid Diagnostics Inc.
LUCK,Lucky Strike Entertainment Corporation
LUCY,"Innovative Eyewear, Inc."
LUCYW,"Innovative Eyewear, Inc. - Warrants"
LUD,Luda Technology Group Limited
LULG,Leverage Shares 2X Long LULU Daily ETF
LULU,lululemon athletica inc.
LUMA,KraneShares Photonic and Optical ETF
LUMN,"Lumen Technologies, Inc."
LUNG,Pulmonx Corporation
LUNL,Defiance Daily Target 2X Long LUNR ETF
LUNR,"Intuitive Machines, Inc."
LUV,Southwest Airlines Company
LUXE,"LuxExperience B.V. American Depositary Shares, each representing one Ordinary Share"
LVDS,JPMorgan Fundamental Data Science Large Value ETF
LVHD,Franklin U.S. Low Volatility High Dividend Index ETF
LVHI,Franklin International Low Volatility High Dividend Index ETF
LVIG,Longview Advantage Fixed Income ETF
LVLN,State Street SPDR S&P Leveraged Loan ETF
LVLU,"Lulu's Fashion Lounge Holdings, Inc."
LVO,"LiveOne, Inc."
LVS,Las Vegas Sands Corp.
LVWR,"LiveWire Group, Inc."
LW,"Lamb Weston Holdings, Inc."
LWAC,LightWave Acquisition Corp. - Class A
LWACU,LightWave Acquisition Corp. - Units
LWACW,LightWave Acquisition Corp. - Warrants
LWAY,"Lifeway Foods, Inc."
LWLG,"Lightwave Logic, Inc."
LX,LexinFintech Holdings Ltd.
LXEH,"Lixiang Education Holding Co., Ltd."
LXEO,"Lexeo Therapeutics, Inc."
LXFR,Luxfer Holdings PLC
LXP,LXP Industrial Trust Common Stock (Maryland REIT)
LXRX,"Lexicon Pharmaceuticals, Inc."
LXU,"LSB Industries, Inc."
LYB,LyondellBasell Industries NV Ordinary Shares Class A (Netherlands)
LYEL,"Lyell Immunopharma, Inc."
LYFT,"Lyft, Inc."
LYG,Lloyds Banking Group Plc
LYLD,Cambria Large Cap Shareholder Yield ETF
LYTS,LSI Industries Inc.
LYV,"Live Nation Entertainment, Inc."
LZ,"LegalZoom.com, Inc."
LZB,La-Z-Boy Incorporated
LZM,Lifezone Metals Limited
LZMH,LZ Technology Holdings Limited - Class B
M,Macy's Inc
MA,Mastercard Incorporated
MAA,"Mid-America Apartment Communities, Inc."
MAAS,Maase Inc. - Class A
MAAY,GraniteShares YieldBOOST MARA ETF
MAC,Macerich Company (The)
MACI,Melar Acquisition Corp. I - Class A
MACIU,Melar Acquisition Corp. I - Unit
MACIW,Melar Acquisition Corp. I - Warrant
MADE,iShares U.S. Manufacturing ETF
MAGA,Truth Social America First ETF
MAGC,Roundhill China Magnificent Seven ETF
MAGG,Madison Aggregate Bond ETF
MAGH,Magnitude International Ltd
MAGN,Magnera Corporation
MAGS,Roundhill Magnificent Seven ETF
MAGX,Roundhill Daily 2X Long Magnificent Seven ETF
MAGY,Roundhill Magnificent Seven Covered Call ETF
MAIA,"MAIA Biotechnology, Inc."
MAIN,Main Street Capital Corporation
MAIR,Madison Air Solutions Corporation
MAKO,Mako Mining Corp
MAKX,ProShares S&P Kensho Smart Factories ETF
MAMA,"Mama's Creations, Inc."
MAMB,Monarch Ambassador Income Index ETF
MAMK,MaxsMaking Inc. - Class A
MAMO,Massimo Group
MAN,ManpowerGroup
MANE,"Veradermics, Incorporated"
MANH,"Manhattan Associates, Inc."
MANI,Man Active Income ETF
MANU,Manchester United Ltd. Class A
MAPP,Harbor Multi-Asset Explorer ETF
MAR,Marriott International
MARA,"MARA Holdings, Inc."
MARM,FT Vest U.S. Equity Max Buffer ETF - March
MARO,YieldMax MARA Option Income Strategy ETF
MARPS,Marine Petroleum Trust - Units of Beneficial Interest
MARS,Roundhill Space & Technology ETF
MART,AllianzIM U.S. Large Cap Buffer10 Mar ETF
MARU,AllianzIM U.S. Equity Buffer15 Uncapped Mar ETF
MARW,AllianzIM U.S. Large Cap Buffer20 Mar ETF
MARZ,TrueShares Structured Outcome (March) ETF
MAS,Masco Corporation
MASK,3 E Network Technology Group Ltd - Class A
MASS,908 Devices Inc.
MAT,"Mattel, Inc."
MATE,Man Active Trend Enhanced ETF
MATH,Metalpha Technology Holding Limited
MATV,"Mativ Holdings, Inc."
MATW,Matthews International Corporation
MATX,"Matson, Inc."
MAUG,Pacer Swan SOS Moderate (August) ETF
MAVF,Matrix Advisors Value ETF
MAX,"MediaAlpha, Inc."
MAXI,Simplify Bitcoin Strategy ETF
MAXJ,iShares Large Cap Max Buffer Jun ETF
MAYC,Corgi U.S. Equities 10% Structured Buffer ETF - May Series
MAYM,FT Vest U.S. Equity Max Buffer ETF - May
MAYP,PGIM S&P 500 Buffer 12 ETF - May
MAYS,"J. W. Mays, Inc."
MAYT,AllianzIM U.S. Large Cap Buffer10 May ETF
MAYU,AllianzIM U.S. Equity Buffer15 Uncapped May ETF
MAYW,AllianzIM U.S. Large Cap Buffer20 May ETF
MAYZ,TrueShares Structured Outcome (May) ETF
MAZE,"Maze Therapeutics, Inc."
MB,MasterBeef Group
MBAI,Check-Cap Ltd. - Ordinary Share
MBB,iShares MBS ETF
MBBA,iShares Mortgage-Backed Securities Active ETF
MBBB,VanEck Moody's Analytics BBB Corporate Bond ETF
MBBC,"Marathon Bancorp, Inc."
MBC,"MasterBrand, Inc."
MBCE,Monarch Blue Chips Elite Index ETF
MBGL,Mobility Global Inc.
MBI,MBIA Inc.
MBIN,Merchants Bancorp
MBINL,"Merchants Bancorp - Depositary Shares, Each Representing a 1/40th Interest in a Share of 7.625% Fixed Rate Series E Non-Cumulative Perpetual Preferred Stock, without par value"
MBINM,"Merchants Bancorp - Depositary Shares, Each Representing a 1/40th Interest in a Share of 8.25% Fixed-Rate Reset Series D Non-Cumulative Perpetual Preferred Stock"
MBINN,Merchants Bancorp - Depositary Shares 6.00% Fixed Rate Series C Non-Cumulative Perpetual Preferred Stock
MBIO,"Mustang Bio, Inc."
MBLY,Mobileye Global Inc.
MBND,State Street Nuveen Municipal Bond ETF
MBNKO,"Medallion Bank - Fixed-Rate Reset Non-Cumulative Perpetual Preferred Stock, Series G, par value $1.00 per share"
MBOT,Microbot Medical Inc.
MBOX,Freedom Day Dividend ETF
MBRX,"Moleculin Biotech, Inc."
MBS,Angel Oak Mortgage-Backed Securities ETF
MBSD,FlexShares Disciplined Duration MBS Index Fund
MBSF,Regan Floating Rate MBS ETF
MBSX,Regan Fixed Rate MBS ETF
MBUU,"Malibu Boats, Inc."
MBVI,M3-Brigade Acquisition VI Corp. - Class A
MBVIU,M3-Brigade Acquisition VI Corp. - Units
MBVIW,M3-Brigade Acquisition VI Corp. - Warrant
MBWM,Mercantile Bank Corporation
MBX,"MBX Biosciences, Inc."
MC,Moelis & Company
MCAH,Mountain Crest Acquisition 6 Corp.
MCAHR,Mountain Crest Acquisition 6 Corp. - Rights
MCAHU,Mountain Crest Acquisition 6 Corp. - Units
MCB,Metropolitan Bank Holding Corp.
MCBS,"MetroCity Bankshares, Inc."
MCD,McDonald's Corporation
MCDS,JPMorgan Fundamental Data Science Mid Core ETF
MCFT,"MasterCraft Boat Holdings, Inc."
MCGA,Yorkville Acquisition Corp. - Class A Ordinary Share
MCGAU,Yorkville Acquisition Corp. - Unit
MCGAW,Yorkville Acquisition Corp. - Warrant
MCH,Matthews China Active ETF
MCHB,Mechanics Bancorp
MCHG,Leverage Shares 2X Long MCHP Daily ETF
MCHI,iShares MSCI China ETF
MCHP,Microchip Technology Incorporated
MCHPP,Microchip Technology Incorporated - Depositary Shares Each Representing a 1/20th Interest in a Share of 7.50% Series A Mandatory Convertible Preferred Stock
MCHS,Matthews China Innovators Active ETF
MCHU,Tradr 2X Long MCHP Daily ETF
MCHX,"Marchex, Inc."
MCI,Barings Corporate Investors
MCK,McKesson Corporation
MCN,XAI Madison Equity Premium Income Fund
MCO,Moody's Corporation
MCOW,Pacer S&P MidCap 400 Quality FCF Aristocrats ETF
MCRB,"Seres Therapeutics, Inc."
MCRI,"Monarch Casino & Resort, Inc."
MCRP,Micropolis AI Robotics
MCS,Marcus Corporation (The)
MCTA,Charming Medical Limited - Class A
MCVT,Miller Convertible Total Return ETF
MCY,Mercury General Corporation
MD,"Pediatrix Medical Group, Inc."
MDA,MDA Space Ltd.
MDAA,Myriad Dynamic Asset Allocation ETF
MDAI,"Spectral AI, Inc."
MDAIW,"Spectral AI, Inc. - Warrants"
MDB,"MongoDB, Inc."
MDBH,"MDB Capital Holdings, LLC - Class A common"
MDCR,Pacer Swan SOS Moderate December ETF
MDCX,Medicus Pharma Ltd.
MDCXW,Medicus Pharma Ltd. - Warrant
MDEV,First Trust Indxx Medical Devices ETF
MDGL,"Madrigal Pharmaceuticals, Inc."
MDIA,Mediaco Holding Inc.
MDIV,Multi-Asset Diversified Income Index Fund
MDLN,Medline Inc. - Class A common stock
MDLV,Morgan Dempsey Large Cap Value ETF
MDLZ,"Mondelez International, Inc."
MDPL,Monarch Dividend Plus Index ETF
MDRR,"Medalist Diversified, Inc."
MDST,Westwood Salient Enhanced Midstream Income ETF
MDT,Medtronic plc.
MDU,"MDU Resources Group, Inc. Common Stock (Holding Company)"
MDV,"Modiv Industrial, Inc."
MDWD,MediWound Ltd.
MDXG,"MiMedx Group, Inc"
MDXH,MDxHealth SA
MDY,State Street SPDR S&P MIDCAP 400 ETF Trust
MDYG,State Street SPDR S&P 400 Mid Cap Growth ETF
MDYV,State Street SPDR S&P 400 Mid Cap Value ETF
MEAR,iShares Short Maturity Municipal Bond Active ETF
MEC,"Mayville Engineering Company, Inc."
MED,MEDIFAST INC
MEDI,Harbor Health Care ETF
MEDP,"Medpace Holdings, Inc."
MEDS,"DataMeds AI, Inc."
MEDX,Horizon Kinetics Medical ETF
MEGI,NYLI CBRE Global Infrastructure Megatrends Term Fund
MEGL,Magic Empire Global Limited - Class A
MEI,"Methode Electronics, Inc."
MEIB,Direxion META Defined Income Boost ETF
MELI,"MercadoLibre, Inc."
MEM,Matthews Emerging Markets Equity Active ETF
MEMA,Man Active Emerging Markets Alternative ETF
MEME,Roundhill Meme Stock ETF
MEMS,Matthews Emerging Markets Discovery Active ETF
MEMX,Matthews Emerging Markets ex China Active ETF
MEMY,Tuttle Capital Meme Stock Income Blast ETF
MENS,Jyong Biotech Ltd. - Ordinary shares
MEOH,Methanex Corporation
MERC,Mercer International Inc.
MESH,Meshflow Acquisition Corp. - Class A
MESHU,Meshflow Acquisition Corp. - Units
MESHW,Meshflow Acquisition Corp. - Warrants
MESO,Mesoblast Limited
MET,"MetLife, Inc."
META,"Meta Platforms, Inc."
METC,"Ramaco Resources, Inc."
METCB,"Ramaco Resources, Inc."
METCI,"Ramaco Resources, Inc. - 8.250% Senior Notes due 2030"
METCZ,"Ramaco Resources, Inc. - 8.375% Senior Notes due 2029"
METD,Direxion Daily META Bear 1X ETF
METG,Leverage Shares 2X Long META Daily ETF
METL,Sprott Active Metals & Miners ETF
METU,Direxion Daily META Bull 2X ETF
METV,Roundhill Ball Metaverse ETF
METW,Roundhill META WeeklyPay ETF
MEVO,M Evo Global Acquisition Corp II - Class A
MEVOU,M Evo Global Acquisition Corp II - Units
MEVOW,M Evo Global Acquisition Corp II - Warrants
MEXX,Direxion Daily MSCI Mexico Bull 3X ETF
MF,MindForge Inc. - Class A
MFA,"MFA Financial, Inc."
MFAN,"MFA Financial, Inc. 8.875% Senior Notes due 2029"
MFAO,"MFA Financial, Inc. 9.000% Senior Notes due 2029"
MFC,Manulife Financial Corporation
MFDX,PIMCO RAFI Dynamic Multi-Factor International Equity ETF
MFEB,Pacer Swan SOS Moderate (February) ETF
MFEM,PIMCO RAFI Dynamic Multi-Factor Emerging Markets Equity ETF
MFG,"Mizuho Financial Group, Inc. Sponosred ADR (Japan)"
MFI,mF International Limited - Class A
MFIC,MidCap Financial Investment Corporation - Closed End Fund
MFICL,MidCap Financial Investment Corporation - 8.00% Notes due 2028
MFIG,Motley Fool Innovative Growth ETF
MFIN,Medallion Financial Corp.
MFLX,First Trust Flexible Municipal High Income ETF
MFM,Aberdeen Municipal Income Fund Common Shares of Beneficial Interest
MFMO,Motley Fool Momentum Factor ETF
MFP,"Midera Food Processing, Inc."
MFSB,MFS Active Core Plus Bond ETF
MFSG,MFS Active Growth ETF
MFSI,MFS Active International ETF
MFSM,MFS Active Intermediate Muni Bond ETF
MFSV,MFS Active Value ETF
MFUL,Mindful Conservative ETF
MFUS,PIMCO RAFI Dynamic Multi-Factor U.S. Equity ETF
MFUT,Cambria Chesapeake Pure Trend ETF
MFVL,Motley Fool Value Factor ETF
MG,Mistras Group Inc
MGA,"Magna International, Inc."
MGC,Vanguard Morningstar Mega Cap ETF
MGEE,MGE Energy Inc.
MGF,Aberdeen Government Markets Income Fund Common Shares of Beneficial Interest
MGIH,Millennium Group International Holdings Limited
MGK,Vanguard Morningstar Mega Cap Growth ETF
MGKX,Corgi U.S. Mega-Cap Growth 2x Daily ETF
MGLD,"The Marygold Companies, Inc."
MGM,MGM Resorts International
MGMT,Ballast Small/Mid Cap ETF
MGN,Megan Holdings Limited - Class A
MGNI,"Magnite, Inc."
MGNR,American Beacon Select Funds American Beacon GLG Natural Resources ETF
MGNX,"MacroGenics, Inc."
MGOV,First Trust Intermediate Government Opportunities ETF
MGPI,"MGP Ingredients, Inc."
MGR,"Affiliated Managers Group, Inc. 5.875% Junior Subordinated Notes due 2059"
MGRB,"Affiliated Managers Group, Inc. 4.750% Junior Subordinated Notes due 2060"
MGRC,McGrath RentCorp
MGRD,"Affiliated Managers Group, Inc. 4.200% Junior Subordinated Notes due 2061"
MGRE,"Affiliated Managers Group, Inc. 6.750% Junior Subordinated Notes due 2064"
MGRT,Mega Fortune Company Limited
MGRX,"Mangoceuticals, Inc."
MGTX,MeiraGTx Holdings plc
MGV,Vanguard Morningstar Mega Cap Value ETF
MGX,"Metagenomi Therapeutics, Inc."
MGY,Magnolia Oil & Gas Corporation
MGYR,"Magyar Bancorp, Inc."
MH,"McGraw Hill, Inc."
MHD,"Blackrock MuniHoldings Fund, Inc."
MHF,"Western Asset Municipal High Income Fund, Inc."
MHH,"Mastech Digital, Inc"
MHIG,Milliman Healthcare Inflation Guard ETF
MHIP,Milliman Healthcare Inflation Plus ETF
MHK,"Mohawk Industries, Inc."
MHLA,"Maiden Holdings, Ltd. 6.625% Notes due 2046"
MHNC,"Maiden Holdings North America, Ltd. 7.75% Notes due 2043"
MHO,"M/I Homes, Inc."
MHX,Corgi MARA 2x Daily ETF
MHY,Man Active High Yield ETF
MI,NFT Limited Class A Ordinary Share
MIACU,Meridian3 Industrials Acquisition Corp - Units
MIAX,"Miami International Holdings, Inc."
MIC,Corgi MU 2x Daily ETF
MICC,The Magnum Ice Cream Company N.V.
MID,American Century Mid Cap Growth Impact ETF
MIDD,The Middleby Corporation
MIDE,Xtrackers S&P MidCap 400 Scored & Screened ETF
MIDU,Direxion Mid Cap Bull 3X ETF
MIG,VanEck Moody's Analytics IG Corporate Bond ETF
MIGO,MIG Core ETF
MILK,Pacer US Cash Cows Bond ETF
MILN,Global X Millennial Consumer ETF
MIMI,Mint Incorporation Limited - Class A
MIN,Aberdeen Intermediate Income Fund Common Shares of Beneficial Interest
MIND,"MIND Technology, Inc."
MINE,Mayfair Gold Corp.
MINN,Mairs & Power Minnesota Municipal Bond ETF
MINO,PIMCO Municipal Income Opportunities Active Exchange-Traded Fund
MINT,PIMCO Enhanced Short Maturity Active Exchange-Traded Fund
MINV,Matthews Asia Innovators Active ETF
MINY,YieldMax Strategic Metals & Mining Portfolio Option Income ETF
MIR,"Mirion Technologies, Inc."
MIRA,"MIRA Pharmaceuticals, Inc."
MIRM,"Mirum Pharmaceuticals, Inc. - common stock"
MISL,First Trust Indxx Aerospace & Defense ETF
MIST,Milestone Pharmaceuticals Inc.
MITK,"Mitek Systems, Inc."
MITN,"TPG Mortgage Investment Trust, Inc. 9.500% Senior Notes due 2029"
MITP,"TPG Mortgage Investment Trust, Inc. 9.500% Senior Notes due 2029"
MITQ,"Moving iMage Technologies, Inc."
MITT,"TPG Mortgage Investment Trust, Inc."
MIVL,MFS Active International Value ETF
MIY,"Blackrock MuniYield Michigan Quality Fund, Inc."
MJ,Amplify Alternative Harvest ETF
MJSC,MUFG Japan Small Cap Active ETF
MJUN,Pacer Swan SOS Moderate June ETF
MKAM,MKAM ETF
MKC,"McCormick & Company, Incorporated"
MKDW,MKDWELL Tech Inc.
MKDWW,MKDWELL Tech Inc. - Warrants
MKL,Markel Group Inc.
MKLY,McKinley Acquisition Corporation - Class A
MKLYR,McKinley Acquisition Corporation - Rights
MKLYU,McKinley Acquisition Corporation - Units
MKOR,Matthews Korea Active ETF
MKSI,MKS Inc.
MKTN,Federated Hermes MDT Market Neutral ETF
MKTW,"MarketWise, Inc."
MKTX,"MarketAxess Holdings, Inc."
MKZR,"MacKenzie Realty Capital, Inc."
MLAA,Mountain Lake Acquisition Corp. II - Class A
MLAAU,Mountain Lake Acquisition Corp. II - Units
MLAAW,Mountain Lake Acquisition Corp. II - Warrants
MLAB,"Mesa Laboratories, Inc."
MLCI,Mount Logan Capital Inc.
MLCIL,Mount Logan Capital Inc. - 8.00% Notes Due 2031
MLCO,Melco Resorts & Entertainment Limited
MLDR,Global X Intermediate-Term Treasury Ladder ETF
MLEC,Moolec Science SA
MLECW,Moolec Science SA - Warrant
MLGO,"MicroAlgo, Inc."
MLI,"Mueller Industries, Inc."
MLKN,"MillerKnoll, Inc."
MLM,"Martin Marietta Materials, Inc."
MLN,VanEck Long Muni ETF
MLP,"Maui Land & Pineapple Company, Inc."
MLPA,Global X MLP ETF
MLPB,"ETRACS Alerian MLP Infrastructure Index ETN Series B due April 2, 2040"
MLPD,Global X MLP & Energy Infrastructure Covered Call ETF
MLPI,NEOS MLP & Energy Infrastructure High Income ETF
MLPR,ETRACS Quarterly Pay 1.5X Leveraged Alerian MLP Index ETN
MLPX,Global X MLP & Energy Infrastructure ETF
MLR,"Miller Industries, Inc."
MLSS,"Milestone Scientific, Inc."
MLTX,MoonLake Immunotherapeutics - Class A
MLYS,"Mineralys Therapeutics, Inc."
MMA,Mixed Martial Arts Group Limited
MMAR,Pacer Swan SOS Moderate March ETF
MMAX,iShares Large Cap Max Buffer Mar ETF
MMAY,Pacer Swan SOS Moderate (May) ETF
MMCA,NYLI MacKay California Muni Intermediate ETF
MMD,NYLI MacKay DefinedTerm Muni Opportunities Fund
MMED,"MiniMed Group, Inc."
MMI,"Marcus & Millichap, Inc."
MMID,MFS Active Mid Cap ETF
MMIN,NYLI MacKay Muni Insured ETF
MMIT,NYLI MacKay Muni Intermediate ETF
MMK,State Street Prime Money Market ETF
MMKT,Texas Capital Government Money Market ETF
MMLP,Martin Midstream Partners L.P. - Common Units Representing Limited Partnership Interests
MMM,3M Company
MMMA,NYLI MacKay Muni Allocation ETF
MMS,"Maximus, Inc."
MMSC,First Trust Multi-Manager Small Cap Opportunities ETF
MMSD,NYLI MacKay Muni Short Duration ETF
MMSI,"Merit Medical Systems, Inc."
MMT,Aberdeen Multi-Market Income Fund Common Shares of Beneficial Interest
MMTM,State Street SPDR S&P 1500 Momentum Tilt ETF
MMTX,Miluna Acquisition Corp - Class A
MMTXU,Miluna Acquisition Corp - Units
MMTXW,Miluna Acquisition Corp - Warrant
MMU,"Western Asset Managed Municipals Fund, Inc."
MMYT,MakeMyTrip Limited
MNA,NYLI Merger Arbitrage ETF
MNBD,ALPS BBH Intermediate Municipal Bond ETF
MNDO,MIND C.T.I. Ltd.
MNDR,Mobile-health Network Solutions - Class A
MNDY,monday.com Ltd.
MNKD,MannKind Corporation
MNOV,"MediciNova, Inc."
MNPR,Monopar Therapeutics Inc.
MNR,Mach Natural Resources LP Common Units representing Limited Partner Interests
MNRO,"Monro, Inc."
MNRS,Grayscale Bitcoin Miners ETF
MNSB,"MainStreet Bancshares, Inc."
MNSBP,"MainStreet Bancshares, Inc. - Depositary Shares"
MNSO,"MINISO Group Holding Limited American Depositary Shares, each representing four"
MNST,Monster Beverage Corporation
MNSX,Corgi MNST 2x Daily ETF
MNTK,"Montauk Renewables, Inc."
MNTN,"MNTN, Inc."
MNTS,Momentus Inc.
MNTSW,Momentus Inc. - Warrant
MNVR,Pacer Swan SOS Moderate (November) ETF
MNVT,Moonvest ETF
MNY,MoneyHero Limited - Class A
MNYWW,MoneyHero Limited - Warrants
MNZL,Manzil Russell Halal USA Broad Market ETF
MO,"Altria Group, Inc."
MOAT,VanEck Morningstar Wide Moat ETF
MOB,Mobilicom Limited
MOBBW,Mobilicom Limited - Warrants
MOBI,"Mobia Medical, Inc."
MOBX,"Mobix Labs, Inc."
MOBXW,"Mobix Labs, Inc. - Warrants"
MOD,Modine Manufacturing Company
MODD,"Modular Medical, Inc. - common stock"
MODL,VictoryShares WestEnd U.S. Sector ETF
MOGU,MOGU Inc. American Depositary Shares (each  representing 25 Class A Ordinary Shares)
MOH,Molina Healthcare Inc
MOLN,Molecular Partners AG
MOMO,Hello Group Inc.
MOO,VanEck Agribusiness ETF
MOOD,Relative Sentiment Tactical Allocation ETF
MORN,"Morningstar, Inc."
MORT,VanEck Mortgage REIT Income ETF
MOS,Mosaic Company (The)
MOTG,VanEck Morningstar Global Wide Moat ETF
MOTI,VanEck Morningstar International Moat ETF
MOTO,Guinness Atkinson Smart Transportation & Technology ETF
MOV,Movado Group Inc.
MOVE,"Corvex, Inc."
MP,MP Materials Corp.
MPA,Blackrock MuniYield Pennsylvania Quality Fund
MPAA,"Motorcar Parts of America, Inc."
MPB,Mid Penn Bancorp
MPC,Marathon Petroleum Corporation
MPG,Leverage Shares 2X Long MP Daily ETF
MPL,Defiance Daily Target 2X Long MP ETF
MPLT,"MapLight Therapeutics, Inc."
MPLX,MPLX LP Common Units Representing Limited Partner Interests
MPLY,Monopoly ETF
MPRO,Monarch ProCap Index ETF
MPT,"Medical Properties Trust, Inc. common stock"
MPTI,"M-tron Industries, Inc."
MPU,Mega Matrix Inc. Class A
MPV,Barings Participation Investors
MPWC,Corgi MPWR 2x Daily ETF
MPWR,"Monolithic Power Systems, Inc."
MPWX,Tradr 2X Long MPWR Daily ETF
MQ,"Marqeta, Inc."
MQQQ,Tradr 2X Long Innovation 100 Monthly ETF
MQY,"Blackrock MuniYield Quality Fund, Inc."
MRA,GraniteShares Autocallable MARA ETF
MRAL,GraniteShares 2x Long MARA Daily ETF
MRAM,"Everspin Technologies, Inc."
MRBK,Meridian Corporation
MRCOU,Mercator Acquisition Corp. - Units
MRCP,PGIM S&P 500 Buffer 12 ETF - March
MRCY,Mercury Systems Inc
MRDN,Meridian Holdings Inc.
MREO,Mereo BioPharma Group plc
MRGR,ProShares Merger ETF
MRK,"Merck & Company, Inc. Common Stock (new)"
MRKR,"Marker Therapeutics, Inc."
MRLN,"Merlin, Inc."
MRM,MEDIROM Healthcare Technologies Inc. - American Depositary Share
MRNA,"Moderna, Inc."
MRNO,Murano Global Investments PLC
MRNOW,Murano Global Investments PLC - Warrants
MRNX,Defiance Daily Target 2X Long MRNA ETF
MRNY,YieldMax MRNA Option Income Strategy ETF
MRP,"Millrose Properties, Inc."
MRSH,Marsh
MRSK,Toews Agility Shares Managed Risk ETF
MRT,"Marti Technologies, Inc. Class A"
MRTN,"Marten Transport, Ltd."
MRVI,"Maravai LifeSciences Holdings, Inc. - Class A common stock"
MRVL,"Marvell Technology, Inc."
MRVU,Direxion Daily MRVL Bull 2X ETF
MRVX,Corgi MRVL 2x Daily ETF
MRX,Marex Group Limited
MS,Morgan Stanley
MSA,MSA Safety Incorporated
MSAI,"MultiSensor AI Holdings, Inc."
MSAIW,"MultiSensor AI Holdings, Inc. - Warrants"
MSB,Mesabi Trust
MSBI,"Midland States Bancorp, Inc."
MSBIP,"Midland States Bancorp, Inc. - Depositary Shares Each Representing a 1/40th Interest in a Share of 7.750% Fixed-Rate Reset Non-Cumulative Perpetual Preferred Stock, Series A"
MSBT,Common Units of Beneficial Interest of Morgan Stanley Bitcoin Trust
MSC,"Studio City International Holdings Limited American depositary shares, each representing four  Class A ordinary shares"
MSCI,MSCI Inc.
MSD,"Morgan Stanley Emerging Markets Debt Fund, Inc."
MSDL,Morgan Stanley Direct Lending Fund
MSEP,Pacer Swan SOS Moderate September ETF
MSEX,Middlesex Water Company
MSFC,Corgi MSFT 2x Daily ETF
MSFD,Direxion Daily MSFT Bear 1X ETF
MSFL,GraniteShares 2x Long MSFT Daily ETF
MSFO,YieldMax MSFT Option Income Strategy ETF
MSFT,Microsoft Corporation
MSFU,Direxion Daily MSFT Bull 2X ETF
MSFW,Roundhill MSFT WeeklyPay ETF
MSFX,T-Rex 2X Long Microsoft Daily Target ETF
MSFY,Kurv Yield Premium Strategy Microsoft (MSFT) ETF
MSGE,Madison Square Garden Entertainment Corp.
MSGM,Motorsport Games Inc.
MSGS,Madison Square Garden Sports Corp. Class A Common Stock (New)
MSGY,Masonglory Limited
MSI,"Motorola Solutions, Inc."
MSIF,"MSC Income Fund, Inc."
MSIX,Corgi MSI 2x Daily ETF
MSLC,Morgan Stanley Pathway Large Cap Equity ETF
MSLE,Satellos Bioscience Inc.
MSM,"MSC Industrial Direct Company, Inc."
MSMR,McElhenny Sheffield Managed Risk ETF
MSN,Emerson Radio Corporation
MSOL,Morgan Stanley Solana Trust
MSOS,AdvisorShares Pure US Cannabis ETF
MSOX,AdvisorShares MSOS Daily Leveraged ETF
MSR,GraniteShares Autocallable MSTR ETF
MSS,Maison Solutions Inc.
MSSE,Morgan Stanley Ethereum Trust
MSSM,Morgan Stanley Pathway Small-Mid Cap Equity ETF
MSSS,Monarch Select Subsector Index ETF
MSST,YieldMax MSTR Performance & Distribution Target 25 ETF
MST,Defiance Leveraged Long + Income MSTR ETF
MSTB,LHA Market State Tactical Beta ETF
MSTC,Corgi MSTR 2x Daily ETF
MSTI,Madison Short Term Strategic Income ETF
MSTP,GraniteShares 2x Long MSTR Daily ETF
MSTQ,LHA Market State Tactical Q ETF
MSTR,Strategy Inc
MSTU,T-Rex 2X Long MSTR Daily Target ETF
MSTW,Roundhill MSTR WeeklyPay ETF
MSTX,Defiance Daily Target 2x Long MSTR ETF
MSTY,YieldMax MSTR Option Income Strategy ETF
MSTZ,T-Rex 2X Inverse MSTR Daily Target ETF
MT,Arcelor Mittal NY Registry Shares NEW
MTA,Metalla Royalty & Streaming Ltd.
MTAKU,Market Technology Acquisition Corp - Unit
MTAL,Metals Acquisition Corp. II Class A
MTB,M&T Bank Corporation
MTBA,Simplify MBS ETF
MTC,"MMTec, Inc."
MTCH,"Match Group, Inc."
MTD,"Mettler-Toledo International, Inc."
MTDR,Matador Resources Company
MTEK,Maris-Tech Ltd. - ordinary shares
MTEKW,Maris-Tech Ltd. - Warrants
MTEN,Mingteng International Corporation Inc. - Class A
MTEX,"Mannatech, Incorporated"
MTG,MGIC Investment Corporation
MTGP,WisdomTree Mortgage Plus Bond Fund
MTH,Meritage Homes Corporation
MTLS,Materialise NV
MTN,"Vail Resorts, Inc."
MTNB,"Matinas Biopharma Holdings, Inc."
MTNE,CH4 Natural Solutions Corporation Class A
MTR,Mesa Royalty Trust
MTRA,Invesco International Growth Focus ETF
MTRN,Materion Corporation
MTRX,Matrix Service Company
MTSG,Leverage Shares 2X Long MTSI Daily ETF
MTSI,"MACOM Technology Solutions Holdings, Inc."
MTUL,ETRACS 2x Leveraged MSCI US Momentum Factor TR ETN
MTUM,iShares MSCI USA Momentum Factor ETF
MTUS,Metallus Inc.
MTVA,MetaVia Inc.
MTW,"Manitowoc Company, Inc. (The)"
MTX,Minerals Technologies Inc.
MTYY,GraniteShares YieldBOOST MSTR ETF
MTZ,"MasTec, Inc."
MU,"Micron Technology, Inc."
MUA,"Blackrock MuniAssets Fund, Inc"
MUB,iShares National Muni Bond ETF
MUC,"Blackrock MuniHoldings California Quality Fund, Inc."
MUD,Direxion Daily MU Bear 1X ETF
MUFG,"Mitsubishi UFJ Financial Group, Inc."
MUIB,Direxion MU Defined Income Boost ETF
MUJ,"Blackrock MuniHoldings New Jersey Quality Fund, Inc."
MULL,GraniteShares 2x Long MU Daily ETF
MULT,Franklin Multisector Income ETF
MUNA,Northern Trust 2030 Tax-Exempt Distributing Ladder ETF
MUNB,Northern Trust 2035 Tax-Exempt Distributing Ladder ETF
MUNC,Northern Trust 2045 Tax-Exempt Distributing Ladder ETF
MUND,Northern Trust 2055 Tax-Exempt Distributing Ladder ETF
MUNI,PIMCO Intermediate Municipal Bond Active Exchange-Traded Fund
MUNX,AMG GW&K Muni Income ETF
MUNY,Vanguard New York Tax-Exempt Bond ETF
MUR,Murphy Oil Corporation
MUSA,Murphy USA Inc.
MUSE,TCW Multisector Credit Income ETF
MUSI,American Century Multisector Income ETF
MUSQ,MUSQ Global Music Industry Index ETF
MUST,Columbia Multi-Sector Municipal Income ETF
MUU,Direxion Daily MU Bull 2X ETF
MUX,McEwen Inc.
MUYY,GraniteShares YieldBOOST MU ETF
MUZ,Defiance Daily Target 2X Short MU ETF
MUZE,Muzero Acquisition Corp - Class A
MUZEU,Muzero Acquisition Corp - Unit
MUZEW,Muzero Acquisition Corp - Warrant
MVAL,VanEck Morningstar Wide Moat Value ETF
MVBF,MVB Financial Corp.
MVFD,Monarch Volume Factor Dividend Tree Index ETF
MVFG,Monarch Volume Factor Global Unconstrained Index ETF
MVIS,"MicroVision, Inc."
MVLL,GraniteShares 2x Long MRVL Daily ETF
MVPA,Miller Value Partners Appreciation ETF
MVPL,Miller Value Partners Leverage ETF
MVRL,ETRACS Monthly Pay 1.5X Leveraged Mortgage REIT ETN
MVST,"Microvast Holdings, Inc."
MVV,ProShares Ultra MidCap400
MWA,MUELLER WATER PRODUCTS
MWC,"Micware Co., Ltd."
MWG,Multi Ways Holdings Limited Class A
MWH,"SOLV Energy, Inc. - Class A common stock"
MWHS,Skylar Electricity Futures ETF
MWYN,"Marwynn Holdings, Inc. - Common stock"
MX,Magnachip Semiconductor Corporation
MXC,Mexco Energy Corporation
MXCT,"MaxCyte, Inc."
MXE,"Mexico Equity and Income Fund, Inc. (The)"
MXF,"Mexico Fund, Inc. (The)"
MXI,iShares Global Materials ETF
MXL,"MaxLinear, Inc"
MYCF,State Street My2026 Corporate Bond ETF
MYCG,State Street My2027 Corporate Bond ETF
MYCH,State Street My2028 Corporate Bond ETF
MYCI,State Street My2029 Corporate Bond ETF
MYCJ,State Street My2030 Corporate Bond ETF
MYCK,State Street My2031 Corporate Bond ETF
MYCL,State Street My2032 Corporate Bond ETF
MYCM,State Street My2033 Corporate Bond ETF
MYCN,State Street My2034 Corporate Bond ETF
MYCO,State Street My2035 Corporate Bond ETF
MYE,"Myers Industries, Inc."
MYFW,"First Western Financial, Inc."
MYGN,"Myriad Genetics, Inc."
MYHA,State Street My2027 High Yield Corporate Bond ETF
MYHB,State Street My2028 High Yield Corporate Bond ETF
MYHC,State Street My2029 High Yield Corporate Bond ETF
MYHD,State Street My2030 High Yield Corporate Bond ETF
MYHE,State Street My2031 High Yield Corporate Bond ETF
MYI,"Blackrock MuniYield Quality Fund III, Inc"
MYLD,Cambria Micro and SmallCap Shareholder Yield ETF
MYMF,State Street My2026 Municipal Bond ETF
MYMG,State Street My2027 Municipal Bond ETF
MYMH,State Street My2028 Municipal Bond ETF
MYMI,State Street My2029 Municipal Bond ETF
MYMJ,State Street My2030 Municipal Bond ETF
MYMK,State Street My2031 Municipal Bond ETF
MYN,"Blackrock MuniYield New York Quality Fund, Inc.Common Stock"
MYND,"Mynd.ai, Inc."
MYO,Myomo Inc.
MYPS,"PLAYSTUDIOS, Inc."
MYRG,"MYR Group, Inc."
MYSE,"Myseum.AI, Inc."
MYSEW,"Myseum.AI, Inc. - Series A Warrant"
MYSZ,"My Size, Inc."
MYX,Maywood Acquisition Corp. 2 - Class A Ordinary Share
MYXXR,Maywood Acquisition Corp. 2 - Rights
MYXXU,Maywood Acquisition Corp. 2 - Units
MYXXW,Maywood Acquisition Corp. 2 - Warrants
MYY,ProShares Short MidCap400
MZTI,The Marzetti Company
MZYX,MOZAYYX Acquisition Corp. Class A
MZZ,ProShares UltraShort MidCap400
NA,Nano Labs Ltd - Class A
NAAS,NaaS Technology Inc.
NABL,"N-able, Inc."
NAC,Nuveen California Quality Municipal Income Fund
NACP,Impact Shares NAACP Minority Empowerment ETF
NAD,Nuveen Quality Municipal Income Fund
NAGE,"Niagen Bioscience, Inc."
NAII,"Natural Alternatives International, Inc."
NAIL,Direxion Daily Homebuilders & Supplies Bull 3X ETF
NAK,"Northern Dynasty Minerals, Ltd."
NAKA,Nakamoto Inc.
NAMI,Jinxin Technology Holding Company
NAMM,Namib Minerals
NAMMW,Namib Minerals - Warrants
NAMS,NewAmsterdam Pharma Company N.V.
NAMSW,NewAmsterdam Pharma Company N.V. - Warrant
NAN,Nuveen New York Quality Municipal Income Fund
NANC,Subversive Congressional Democrats Trading ETF
NANR,State Street SPDR S&P North American Natural Resources ETF
NAPR,Innovator Growth-100 Power Buffer ETF - April
NASA,Tema Space Innovators ETF
NAT,Nordic American Tankers Limited
NATH,"Nathan's Famous, Inc."
NATL,NCR Atleos Corporation
NATO,Themes Transatlantic Defense ETF
NATR,"Nature's Sunshine Products, Inc."
NAUG,Innovator Growth-100 Power Buffer ETF - August
NAUT,"Nautilus Biotechnology, Inc."
NAVI,Navient Corporation
NAVN,"Navan, Inc."
NAZ,Nuveen Arizona Quality Municipal Income Fund
NB,NioCorp Developments Ltd.
NBB,Nuveen Taxable Municipal Income Fund Common Shares of Beneficial Interest
NBBK,"NB Bancorp, Inc."
NBCE,Neuberger China Equity ETF
NBCM,Neuberger Commodity Strategy ETF
NBCR,Neuberger Core Equity ETF
NBDS,Neuberger Disrupters ETF
NBET,Neuberger Energy Transition & Infrastructure ETF
NBFC,Neuberger Flexible Credit Income ETF
NBFR,Innovator Nasdaq-100 Managed 10 Buffer ETF
NBGX,Neuberger Growth ETF
NBH,Neuberger Municipal Fund Inc.
NBHC,National Bank Holdings Corporation
NBIC,Corgi NBIS 2x Daily ETF
NBIE,Neuberger International Core Equity ETF
NBIG,Leverage Shares 2X Long NBIS Daily ETF
NBIL,GraniteShares 2x Long NBIS Daily ETF
NBIS,Nebius Group N.V. - Class A
NBIX,"Neurocrine Biosciences, Inc."
NBIZ,Tradr 2X Short NBIS Daily ETF
NBJP,Neuberger Japan Equity ETF
NBN,Northeast Bank
NBOS,Neuberger Option Strategy ETF
NBP,NovaBridge Biosciences
NBR,Nabors Industries Ltd.
NBRG,Newbridge Acquisition Limited - Class A Ordinary Share
NBRGR,Newbridge Acquisition Limited - Rights
NBRGU,Newbridge Acquisition Limited - Unit
NBSD,Neuberger Short Duration Income ETF
NBSM,Neuberger Small-Mid Cap ETF
NBTB,NBT Bancorp Inc.
NBTR,Neuberger Total Return Bond ETF
NBTX,Nanobiotix S.A. - ADSs
NBXG,Neuberger Next Generation Connectivity Fund Inc.
NC,"NACCO Industries, Inc."
NCA,Nuveen California Municipal Value Fund
NCDL,Nuveen Churchill Direct Lending Corp.
NCEL,NewcelX Ltd.
NCEW,New Century Logistics (BVI) Limited
NCI,Neo-Concept International Group Holdings Limited - Class A
NCIQ,Hashdex Nasdaq CME Crypto Index ETF
NCL,Northann Corp.
NCLH,Norwegian Cruise Line Holdings Ltd.
NCLO,Nuveen AA-BBB CLO ETF
NCMI,"National CineMedia, Inc."
NCNA,NuCana plc
NCNO,"nCino, Inc."
NCO,Southern Cross Acquisition I Corp.
NCOOR,Southern Cross Acquisition I Corp. - Rights
NCOOU,Southern Cross Acquisition I Corp. - Units
NCOOW,Southern Cross Acquisition I Corp. - Warrants
NCPB,Nuveen Core Plus Bond ETF
NCPL,Netcapital Inc.
NCPLW,Netcapital Inc. - warrants
NCRA,"Nocera, Inc. - common stock"
NCSM,"NCS Multistage Holdings, Inc."
NCT,Intercont (Cayman) Limited - Class A Ordinary shares
NCTY,The9 Limited - American Depository Shares
NCV,Virtus Convertible & Income Fund Common Shares of Beneficial Interest
NCZ,Virtus Convertible & Income Fund II Common Shares of Beneficial Interest
NDAA,Ned Davis Research 360 Dynamic Allocation ETF
NDAQ,"Nasdaq, Inc."
NDEC,Innovator Growth-100 Power Buffer ETF - December
NDIA,Global X India Active ETF
NDIV,Amplify Energy & Natural Resources Covered Call ETF
NDLS,Noodles & Company
NDMO,Nuveen Dynamic Municipal Opportunities Fund Common Shares of Beneficial Interest
NDOW,Anydrus Advantage ETF
NDRA,ENDRA Life Sciences Inc.
NDSN,Nordson Corporation
NE,Noble Corporation plc A
NEA,Nuveen AMT-Free Quality Municipal Income Fund Common Shares of Beneficial Interest Par Value $.01
NEAR,iShares Short Duration Bond Active ETF
NEBX,Tradr 2X Long NBIS Daily ETF
NECB,"NorthEast Community Bancorp, Inc."
NEE,"NextEra Energy, Inc."
NEGG,"Newegg Commerce, Inc."
NEHI,NEOS Ethereum High Income ETF
NELS,Nelson Select ETF
NEM,Newmont Corporation
NEMD,Neuberger Emerging Markets Debt Hard Currency ETF
NEMG,Leverage Shares 2x Long NEM Daily ETF
NEN,New England Realty Associates Limited Partnership Class A Depositary Receipts Evidencing Units of Limited Partnership
NEO,"NeoGenomics, Inc."
NEOG,Neogen Corporation
NEON,Neonode Inc.
NEOV,NeoVolta Inc.
NEOVW,NeoVolta Inc. - Warrant
NEPH,"Nephros, Inc."
NERD,Roundhill Video Games ETF
NERV,"Minerva Neurosciences, Inc"
NESR,National Energy Services Reunited Corp
NET,"Cloudflare, Inc."
NETG,Leverage Shares 2X Long NET Daily ETF
NETL,Colterpoint Net Lease Real Estate ETF
NEU,NewMarket Corp
NEUP,Neuphoria Therapeutics Inc.
NEWP,New Pacific Metals Corp.
NEWT,"NewtekOne, Inc."
NEWTG,"NewtekOne, Inc. - 8.50% Fixed Rate Senior Notes due 2029"
NEWTH,"NewtekOne, Inc. - 8.625% Fixed Rate Senior Notes due 2029"
NEWTI,"NewtekOne, Inc. - 8.00% Fixed Rate Senior Notes due 2028"
NEWTO,"NewtekOne, Inc. - 8.50% Fixed Rate Senior Notes due 2031"
NEWTP,"NewtekOne, Inc. - Depositary Shares, Each Representing a 1/40th Interest in a Share of 8.500% Fixed Rate Reset Non-Cumulative Perpetual Preferred Stock, Series B"
NEWZ,StockSnips AI-Powered Sentiment US All Cap ETF
NEXA,Nexa Resources S.A.
NEXM,NexMetals Mining Corp.
NEXN,Nexxen International Ltd.
NEXR,Nexera Technologies Ltd
NEXRW,Nexera Technologies Ltd - Warrant
NEXT,NextDecade Corporation
NFE,New Fortress Energy Inc.
NFEB,Innovator Growth-100 Power Buffer ETF - February
NFG,National Fuel Gas Company
NFGC,New Found Gold Corp
NFJ,"Virtus Dividend, Interest & Premium Strategy Fund Common Shares of Beneficial Interest"
NFLP,Kurv Yield Premium Strategy Netflix (NFLX) ETF
NFLT,Virtus Newfleet Multi-Sector Bond ETF
NFLU,T-Rex 2X Long NFLX Daily Target ETF
NFLW,Roundhill NFLX WeeklyPay ETF
NFLX,"Netflix, Inc."
NFLY,YieldMax NFLX Option Income Strategy ETF
NFRA,FlexShares STOXX Global Broad Infrastructure Index Fund
NFRX,Harrison Street Infrastructure Active ETF
NFTY,First Trust India Nifty 50 Equal Weight ETF
NFX,Corgi NFLX 2x Daily ETF
NFXL,Direxion Daily NFLX Bull 2X ETF
NFXS,Direxion Daily NFLX Bear 1X ETF
NG,Novagold Resources Inc.
NGEN,NervGen Pharma Corp. - Common stock
NGG,"National Grid Transco, PLC National Grid PLC (NEW)"
NGHT,Nicholas Bitcoin and Treasuries AfterDark ETF
NGIF,Nuveen Global Infrastructure Fund: ETF Class Shares
NGL,NGL ENERGY PARTNERS LP Common Units representing Limited Partner Interests
NGNE,Neurogene Inc.
NGS,"Natural Gas Services Group, Inc."
NGVC,"Natural Grocers by Vitamin Cottage, Inc."
NGVT,Ingevity Corporation
NHC,National HealthCare Corporation
NHI,"National Health Investors, Inc."
NHIC,NewHold Investment Corp III - Class A Ordinary shares
NHICU,NewHold Investment Corp III - Units
NHICW,NewHold Investment Corp III - Warrants
NHIV,NewHold Investment Corp IV - Class A
NHIVU,NewHold Investment Corp IV - Units
NHIVW,NewHold Investment Corp IV - Warrants
NHP,"National Healthcare Properties, Inc."
NHPAP,"National Healthcare Properties, Inc. - 7.375% Series A Cumulative Redeemable Perpetual Preferred Stock"
NHPBP,"National Healthcare Properties, Inc. - 7.125% Series B Cumulative Redeemable Perpetual Preferred Stock"
NHS,Neuberger High Yield Strategies Fund Inc.
NHTC,Natural Health Trends Corp.
NHYB,Nuveen High Yield Corporate Bond ETF
NHYM,Nuveen High Yield Municipal Income ETF
NI,NiSource Inc
NIC,Nicolet Bankshares Inc.
NICE,NICE Ltd - American Depositary Shares each representing one Ordinary Share
NICM,Nicola Mining Inc.
NICO,Hexis Active Nicotine Engagement ETF
NIE,Virtus Equity & Convertible Income Fund Common Shares of Beneficial Interest
NIHI,NEOS MSCI EAFE High Income ETF
NIKI,"Niki BioSolutions, Inc."
NIKL,Sprott Nickel Miners ETF
NIM,Nuveen Select Maturities Municipal Fund
NINE,"Nine Energy Service, Inc."
NIO,"NIO Inc. American depositary shares, each  representing one Class A ordinary share"
NIOBW,NioCorp Developments Ltd. - Warrant
NIOG,Leverage Shares 2X Long NIO Daily ETF
NIPG,NIP Group Inc.
NIQ,NIQ Global Intelligence plc
NISM,NYLI International Small-Mid Cap Equity ETF
NITE,The Nightview Fund NITE
NIU,Niu Technologies
NIVF,NewGenIvf Group Limited - Class A
NIVFW,NewGenIvf Group Limited - Warrants
NIXT,Research Affiliates Deletions ETF
NIXX,"Nixxy, Inc."
NJAN,Innovator Growth-100 Power Buffer ETF - January
NJNK,Columbia U.S. High Yield ETF
NJR,NewJersey Resources Corporation
NJUL,Innovator Growth-100 Power Buffer ETF - July
NJUN,Innovator Growth-100 Power Buffer ETF - June
NKE,"Nike, Inc."
NKLR,Terra Innovatum Global N.V. - Ordinary shares
NKSH,"National Bankshares, Inc."
NKTR,Nektar Therapeutics
NKTX,"Nkarta, Inc."
NKX,Nuveen California AMT-Free Quality Municipal Income Fund
NL,"NLI Holdings, Inc."
NLOP,Net Lease Office Properties Common Shares of Beneficial Interest
NLR,VanEck Uranium and Nuclear ETF
NLSI,NEOS Long/Short Equity Income ETF
NLY,Annaly Capital Management Inc.
NMAD,"Nomad Power Solutions, Inc."
NMAI,Nuveen Multi-Asset Income Fund Common Shares of Beneficial Interest
NMAR,Innovator Growth-100 Power Buffer ETF - March
NMAX,"Newsmax, Inc."
NMAY,Innovator Growth-100 Power Buffer ETF - May
NMB,Simplify National Muni Bond ETF
NMBL,NovaTide Flexible Allocation ETF
NMCO,Nuveen Municipal Credit Opportunities Fund
NMFC,New Mountain Finance Corporation
NMFCZ,New Mountain Finance Corporation - 8.250% Notes due 2028
NMG,Nouveau Monde Graphite Inc.
NMI,"Nuveen Municipal Income Fund, Inc."
NMIH,NMI Holdings Inc
NML,Neuberger Energy Infrastructure and Income Fund Inc.
NMM,Navios Maritime Partners LP Common Units Representing Limited Partner Interests
NMP,NMP Acquisition Corp. - Class A
NMPAR,NMP Acquisition Corp. - Right
NMPAU,NMP Acquisition Corp. - Units
NMR,Nomura Holdings Inc ADR
NMRA,"Neumora Therapeutics, Inc."
NMRK,"Newmark Group, Inc."
NMS,Nuveen Minnesota Quality Municipal Income Fund
NMT,Nuveen Massachusetts Quality Municipal Income Fund
NMTC,NeuroOne Medical Technologies Corporation
NMZ,"Nuveen Municipal High Income Opportunity Fund Common Stock, $0.01 par value, per share"
NN,NextNav Inc. - Common stock
NNBR,"NN, Inc."
NNDM,Nano Dimension Ltd.
NNE,Nano Nuclear Energy Inc. - common stock
NNI,"Nelnet, Inc."
NNN,"NNN REIT, Inc."
NNNN,Anbio Biotechnology - Class A
NNOV,Innovator Growth-100 Power Buffer ETF - November
NNOX,NANO-X IMAGING LTD
NNVC,"NanoViricides, Inc."
NNY,Nuveen New York Municipal Value Fund
NOA,North American Construction Group Ltd. Common Shares (no par)
NOAH,Noah Holdings Limited
NOBL,ProShares S&P 500 Dividend Aristocrats ETF
NOC,Northrop Grumman Corporation
NOCT,Innovator Growth-100 Power Buffer ETF- October
NODE,VanEck Onchain Economy ETF
NODK,"NI Holdings, Inc."
NOEM,CO2 Energy Transition Corp.
NOEMR,CO2 Energy Transition Corp. - Right
NOEMU,CO2 Energy Transition Corp. - Unit
NOEMW,CO2 Energy Transition Corp. - Warrant
NOEQ,Northern Trust US Equity ETF
NOG,"Northern Oil and Gas, Inc."
NOK,Nokia Corporation Sponsored
NOMA,NOMADAR Corp.
NOMD,Nomad Foods Limited
NORW,Global X MSCI Norway ETF
NOV,NOV Inc.
NOVM,FT Vest U.S. Equity Max Buffer ETF - November
NOVP,PGIM S&P 500 Buffer 12 ETF - November
NOVT,Novanta Inc.
NOVTU,Novanta Inc. - Tangible Equity Units
NOVZ,TrueShares Structured Outcome (November) ETF
NOW,"ServiceNow, Inc."
NOWL,GraniteShares 2x Long NOW Daily ETF
NOWX,Corgi NOW 2x Daily ETF
NP,Neptune Insurance Holdings Inc.
NPAC,New Providence Acquisition Corp. III
NPACU,New Providence Acquisition Corp. III - Units
NPACW,New Providence Acquisition Corp. III - Warrants
NPB,"Northpointe Bancshares, Inc."
NPCE,"Neuropace, Inc."
NPCT,Nuveen Core Plus Impact Fund Common Shares of Beneficial Interest
NPFD,Nuveen Variable Rate Preferred & Income Fund
NPFE,NPF Core Equity ETF
NPFI,Nuveen Preferred and Income ETF
NPK,"National Presto Industries, Inc."
NPKI,NPK International Inc.
NPO,Enpro Inc.
NPT,Texxon Holding Limited - Ordinary shares
NPV,Nuveen Virginia Quality Municipal Income Fund
NPWR,NET Power Inc.
NQLT,Neuberger Quality Select ETF
NRC,NRC Health
NRDS,"NerdWallet, Inc."
NRDY,Nerdy Inc.
NREF,"NexPoint Real Estate Finance, Inc."
NRES,Xtrackers RREEF Global Natural Resources ETF
NRG,"NRG Energy, Inc."
NRGD,"MicroSectors U.S. Big Oil -3 Inverse Leveraged ETNs due February 17, 2045"
NRGU,"MicroSectors U.S. Big Oil 3 Leveraged ETNs due February 17, 2045"
NRGV,"Energy Vault Holdings, Inc."
NRIM,Northrim BanCorp Inc
NRIX,"Nurix Therapeutics, Inc. - Common stock"
NRK,Nuveen New York AMT-Free Quality Municipal Income Fund
NRO,Neuberger Real Estate Securities Income Fund Inc.
NRP,Natural Resource Partners LP Limited Partnership
NRSH,Aztlan North America Nearshoring Stock Selection ETF
NRSN,NeuroSense Therapeutics Ltd.
NRSNW,NeuroSense Therapeutics Ltd. - Warrant
NRT,North European Oil Royality Trust
NRUC,National Rural Utilities Cooperative Finance Corporation 5.500% Subordinated Notes due 2064 (Subordinated Deferrable Interest Notes)
NRXP,"NRX Pharmaceuticals, Inc."
NRXS,"Neuraxis, Inc."
NSC,Norfolk Southern Corporation
NSCI,Nuveen Securitized Income ETF
NSEP,Innovator Growth-100 Power Buffer ETF - September
NSI,National Security Emerging Markets Index ETF
NSIG,North Square Growth Opportunities ETF
NSIT,"Insight Enterprises, Inc."
NSIV,North Square Disciplined Value ETF
NSLR,Neostellar Capital Corp. - Closed End Fund
NSLRL,Neostellar Capital Corp. - 6.00% Notes due 2026
NSP,"Insperity, Inc."
NSPR,InspireMD Inc.
NSRX,Nasus Pharma Ltd.
NSSC,"NAPCO Security Technologies, Inc."
NSTS,"NSTS Bancorp, Inc."
NSYS,Nortech Systems Incorporated
NTAL,GraniteShares 2x Long NTAP Daily ETF
NTAP,"NetApp, Inc."
NTB,Bank of N.T. Butterfield & Son Limited (The) Voting
NTCL,NETCLASS TECHNOLOGY INC - Class A
NTCT,"NetScout Systems, Inc."
NTES,"NetEase, Inc. - American Depositary Shares, each representing 5 ordinary shares"
NTGR,"NETGEAR, Inc."
NTHI,"NeOnc Technologies Holdings, Inc."
NTIC,Northern Technologies International Corporation
NTIP,"Network-1 Technologies, Inc."
NTLA,"Intellia Therapeutics, Inc."
NTNX,"Nutanix, Inc."
NTR,Nutrien Ltd.
NTRA,"Natera, Inc."
NTRB,Nutriband Inc.
NTRBW,Nutriband Inc. - Warrant
NTRL,First Trust Equity Market Neutral ETF
NTRP,"NextTrip, Inc."
NTRS,Northern Trust Corporation
NTRSO,"Northern Trust Corporation - Depositary Shares Each Representing a 1/1,000th Interest in a Share of Series E Non-Cumulative Perpetual Preferred Stock"
NTSD,WisdomTree Efficient U.S. Plus International Equity Fund
NTSE,WisdomTree Emerging Markets Efficient Core Fund
NTSI,WisdomTree International Efficient Core Fund
NTSK,"Netskope, Inc."
NTST,NetSTREIT Corp.
NTSX,WisdomTree U.S. Efficient Core Fund
NTWK,NETSOL Technologies Inc.
NTWO,Newbury Street II Acquisition Corp - Class A
NTWOU,Newbury Street II Acquisition Corp - Unit
NTWOW,Newbury Street II Acquisition Corp - Warrant
NTZ,"Natuzzi, S.p.A."
NU,Nu Holdings Ltd. Class A
NUAG,Nuveen Enhanced Yield U.S. Aggregate Bond ETF
NUAI,"New Era Energy & Digital, Inc."
NUAIW,"New Era Energy & Digital, Inc. - Warrants"
NUBD,Nuveen ESG U.S. Aggregate Bond ETF
NUCL,Eagle Nuclear Energy Corp. - Common stock
NUCLW,Eagle Nuclear Energy Corp. - Warrants
NUDG,Nuveen Dividend Growth Fund: ETF Class Shares
NUDM,Nuveen ESG International Developed Markets Equity ETF
NUDV,Nuveen ESG Dividend ETF
NUE,Nucor Corporation
NUEM,Nuveen ESG Emerging Markets Equity ETF
NUG,Leverage Shares 2X Long NU Daily ETF
NUGO,Nuveen Growth Opportunities ETF
NUGT,Direxion Daily Gold Miners Index Bull 2X ETF
NUGY,GraniteShares YieldBOOST Gold Miners ETF
NUHY,Nuveen ESG High Yield Corporate Bond ETF
NUIF,Nuveen US Infrastructure ETF
NUKX,Nicholas Nuclear Income ETF
NUKZ,Range Nuclear Renaissance Index ETF
NULC,Nuveen ESG Large-Cap ETF
NULG,Nuveen ESG Large-Cap Growth ETF
NULV,Nuveen ESG Large-Cap Value ETF
NUMG,Nuveen ESG Mid-Cap Growth ETF
NUMI,Nuveen Municipal Income ETF
NUMV,Nuveen ESG Mid-Cap Value ETF
NURE,Nuveen Short-Term REIT ETF
NUS,"Nu Skin Enterprises, Inc."
NUSA,Nuveen ESG 1-5 Year U.S. Aggregate Bond ETF
NUSB,Nuveen Ultra Short Income ETF
NUSC,Nuveen ESG Small-Cap ETF
NUTR,Nusatrip Incorporated
NUTX,Nutex Health Inc.
NUV,"Nuveen Municipal Value Fund, Inc."
NUVB,Nuvation Bio Inc.
NUW,Nuveen AMT-Free Municipal Value Fund
NUWE,"Nuwellis, Inc."
NVA,Nova Minerals Corp
NVAX,"Novavax, Inc."
NVBT,AllianzIM U.S. Large Cap Buffer10 Nov ETF
NVBU,AllianzIM U.S. Equity Buffer15 Uncapped Nov ETF
NVBW,AllianzIM U.S. Large Cap Buffer20 Nov ETF
NVC,Corgi NVDA 2x Daily ETF
NVCR,NovoCure Limited
NVCT,"Nuvectis Pharma, Inc."
NVD,GraniteShares 2x Short NVDA Daily ETF
NVDA,NVIDIA Corporation
NVDB,ProShares Ultra NVDA
NVDD,Direxion Daily NVDA Bear 1X ETF
NVDG,Leverage Shares 2X Long NVDA Daily ETF
NVDL,GraniteShares 2x Long NVDA Daily ETF
NVDQ,T-Rex 2X Inverse NVIDIA Daily Target ETF
NVDS,Tradr 1.5X Short NVDA Daily ETF
NVDU,Direxion Daily NVDA Bull 2X ETF
NVDW,Roundhill NVDA WeeklyPay ETF
NVDX,T-Rex 2X Long NVIDIA Daily Target ETF
NVDY,YieldMax NVDA Option Income Strategy ETF
NVEC,NVE Corporation
NVG,Nuveen AMT-Free Municipal Credit Income Fund
NVGS,Navigator Holdings Ltd. Ordinary Shares (Marshall Islands)
NVIB,Direxion NVDA Defined Income Boost ETF
NVII,REX NVDA Growth & Income ETF
NVIR,Horizon Kinetics Energy and Remediation ETF
NVIT,YieldMax NVDA Performance & Distribution Target 25 ETF
NVMI,Nova Ltd.
NVNI,Nvni Group Limited
NVNIW,Nvni Group Limited - Warrants
NVNO,enVVeno Medical Corporation
NVO,Novo Nordisk A/S
NVOC,Corgi NVO 2x Daily ETF
NVOH,Novo Nordisk A/S B Shares ADRhedged
NVOX,Defiance Daily Target 2X Long NVO ETF
NVPS,PurePlay Nvidia Ecosystem Picks & Shovels Index ETF
NVR,"NVR, Inc."
NVRI,Enviri Corporation
NVS,Novartis AG
NVST,Envista Holdings Corporation
NVT,nVent Electric plc
NVTC,Corgi NVTS 2x Daily ETF
NVTS,Navitas Semiconductor Corporation
NVTX,Tradr 2X Long NVTS Daily ETF
NVX,NOVONIX Limited - American Depository Shares
NVYY,GraniteShares YieldBOOST NVDA ETF
NWAX,New America Acquisition I Corp.
NWBI,"Northwest Bancshares, Inc."
NWE,"NorthWestern Energy Group, Inc."
NWFL,Norwood Financial Corp.
NWG,"NatWest Group plc American Depositary Shares, (each representing two (2) Ordinary Shares)"
NWGL,CL Workshop Group Limited
NWL,Newell Brands Inc.
NWN,Northwest Natural Holding Company
NWPX,"NWPX Infrastructure, Inc."
NWS,News Corporation
NWSA,News Corporation
NWTG,"Newton Golf Company, Inc."
NX,Quanex Building Products Corporation
NXB,NextBoat Inc. Common Stcok
NXDR,"Nextdoor Holdings, Inc."
NXDT,NexPoint Diversified Real Estate Trust
NXE,Nexgen Energy Ltd.
NXG,NXG NextGen Infrastructure Income Fund Common Shares of Beneficial Interest
NXGL,"NexGel, Inc"
NXGLW,"NexGel, Inc - Warrant"
NXL,"Nexalin Technology, Inc."
NXP,Nuveen Select Tax Free Income Portfolio
NXPG,Leverage Shares 2X Long NXPI Daily ETF
NXPI,NXP Semiconductors N.V.
NXPL,NextPlat Corp
NXPX,Tradr 2X Long NXPI Daily ETF
NXRT,"NexPoint Residential Trust, Inc."
NXST,"Nexstar Media Group, Inc."
NXT,Nextpower Inc.
NXTC,"NextCure, Inc."
NXTE,AXS Green Alpha ETF
NXTG,First Trust Indxx NextG ETF
NXTI,Simplify Next Intangible Core Index ETF
NXTS,Nexentis Technologies Inc.
NXTT,Next Technology Holding Inc.
NXUS,Nuveen International Aggregate Bond ETF
NXXT,"NextNRG, Inc."
NYAX,Nayax Ltd.
NYC,American Strategic Investment Co.
NYF,iShares New York Muni Bond ETF
NYM,AB New York Intermediate Municipal ETF
NYNY,Corgi NYC Based ETF
NYSX,Global X NYSE 100 ETF
NYT,New York Times Company (The)
NYXH,Nyxoah SA
NYYY,xETFs NVDA Daily Income ETF
NZAC,State Street SPDR MSCI ACWI Climate Paris Aligned ETF
NZF,Nuveen Municipal Credit Income Fund
O,Realty Income Corporation
OABI,"OmniAb, Inc."
OABIW,"OmniAb, Inc. - Warrant"
OACC,Oaktree Acquisition Corp. III Life Sciences - Class A Ordinary Share
OACCU,Oaktree Acquisition Corp. III Life Sciences - Unit
OACCW,Oaktree Acquisition Corp. III Life Sciences - Warrant
OACP,OneAscent Core Plus Bond ETF
OAEM,OneAscent Emerging Markets ETF
OAIM,OneAscent International Equity ETF
OAKG,Oakmark Global Large Cap ETF
OAKI,Oakmark International Large Cap ETF
OAKM,Oakmark U.S. Large Cap ETF
OALC,OneAscent Large Cap Core ETF
OARK,YieldMax Innovation Option Income Strategy ETF
OASC,OneAscent Enhanced Small and Mid Cap ETF
OBA,Oxley Bridge Acquisition Limited - Class A
OBAI,"Our Bond, Inc."
OBAWU,Oxley Bridge Acquisition Limited - Unit
OBAWW,Oxley Bridge Acquisition Limited - Warrants
OBDC,Blue Owl Capital Corporation
OBE,Obsidian Energy Ltd.
OBIL,US Treasury 12 Month Bill ETF
OBIO,"Orchestra BioMed Holdings, Inc."
OBK,"Origin Bancorp, Inc."
OBND,State Street Loomis Sayles Opportunistic Bond ETF
OBOR,KraneShares MSCI One Belt One Road Index ETF
OBT,"Orange County Bancorp, Inc."
OBTC,Osprey Bitcoin Trust
OC,Owens Corning Inc Common Stock New
OCC,Optical Cable Corporation
OCCI,"OFS Credit Company, Inc. - Closed End Fund"
OCCIM,"OFS Credit Company, Inc. - 7.875% Series F Term Preferred Stock"
OCCIN,"OFS Credit Company, Inc. - 5.25% Series E Term Preferred Stock Due 2026"
OCDB,Aptus October Deep Buffer ETF
OCFC,OceanFirst Financial Corp.
OCG,Oriental Culture Holding LTD
OCGN,"Ocugen, Inc."
OCIO,ClearShares OCIO ETF
OCS,Oculis Holding AG - Ordinary shares
OCSAW,Oculis Holding AG - Warrants
OCSL,Oaktree Specialty Lending Corporation - Closed End Fund
OCTB,Aptus October Buffer ETF
OCTH,Innovator Premium Income 20 Barrier ETF - October
OCTJ,Innovator Premium Income 30 Barrier ETF - October
OCTM,FT Vest U.S. Equity Max Buffer ETF - October
OCTP,PGIM S&P 500 Buffer 12 ETF - October
OCTT,AllianzIM U.S. Large Cap Buffer10 Oct ETF
OCTU,AllianzIM U.S. Equity Buffer15 Uncapped Oct ETF
OCTV,Octave Intelligence plc - Class B
OCTW,AllianzIM U.S. Large Cap Buffer20 Oct ETF
OCTZ,TrueShares Structured Outcome (October) ETF
OCUL,"Ocular Therapeutix, Inc."
ODC,Oil-Dri Corporation Of America
ODD,ODDITY Tech Ltd. - Class A
ODDS,Pacer BlueStar Digital Entertainment ETF
ODDZ,Corgi Sports Betting & Gambling ETF
ODFL,"Old Dominion Freight Line, Inc."
ODHY,Obra Defensive High Yield ETF
ODTE,VegaShares SPX NDX RTY Premium Income ETF
ODTX,"Odyssey Therapeutics, Inc."
ODYS,Odysight.ai Inc.
OEC,Orion S.A.
OEF,iShares S&P 100 Fund
OEFA,ALPS O'Shares International Developed Quality Dividend ETF
OEI,Optimized Equity Income ETF
OESX,"Orion Energy Systems, Inc."
OFAL,OFA Group - Class A
OFG,OFG Bancorp
OFIX,Orthofix Medical Inc.
OFLX,"Omega Flex, Inc."
OFRM,"Once Upon a Farm, PBC"
OFS,OFS Capital Corporation - Closed End Fund
OFSSH,OFS Capital Corporation - 4.95% Notes due 2028
OFSSO,OFS Capital Corporation - 7.50% Notes due 2028
OGC,OceanaGold Corporation
OGCP,"Empire State Realty OP, L.P. Series 60 Operating Partnership Units Representing Limited Partnership Interests"
OGE,OGE Energy Corp
OGEN,Oragenics Inc.
OGG,Osisko Gold Group Inc.
OGGWZ,Osisko Gold Group Inc. - Warrant
OGI,Organigram Global Inc.
OGIG,ALPS O'Shares Global Internet Giants ETF
OGN,Organon & Co.
OGS,"ONE Gas, Inc."
OGSP,Obra High Grade Structured Products ETF
OHAC,Oceanhawk Acquisition Corp. - Class A
OHACR,Oceanhawk Acquisition Corp. - Rights
OHACU,Oceanhawk Acquisition Corp. - Units
OHI,"Omega Healthcare Investors, Inc."
OI,"O-I Glass, Inc."
OIA,Invesco Municipal Income Opportunities Trust
OIH,VanEck Oil Services ETF
OII,"Oceaneering International, Inc."
OILD,MicroSectors Oil & Gas Exp. & Prod. -3x Inverse Leveraged ETN
OILK,ProShares K-1 Free Crude Oil ETF
OILT,Texas Capital Texas Oil Index ETF
OILU,MicroSectors Oil & Gas Exp. & Prod. 3x Leveraged ETN
OIM,OneIM Acquisition Corp. - Class A
OIMAU,OneIM Acquisition Corp. - Units
OIMAW,OneIM Acquisition Corp. - Warrant
OIO,OIO Group
OIOWW,OIO Group - Warrants
OIS,"Oil States International, Inc."
OKE,"ONEOK, Inc."
OKLC,Corgi OKLO 2x Daily ETF
OKLL,Defiance Daily Target 2x Long OKLO ETF
OKLO,Oklo Inc. Class A common stock
OKLS,Defiance Daily Target 2X Short OKLO ETF
OKTA,"Okta, Inc."
OKTG,Leverage Shares 2X Long OKTA Daily ETF
OKUR,"OnKure Therapeutics, Inc."
OKYO,OKYO Pharma Limited
OLB,"The OLB Group, Inc."
OLED,Universal Display Corporation
OLLI,"Ollie's Bargain Outlet Holdings, Inc."
OLMA,"Olema Pharmaceuticals, Inc."
OLN,Olin Corporation
OLOX,Olenox Industries Inc.
OLP,"One Liberty Properties, Inc."
OM,"Outset Medical, Inc."
OMAB,Grupo Aeroportuario del Centro Norte S.A.B. de C.V. - American Depositary Shares each representing 8 Series B shares
OMAH,VistaShares Target 15 Berkshire Select Income ETF
OMC,Omnicom Group Inc.
OMCL,"Omnicell, Inc."
OMDA,"Omada Health, Inc."
OMER,Omeros Corporation
OMEX,"Odyssey Marine Exploration, Inc."
OMF,"OneMain Holdings, Inc."
OMFL,Invesco Russell 1000 Dynamic Multifactor ETF
OMFS,Invesco Russell 2000 Dynamic Multifactor ETF
OMH,Ohmyhome Limited - Class A
OMSE,OMS Energy Technologies Inc.
ON,ON Semiconductor Corporation
ONB,Old National Bancorp
ONBPO,"Old National Bancorp - Depositary Shares, Each Representing a 1/40th Interest in a Share of Series C Preferred Stock"
ONBPP,"Old National Bancorp - Depositary Shares, Each Representing a 1/40th Interest in a Share of Series A Preferred Stock"
ONC,BeOne Medicines Ltd.
ONCH,1RT Acquisition Corp. - Class A Ordinary Share
ONCHU,1RT Acquisition Corp. - Units
ONCHW,1RT Acquisition Corp. - Warrant
ONCO,"Onconetix, Inc."
ONCY,Oncolytics Biotech Inc.
OND,ProShares On-Demand ETF
ONDC,Corgi ONDS 2x Daily ETF
ONDG,Leverage Shares 2X Long ONDS Daily ETF
ONDL,Defiance Daily Target 2X Long ONDS ETF
ONDS,Ondas Inc
ONDU,Tradr 2X Long ONDS Daily ETF
ONEG,OneConstruction Group Limited
ONEH,TrueShares Equity Hedge ETF
ONEO,State Street SPDR Russell 1000 Momentum Focus ETF
ONEQ,Fidelity Nasdaq Composite Index ETF
ONEV,State Street SPDR Russell 1000 Low Volatility Focus ETF
ONEW,OneWater Marine Inc.
ONEY,State Street SPDR Russell 1000 Yield Focus ETF
ONEZ,TrueShares Seasonality Laddered Buffered ETF
ONFO,Onfolio Holdings Inc.
ONFOW,Onfolio Holdings Inc. - Warrant
ONG,Leverage Shares 2X Long ON Daily ETF
ONIT,Onity Group Inc.
ONL,Orion Properties Inc.
ONLN,ProShares Online Retail ETF
ONMD,OneMedNet Corp
ONMDW,OneMedNet Corp - Warrant
ONOF,Global X Adaptive U.S. Risk Management ETF
ONON,On Holding AG Class A
ONT,"Onterris, Inc."
ONTO,Onto Innovation Inc.
ONTX,Corgi ONTO 2x Daily ETF
ONX,Tradr 2X Long ON Daily ETF
OOMA,"Ooma, Inc."
OOSP,Obra Opportunistic Structured Products ETF
OPAD,Offerpad Solutions Inc.
OPAL,OPAL Fuels Inc.
OPBK,OP Bancorp
OPCH,"Option Care Health, Inc."
OPEG,Leverage Shares 2X Long OPEN Daily ETF
OPEN,Opendoor Technologies Inc
OPENL,"Opendoor Technologies Inc  - Series A Warrants, each whole warrant exercisable to purchase one share of Common Stock at an exercise price of $13.00 per warrant"
OPENW,"Opendoor Technologies Inc  - Series K Warrants, each whole warrant exercisable to purchase one share of Common Stock at an exercise price of $9.00 per warrant"
OPENZ,"Opendoor Technologies Inc  - Series Z Warrants, each whole warrant exercisable to purchase one share of Common Stock at an exercise price of $17.00 per warrant"
OPER,ETF ClearShares Ultra-Short Maturity ETF
OPEX,Tradr 2X Long OPEN Daily ETF
OPFI,OppFi Inc.
OPHC,"OptimumBank Holdings, Inc."
OPI,Office Properties Income Trust - Common shares of beneficial interest
OPK,"Opko Health, Inc."
OPLN,"OPENLANE, Inc."
OPP,"RiverNorth/DoubleLine Strategic Opportunity Fund, Inc."
OPPE,WisdomTree European Opportunities Fund
OPPJ,WisdomTree Japan Opportunities Fund
OPRA,Opera Limited
OPRT,Oportun Financial Corporation - common stock
OPRX,OptimizeRx Corporation
OPTH,Optimi Health Corp.
OPTT,"Ocean Power Technologies, Inc."
OPTU,"Optimum Communications, Inc. Class A common stock"
OPTX,"Syntec Optics Holdings, Inc."
OPTXW,"Syntec Optics Holdings, Inc. - Warrant"
OPTZ,Optimize Strategy Index ETF
OPXS,"Optex Systems Holdings, Inc."
OPY,"Oppenheimer Holdings, Inc. Class A Common Stock (DE)"
OR,OR Royalties Inc.
ORA,"Ormat Technologies, Inc."
ORAC,Corgi ORCL 2x Daily ETF
ORBS,Eightco Holdings Inc.
ORBX,Global X Space Tech ETF
ORC,"Orchid Island Capital, Inc."
ORCL,Oracle Corporation
ORCS,Direxion Daily ORCL Bear 1X ETF
ORCU,Direxion Daily ORCL Bull 2X ETF
ORCX,Defiance Daily Target 2X Long ORCL ETF
ORCZ,Tradr 2X Short ORCL Daily ETF
ORGO,Organogenesis Holdings Inc.
ORI,Old Republic International Corporation
ORIC,"Oric Pharmaceuticals, Inc."
ORIO,Orion Digital Corp.
ORIQ,Origin Investment Corp I
ORIQU,Origin Investment Corp I - Units
ORIQW,Origin Investment Corp I - Redeemable Warrant
ORKA,"Oruka Therapeutics, Inc."
ORKT,Orangekloud Technology Inc. - Class A
ORLY,"O'Reilly Automotive, Inc."
ORMP,Oramed Pharmaceuticals Inc.
ORN,"Orion Group Holdings, Inc. Common"
ORO,Arrow Valtoro ETF
ORR,Militia Long/Short Equity ETF
ORRF,"Orrstown Financial Services, Inc."
OSBC,"Old Second Bancorp, Inc."
OSCR,"Oscar Health, Inc."
OSCV,Opus Small Cap Value ETF
OSCX,Defiance Daily Target 2x Long OSCR ETF
OSEA,Harbor International Compounders ETF
OSG,"Octave Specialty Group, Inc."
OSIS,"OSI Systems, Inc."
OSK,Oshkosh Corporation (Holding Company)Common Stock
OSPN,OneSpan Inc.
OSPRU,Osprey Acquisition Corp. III - Units
OSRH,"OSR Health, Inc."
OSRHW,"OSR Health, Inc. - Warrant"
OSS,"One Stop Systems, Inc."
OSSL,Defiance Daily Target 2X Long OSS ETF
OST,"Ostin Technology Group Co., Ltd. - Class A"
OSTX,OS Therapies Incorporated
OSUR,"OraSure Technologies, Inc."
OSW,OneSpaWorld Holdings Limited
OTAI,Starlink AI Acquisition Corporation
OTEX,Open Text Corporation
OTF,Blue Owl Technology Finance Corp.
OTGA,OTG Acquisition Corp. I - Class A Ordinary Share
OTGAU,OTG Acquisition Corp. I - Unit
OTGAW,OTG Acquisition Corp. I - Warrants
OTGL,OTG Latin America ETF
OTIS,Otis Worldwide Corporation
OTLK,"Outlook Therapeutics, Inc."
OTLY,Oatly Group AB
OTTR,Otter Tail Corporation
OUNZ,VanEck Merk Gold ETF
OUSA,ALPS O'Shares U.S. Quality Dividend ETF
OUSL,Defiance Daily Target 2X Long OUST ETF
OUSM,ALPS O'Shares U.S. Small-Cap Quality Dividend ETF
OUST,"Ouster, Inc."
OUT,OUTFRONT Media Inc.
OVB,Overlay Shares Core Bond ETF
OVBC,Ohio Valley Banc Corp.
OVF,Overlay Shares Foreign Equity ETF
OVID,Ovid Therapeutics Inc.
OVL,Overlay Shares Large Cap Equity ETF
OVLH,Overlay Shares Hedged Large Cap Equity ETF
OVLY,Oak Valley Bancorp (CA)
OVM,Overlay Shares Municipal Bond ETF
OVS,Overlay Shares Small Cap Equity ETF
OVT,Overlay Shares Short Term Bond ETF
OVV,Ovintiv Inc. (DE)
OWL,Blue Owl Capital Inc.
OWLS,OBOOK Holdings Inc. - Class A
OWLT,"Owlet, Inc."
OWN,Inside Ownership 100 ETF
OWNB,Bitwise Bitcoin Standard Corporations ETF
OWNS,Quaker Investment Trust CCM Affordable Housing MBS ETF
OXBR,Oxbridge Re Holdings Limited
OXBRW,Oxbridge Re Holdings Limited - Warrant
OXLC,Oxford Lane Capital Corp. - Closed End Fund
OXLCG,Oxford Lane Capital Corp. - 7.95% Notes due 2032
OXLCI,Oxford Lane Capital Corp. - 8.75% Notes due 2030
OXLCL,Oxford Lane Capital Corp. - 6.75% Notes due 2031
OXLCM,"Oxford Lane Capital Corp. - Preferred Stock Shares, 8.25% Series 2031"
OXLCN,Oxford Lane Capital Corp. - 7.125% Series 2029 Term Preferred Stock
OXLCO,"Oxford Lane Capital Corp. - Preferred Stock Shares, 6.00% Series 2029"
OXLCZ,Oxford Lane Capital Corp. - 5.00% Notes due 2027
OXM,"Oxford Industries, Inc."
OXSQ,Oxford Square Capital Corp. - Closed End Fund
OXSQG,Oxford Square Capital Corp. - 5.50% Notes due 2028
OXSQH,Oxford Square Capital Corp. - 7.75% Notes due 2030
OXY,Occidental Petroleum Corporation
OYSE,Oyster Enterprises II Acquisition Corp - Class A
OYSER,Oyster Enterprises II Acquisition Corp - Rights
OYSEU,Oyster Enterprises II Acquisition Corp - Units
OZ,"Belpointe PREP, LLC Class A Units"
OZEM,Roundhill GLP-1 & Weight Loss ETF
OZK,Bank OZK
OZKAP,Bank OZK - 4.625% Series A Non-Cumulative Perpetual Preferred Stock
P,"Everpure, Inc. Class A common stock"
PAA,"Plains All American Pipeline, L.P. - Common Units representing Limited Partner Interests"
PAAA,PGIM AAA CLO ETF
PAAC,Proem Acquisition Corp I
PAACU,Proem Acquisition Corp I - Units
PAACW,Proem Acquisition Corp I - Warrants
PAAS,Pan American Silver Corp.
PAB,PGIM Active Aggregate Bond ETF
PABD,iShares Paris-Aligned Climate Optimized MSCI World ex USA ETF
PABU,iShares Paris-Aligned Climate Optimized MSCI USA ETF
PAC,"Grupo Aeroportuario Del Pacifico, S.A. B. de C.V. Grupo Aeroportuario Del Pacifico, S.A. de C.V. (each representing 10 Series B shares)"
PACB,"Pacific Biosciences of California, Inc."
PACH,Pioneer Acquisition I Corp - Class A
PACHU,Pioneer Acquisition I Corp - Units
PACHW,Pioneer Acquisition I Corp - Warrants
PACK,Ranpak Holdings Corp
PACS,"PACS Group, Inc."
PAG,"Penske Automotive Group, Inc."
PAGP,"Plains GP Holdings, L.P. - Class A Shares representing limited partner interests"
PAGS,PagSeguro Digital Ltd. Class A
PAHC,Phibro Animal Health Corporation
PAI,Western Asset Investment Grade Income Fund Inc.
PAII,Pyrophyte Acquisition Corp. II Class A
PAL,"Proficient Auto Logistics, Inc."
PALC,Pacer Lunt Large Cap Multi-Factor Alternator ETF
PALD,Direxion Daily PANW Bear 1X ETF
PALI,"Palisade Bio, Inc."
PALL,abrdn Physical Palladium Shares ETF
PALO,Paloma Acquisition Corp I - Class A
PALOU,Paloma Acquisition Corp I - Units
PALOW,Paloma Acquisition Corp I - Warrants
PALU,Direxion Daily PANW Bull 2X ETF
PAM,Pampa Energia S.A.
PAMC,Pacer Lunt MidCap Multi-Factor Alternator ETF
PAMT,PAMT CORP
PANG,Leverage Shares 2X Long PANW Daily ETF
PANL,Pangaea Logistics Solutions Ltd.
PANW,"Palo Alto Networks, Inc."
PAPI,Parametric Equity Premium Income ETF
PAPL,Pineapple Financial Inc.
PAPR,Innovator U.S. Equity Power Buffer ETF - April
PAR,PAR Technology Corporation
PARK,"Park Dental Partners, Inc."
PARR,"Par Pacific Holdings, Inc."
PASG,"Passage Bio, Inc."
PASW,"Ping An Biomedical Co., Ltd. - Class A"
PATH,"UiPath, Inc."
PATK,"Patrick Industries, Inc."
PATN,Pacer Nasdaq International Patent Leaders ETF
PATX,Tradr 2X Long PATH Daily ETF
PAUG,Innovator U.S. Equity Power Buffer ETF - August
PAVE,Global X U.S. Infrastructure Development ETF
PAVM,PAVmed Inc.
PAVS,Paranovus Entertainment Technology Ltd. - Class A
PAWZ,ProShares Pet Care ETF
PAX,Patria Investments Limited - Class A
PAXS,PIMCO Access Income Fund Common Shares of Beneficial Interest
PAY,"Paymentus Holdings, Inc."
PAYC,"Paycom Software, Inc."
PAYH,TrueShares S&P Autocallable High Income ETF
PAYM,TrueShares S&P Autocallable Defensive Income ETF
PAYO,Payoneer Global Inc.
PAYP,PayPay Corporation - American Depository Shares
PAYR,Federated Hermes Enhanced Income ETF
PAYS,"Paysign, Inc."
PAYX,"Paychex, Inc."
PB,"Prosperity Bancshares, Inc."
PBA,Pembina Pipeline Corp. Ordinary Shares (Canada)
PBAM,"Private Bancorp of America, Inc."
PBAP,PGIM S&P 500 Buffer 20 ETF - April
PBAU,PGIM S&P 500 Buffer 20 ETF - August
PBD,Invesco Global Clean Energy ETF
PBDC,Putnam BDC Income ETF
PBDE,PGIM S&P 500 Buffer 20 ETF - December
PBE,Invesco Biotechnology & Genome ETF
PBEU,Portfolio Building Block European Banks Index ETF
PBF,PBF Energy Inc.
PBFB,PGIM S&P 500 Buffer 20 ETF - February
PBFR,PGIM Laddered S&P 500 Buffer 20 ETF
PBFS,"Pioneer Bancorp, Inc."
PBH,Prestige Consumer Healthcare Inc.
PBHC,"Pathfinder Bancorp, Inc."
PBI,Pitney Bowes Inc.
PBJ,Invesco Food & Beverage ETF
PBJA,PGIM S&P 500 Buffer 20 ETF - January
PBJL,PGIM S&P 500 Buffer 20 ETF - July
PBJN,PGIM S&P 500 Buffer 20 ETF - June
PBK,PowerBank Corporation
PBL,PGIM Portfolio Ballast ETF
PBLS,"Parabilis Medicines, Inc."
PBM,Psyence Biomedical Ltd.
PBMR,PGIM S&P 500 Buffer 20 ETF - March
PBMWW,Psyence Biomedical Ltd. - Warrant
PBMY,PGIM S&P 500 Buffer 20 ETF - May
PBNV,PGIM S&P 500 Buffer 20 ETF - November
PBOC,PGIM S&P 500 Buffer 20 ETF - October
PBOG,Portfolio Building Block Integrated Oil and Gas and Exploration and Production Index ETF
PBOT,Pictet AI & Automation ETF
PBP,Invesco S&P 500 BuyWrite ETF
PBPH,Portfolio Building Block World Pharma and Biotech Index ETF
PBQQ,PGIM Laddered Nasdaq-100 Buffer 12 ETF
PBR,Petroleo Brasileiro S.A. Petrobras ADS
PBRG,Leverage Shares 2X Long PBR Daily ETF
PBSC,Pacer Barings Secured Credit Flex ETF
PBSE,PGIM S&P 500 Buffer 20 ETF - September
PBT,Permian Basin Royalty Trust
PBTP,Invesco 0-5 Yr US TIPS ETF
PBUS,Invesco MSCI USA ETF
PBW,Invesco WilderHill Clean Energy ETF
PBYI,Puma Biotechnology Inc
PC,Premium Catering (Holdings) Limited
PCAP,ProCap Acquisition Corp - Class A
PCAPU,ProCap Acquisition Corp - Unit
PCAPW,ProCap Acquisition Corp - Warrant
PCAR,PACCAR Inc.
PCB,PCB Bancorp
PCCE,Polen Capital China Growth ETF
PCEB,Polen Euro High Yield Bond ETF
PCEF,Invesco CEF Income Composite ETF
PCF,High Income Securities Fund
PCFI,Polen Floating Rate Income ETF
PCG,Pacific Gas & Electric Co.
PCGG,Polen Capital Global Growth ETF
PCHI,Polen High Income ETF
PCI,PGIM Corporate Bond 5-10 Year ETF
PCIG,Polen Capital International Growth ETF
PCL,PGIM Corporate Bond 10+ Year ETF
PCLA,PicoCELA Inc.
PCLC,Polen 5Perspectives Large Growth ETF
PCLG,Polen Focus Growth ETF
PCLN,Pictet Cleaner Planet ETF
PCLO,VIRTUS SEIX AAA Private Credit CLO ETF
PCM,"PCM Fund, Inc."
PCMM,BondBloxx Private Credit CLO ETF
PCN,Pimco Corporate & Income Strategy Fund
PCOR,"Procore Technologies, Inc."
PCPI,PIMCO Inflation PLUS Active Exchange-Traded Fund
PCPP,Porter & Company Porter Portfolio Index ETF
PCQ,PIMCO California Municipal Income Fund
PCR,Simplify VettaFi Private Credit Strategy ETF
PCRX,"Pacira BioSciences, Inc."
PCS,PGIM Corporate Bond 0-5 Year ETF
PCSA,"Processa Pharmaceuticals, Inc."
PCSG,Polen 5Perspectives Small-Mid Growth ETF
PCT,"PureCycle Technologies, Inc. - Common stock"
PCTTU,"PureCycle Technologies, Inc. - Unit"
PCTTW,"PureCycle Technologies, Inc. - Warrant"
PCTY,Paylocity Holding Corporation
PCVX,"Vaxcyte, Inc."
PCY,Invesco Emerging Markets Sovereign Debt ETF
PCYO,Pure Cycle Corporation
PD,"PagerDuty, Inc."
PDBA,Invesco Agriculture Commodity Strategy No K-1 ETF
PDBC,Invesco Optimum Yield Diversified Commodity Strategy No K-1 ETF
PDC,Perpetuals.com Ltd
PDCC,Pearl Diver Credit Company Inc.
PDD,PDD Holdings Inc.
PDDL,GraniteShares 2x Long PDD Daily ETF
PDEC,Innovator U.S. Equity Power Buffer ETF - December
PDEX,"Pro-Dex, Inc."
PDFS,"PDF Solutions, Inc."
PDI,PIMCO Dynamic Income Fund
PDLB,"Ponce Financial Group, Inc."
PDM,"Piedmont Realty Trust, Inc."
PDN,Invesco RAFI Developed Markets ex-U.S. Small-Mid ETF
PDO,PIMCO Dynamic Income Opportunities Fund Common Shares of Beneficial Interest
PDP,Invesco Dorsey Wright Momentum ETF
PDPA,Pearl Diver Credit Company Inc. 8.00% Series A Preferred Stock Due 2029
PDS,Precision Drilling Corporation
PDSB,PDS Biotechnology Corporation
PDT,John Hancock Premium Dividend Fund
PDX,PIMCO Dynamic Income Strategy Fund Common Shares of Beneficial Interest
PDYN,Palladyne AI Corp. - Common stock
PDYNW,Palladyne AI Corp. - Warrant
PEB,Pebblebrook Hotel Trust Common Shares of Beneficial Interest
PEBK,"Peoples Bancorp of North Carolina, Inc."
PEBO,Peoples Bancorp Inc.
PECE,Peace Acquisition Corp
PECER,Peace Acquisition Corp - Right
PECEU,Peace Acquisition Corp - Units
PECEW,Peace Acquisition Corp - Warrant
PECO,"Phillips Edison & Company, Inc."
PED,Pedevco Corp.
PEG,Public Service Enterprise Group Incorporated
PEGA,Pegasystems Inc.
PEJ,Invesco Leisure and Entertainment ETF
PEMX,Putnam Emerging Markets ex-China ETF
PEN,"Penumbra, Inc."
PENG,"Penguin Solutions, Inc."
PENN,"PENN Entertainment, Inc."
PEO,"Adams Natural Resources Fund, Inc."
PEP,"PepsiCo, Inc."
PEPG,PepGen Inc.
PEPS,Parametric Equity Plus ETF
PERF,Perfect Corp. Class A Ordinary Share
PERI,Perion Network Ltd
PESI,"Perma-Fix Environmental Services, Inc."
PETS,"PetMed Express, Inc."
PETZ,"TDH Holdings, Inc."
PEVC,Pacer PE/VC ETF
PEW,GrabAGun Digital Holdings Inc.
PEX,ProShares Global Listed Private Equity ETF
PEXL,Pacer US Export Leaders ETF
PEY,Invesco High Yield Equity Dividend Achievers ETF
PEZ,Invesco Dorsey Wright Consumer Cyclicals Momentum ETF
PFAI,Pinnacle Food Group Limited - Class A
PFBC,Preferred Bank
PFD,Flaherty & Crumrine Preferred and Income Fund Incorporated
PFDE,Pathfinder Disciplined US Equity ETF
PFE,"Pfizer, Inc."
PFEB,Innovator U.S. Equity Power Buffer ETF - February
PFF,iShares Preferred and Income Securities ETF
PFFA,Virtus InfraCap U.S. Preferred Stock ETF
PFFD,Global X U.S. Preferred ETF
PFFL,"ETRACS 2xMonthly Pay Leveraged Preferred Stock Index ETN due September 25, 2048"
PFFR,InfraCap REIT Preferred ETF
PFFV,Global X Variable Rate Preferred ETF
PFG,Principal Financial Group Inc
PFGC,Performance Food Group Company
PFH,"Prudential Financial, Inc. 4.125% Junior Subordinated Notes due 2060"
PFI,Invesco Dorsey Wright Financial Momentum ETF
PFIG,Invesco Fundamental Investment Grade Corporate Bond  ETF
PFIS,Peoples Financial Services Corp.
PFIX,Simplify Interest Rate Hedge ETF
PFL,PIMCO Income Strategy Fund Shares of Beneficial Interest
PFLA,PennantPark Floating Rate Capital Ltd. 7.375% Notes Due 2031
PFLD,AAM Low Duration Preferred and Income Securities ETF
PFLT,PennantPark Floating Rate Capital Ltd.
PFM,Invesco Dividend Achievers ETF
PFN,PIMCO Income Strategy Fund II
PFO,Flaherty & Crumrine Preferred and Income Opportunity Fund Incorporated
PFOE,Pathfinder Focused Opportunities ETF
PFRL,PGIM Floating Rate Income ETF
PFS,"Provident Financial Services, Inc"
PFSA,"Profusa, Inc."
PFSI,"PennyMac Financial Services, Inc."
PFX,PhenixFIN Corporation
PFXF,VanEck Preferred Securities ex Financials ETF
PFXNZ,PhenixFIN Corporation  - 5.25% Notes due 2028
PG,Procter & Gamble Company (The)
PGAC,Pantages Capital Acquisition Corporation - Class A
PGACR,Pantages Capital Acquisition Corporation - Right
PGACU,Pantages Capital Acquisition Corporation - Unit
PGC,Peapack-Gladstone Financial Corporation
PGEN,"Precigen, Inc."
PGF,Invesco Financial Preferred ETF
PGHY,Invesco Global ex-US High Yield Corporate Bond ETF
PGJ,Invesco Golden Dragon China ETF
PGNY,"Progyny, Inc."
PGP,Pimco Global StocksPlus & Income Fund Common Shares of Beneficial Interest
PGR,Progressive Corporation (The)
PGRI,Putnam International Stock ETF
PGRO,Putnam Focused Large Cap Growth ETF
PGX,Invesco Preferred ETF
PGY,Pagaya Technologies Ltd. - Class A
PGYWW,Pagaya Technologies Ltd. - Warrants
PGZ,Principal Real Estate Income Fund Common Shares of Beneficial Interest
PH,Parker-Hannifin Corporation
PHAR,"Pharming Group N.V. - ADS, each representing 10 ordinary shares"
PHAT,"Phathom Pharmaceuticals, Inc."
PHDG,Invesco S&P 500 Downside Hedged ETF
PHEQ,Parametric Hedged Equity ETF
PHG,Koninklijke Philips N.V. NY Registry Shares
PHGE,BiomX Inc. COmmon Stock
PHI,PLDT Inc. Sponsored ADR
PHIN,PHINIA Inc.
PHIO,Phio Pharmaceuticals Corp.
PHK,Pimco High Income Fund
PHM,"PulteGroup, Inc."
PHO,Invesco Water Resources ETF
PHOE,Phoenix Asia Holdings Limited
PHR,"Phreesia, Inc."
PHUN,"Phunware, Inc."
PHVS,Pharvaris N.V.
PHYL,PGIM Active High Yield Bond ETF
PHYS,Sprott Physical Gold Trust ETV
PI,"Impinj, Inc."
PICB,Invesco International Corporate Bond ETF
PICK,iShares MSCI Global Select Metals & Mining Producers Fund
PICS,PicS N.V. - Class A
PID,Invesco International Dividend Achievers ETF
PIE,Invesco Dorsey Wright Emerging Markets Momentum ETF
PIEL,Pacer International Export Leaders ETF
PIEQ,Principal International Equity ETF
PIFI,ClearShares Piton Intermediate Fixed Income ETF
PII,Polaris Inc.
PIII,P3 Health Partners Inc.
PIIIW,P3 Health Partners Inc. - Warrant
PILL,Direxion Daily Pharmaceutical & Medical Bull 3X ETF
PIM,Franklin Master Intermediate Income Trust Shares of Beneficial Interest
PINC,PGIM Securitized Income ETF
PINE,"Alpine Income Property Trust, Inc."
PINK,Simplify Health Care ETF
PINS,"Pinterest, Inc."
PIO,Invesco Global Water ETF
PIPE,Invesco SteelPath MLP & Energy Infrastructure ETF
PIPR,Piper Sandler Companies
PIT,VanEck Commodity Strategy ETF
PIZ,Invesco Dorsey Wright Developed Markets Momentum ETF
PJAN,Innovator U.S. Equity Power Buffer ETF - January
PJFG,PGIM Jennison Focused Growth ETF
PJFM,PGIM Jennison Focused Mid-Cap ETF
PJFV,PGIM Jennison Focused Value ETF
PJIO,PGIM Jennison International Opportunities ETF
PJP,Invesco Pharmaceuticals ETF
PJT,PJT Partners Inc.
PJUL,Innovator U.S. Equity Power Buffer ETF - July
PJUN,Innovator U.S. Equity Power Buffer ETF - June
PJUS,PGIM Jennison U.S. Core Equity ETF
PK,Park Hotels & Resorts Inc.
PKB,Invesco Building & Construction ETF
PKBK,"Parke Bancorp, Inc."
PKE,Park Aerospace Corp.
PKG,Packaging Corporation of America
PKOH,Park-Ohio Holdings Corp.
PKW,Invesco BuyBack Achievers ETF
PKX,POSCO HOLDINGS INC. American Depositary Shares (Each representing 1/4th of a share of Common Stock)
PL,Planet Labs PBC
PLA,GraniteShares Autocallable PLTR ETF
PLAB,"Photronics, Inc."
PLAG,Planet Green Holdings Corp.
PLAY,"Dave & Buster's Entertainment, Inc."
PLBC,Plumas Bancorp
PLBL,Polibeli Group Ltd - Class A
PLBY,"Playboy, Inc."
PLCE,"Children's Place, Inc. (The)"
PLCIU,Pelican Acquisition II Corporation - Unit
PLD,"Prologis, Inc."
PLG,Platinum Group Metals Ltd. Ordinary Shares (Canada)
PLGI,PL Growth and Income ETF
PLGO,Pelagos Insurance Capital Limited
PLIB,Direxion PLTR Defined Income Boost ETF
PLMK,Plum Acquisition Corp. IV - Class A
PLMKU,Plum Acquisition Corp. IV - Unit
PLMKW,Plum Acquisition Corp. IV - Warrants
PLMR,"Palomar Holdings, Inc. - Common stock"
PLNT,"Planet Fitness, Inc."
PLOW,"Douglas Dynamics, Inc."
PLPC,Preformed Line Products Company
PLRX,"Pliant Therapeutics, Inc."
PLRZ,Polyrizon Ltd.
PLSE,"Pulse Biosciences, Inc"
PLSM,Pulsenmore Ltd.
PLTA,ProShares Ultra PLTR
PLTD,Direxion Daily PLTR Bear 1X ETF
PLTG,Leverage Shares 2X Long PLTR Daily ETF
PLTK,Playtika Holding Corp.
PLTL,Corgi PLTR 2x Daily ETF
PLTM,GraniteShares Platinum Shares ETF
PLTR,Palantir Technologies Inc.
PLTS,Platinum Analytics Cayman Limited - Class A
PLTU,Direxion Daily PLTR Bull 2X ETF
PLTW,Roundhill PLTR WeeklyPay ETF
PLTY,YieldMax PLTR Option Income Strategy ETF
PLTZ,Defiance Daily Target 2x Short PLTR ETF
PLU,Defiance Daily Target 2x Long PL ETF
PLUG,"Plug Power, Inc."
PLUL,Leverage Shares 2X Long PLUG Daily ETF
PLUN,Plutonian Acquisition Corp II Class A
PLUR,Pluri Inc.
PLUS,ePlus inc.
PLUT,Plutus Financial Group Limited
PLX,"Protalix BioTherapeutics, Inc. (DE)"
PLXS,Plexus Corp.
PLYX,"Polaryx Therapeutics, Inc."
PLYY,GraniteShares YieldBOOST PLTR ETF
PM,Philip Morris International Inc
PMA,Ming Shing Group Holdings Limited
PMAP,PGIM S&P 500 Max Buffer ETF - April
PMAR,Innovator U.S. Equity Power Buffer ETF - March
PMAU,PGIM S&P 500 Max Buffer ETF - August
PMAX,Powell Max Limited - Class A
PMAY,Innovator U.S. Equity Power Buffer ETF - May
PMBS,PIMCO Mortgage-Backed Securities Active Exchange-Traded Fund
PMCB,"PharmaCyte  Biotech, Inc."
PMDE,PGIM S&P 500 Max Buffer ETF - December
PMEC,Primech Holdings Ltd.
PMFB,PGIM S&P 500 Max Buffer ETF - February
PMI,"Picard Medical, Inc."
PMIO,PGIM Municipal Income Opportunities ETF
PMJA,PGIM S&P 500 Max Buffer ETF - January
PMJL,PGIM S&P 500 Max Buffer ETF - July
PMJN,PGIM S&P 500 Max Buffer ETF - June
PML,Pimco Municipal Income Fund II Common Shares of Beneficial Interest
PMM,Franklin Managed Municipal Income Trust Shares of Beneficial Interest
PMMF,iShares Prime Money Market ETF
PMMR,PGIM S&P 500 Max Buffer ETF - March
PMMY,PGIM S&P 500 Max Buffer ETF - May
PMN,ProMIS Neurosciences Inc.
PMNV,PGIM S&P 500 Max Buffer ETF - November
PMO,Franklin Municipal Opportunities Trust Shares of Beneficial Interest
PMOC,PGIM S&P 500 Max Buffer ETF - October
PMSE,PGIM S&P 500 Max Buffer ETF - September
PMT,PennyMac Mortgage Investment Trust Common Shares of Beneficial Interest
PMTL,First Trust Indxx Quality Precious Metals Miners ETF
PMTR,Perimeter Acquisition Corp. I - Class A
PMTRU,Perimeter Acquisition Corp. I - Unit
PMTRW,Perimeter Acquisition Corp. I - Warrant
PMTS,CPI Card Group Inc.
PMTU,PennyMac Mortgage Investment Trust 8.50% Senior Notes due 2028
PMTV,PennyMac Mortgage Investment Trust 9.00% Senior Notes due 2030
PMTW,PennyMac Mortgage Investment Trust 9.00% Senior Notes due 2030
PMVP,"PMV Pharmaceuticals, Inc."
PN,PN Smart Energy Limited - Class A
PNBK,Patriot National Bancorp Inc.
PNC,"PNC Financial Services Group, Inc. (The)"
PNFP,"Pinnacle Financial Partners, Inc. Common stock"
PNI,Pimco New York Municipal Income Fund II Common Shares of Beneficial Interest
PNNT,PennantPark Investment Corporation
PNOV,Innovator U.S. Equity Power Buffer ETF - November
PNQI,Invesco Nasdaq Internet ETF
PNR,Pentair plc. Ordinary Share
PNRG,PrimeEnergy Resources Corporation
PNTG,"The Pennant Group, Inc."
PNW,Pinnacle West Capital Corporation
POAS,Phaos Technology Holdings (Cayman) Limited Class A
POCI,"Precision Optics Corporation, Inc. - Common stock"
POCT,Innovator U.S. Equity Power Buffer ETF - October
PODC,"PodcastOne, Inc."
PODD,Insulet Corporation
POEL,Defiance Daily Target 2X Long POET ETF
POET,POET Technologies Inc.
POLA,"Polar Power, Inc."
POLE,Andretti Acquisition Corp. II - Class A
POLEU,Andretti Acquisition Corp. II - Unit
POLEW,Andretti Acquisition Corp. II - Warrant
POM,POMDOCTOR LIMITED
PONO,"Pono Capital Four, Inc. - Class A"
PONOR,"Pono Capital Four, Inc. - Rights"
PONOU,"Pono Capital Four, Inc. - Units"
PONX,Tradr 2X Long PONY Daily ETF
PONY,Pony AI Inc.
POOL,Pool Corporation
POR,Portland General Electric Co
POST,"Post Holdings, Inc."
POW,VistaShares Electrification Supercycle ETF
POWA,Invesco Bloomberg Pricing Power ETF
POWI,"Power Integrations, Inc."
POWL,"Powell Industries, Inc."
POWR,iShares U.S. Power Infrastructure ETF
POWW,Outdoor Holding Company
POWWP,Outdoor Holding Company - 8.75% Series A Cumulative Redeemable Perpetual Preferred Stock
PPA,Invesco Aerospace & Defense ETF
PPBT,Purple Biotech Ltd.
PPC,Pilgrim's Pride Corporation
PPCB,"Propanc Biopharma, Inc."
PPG,"PPG Industries, Inc."
PPH,VanEck Pharmaceutical ETF
PPHC,"Public Policy Holding Company, Inc."
PPI,Astoria Real Assets ETF
PPIH,"Perma-Pipe International Holdings, Inc."
PPL,PPL Corporation
PPLC,PPL Corporation Corporate Units
PPLI,People Incorporated
PPLT,abrdn Physical Platinum Shares ETF
PPSI,"Pioneer Power Solutions, Inc."
PPT,Franklin Premier Income Trust Shares of Beneficial Interest
PPTA,Perpetua Resources Corp.
PPTY,U.S. Diversified Real Estate ETF
PQAP,PGIM Nasdaq-100 Buffer 12 ETF - April
PQDI,Principal Spectrum Preferred and Income ETF
PQJA,PGIM Nasdaq-100 Buffer 12 ETF - January
PQJL,PGIM Nasdaq-100 Buffer 12 ETF - July
PQNT,Pictet AI Enhanced International Equity ETF
PQOC,PGIM Nasdaq-100 Buffer 12 ETF - October
PQUS,Pictet AI Enhanced US Equity ETF
PQV,PGIM S&P 500 Quarterly Buffer 5 ETF
PQX,PGIM S&P 500 Quarterly Buffer 10 ETF
PQXV,PGIM S&P 500 Quarterly Buffer 15 ETF
PQXX,PGIM S&P 500 Quarterly Buffer 20 ETF
PR,Permian Resources Corporation
PRAA,"PRA Group, Inc."
PRAB,State Street IG Public & Private ABS ETF
PRAE,PlanRock Alternative Growth ETF
PRAX,"Praxis Precision Medicines, Inc."
PRAY,FIS Christian Stock Fund
PRCH,"Porch Group, Inc."
PRCS,Parnassus Core Select ETF
PRCT,PROCEPT BioRobotics Corporation
PRDO,Perdoceo Education Corporation
PRE,Prenetics Global Limited - Class A Ordinary Share
PREF,Principal Spectrum Preferred Securities Active ETF
PRENW,Prenetics Global Limited - Warrant
PRF,Invesco RAFI US 1000 ETF
PRFD,PIMCO Preferred and Capital Securities Active Exchange-Traded Fund
PRFX,PRF Technologies Ltd.
PRFZ,Invesco RAFI US 1500 Small-Mid ETF
PRG,"PROG Holdings, Inc."
PRGO,Perrigo Company plc
PRGS,Progress Software Corporation
PRH,"Prudential Financial, Inc. 5.950% Junior Subordinated Notes due 2062"
PRHI,"Presurance Holdings, Inc."
PRHIZ,"Presurance Holdings, Inc. - 9.75% Senior Unsecured Notes due 2028"
PRI,"Primerica, Inc."
PRIM,Primoris Services Corporation
PRIV,State Street IG Public & Private Credit ETF
PRIZ,Zacks Preferred Income ETF
PRK,Park National Corporation
PRKS,United Parks & Resorts Inc.
PRLB,"Proto Labs, Inc. Common stock"
PRLD,Prelude Therapeutics Incorporated
PRM,"Perimeter Solutions, SA"
PRMB,Primo Brands Corporation
PRME,"Prime Medicine, Inc."
PRMR,PeakShares RMR Prime Equity ETF
PRN,Invesco Dorsey Wright Industrials Momentum ETF
PRNT,3D Printing (The) ETF
PROF,Profound Medical Corp. - common stock
PROK,ProKidney Corp. - Class A
PROP,Prairie Operating Co.
PROV,"Provident Financial Holdings, Inc."
PRPL,"Purple Innovation, Inc."
PRPO,"Precipio, Inc."
PRQR,ProQR Therapeutics N.V.
PRS,"Prudential Financial, Inc. 5.625% Junior Subordinated Notes due 2058"
PRSD,State Street Short Duration IG Public & Private Credit ETF
PRSO,Peraso Inc.
PRSU,"Pursuit Attractions and Hospitality, Inc."
PRT,PermRock Royalty Trust Units of Beneficial Interest
PRTA,Prothena Corporation plc
PRTH,"Priority Technology Holdings, Inc."
PRTO,RCN Pareto Strategic Allocation ETF
PRTS,"CarParts.com, Inc."
PRU,"Prudential Financial, Inc."
PRVA,"Privia Health Group, Inc."
PRVS,Parnassus Value Select ETF
PRVT,Tema Alternative Asset Managers ETF
PRXG,Praxis Impact Large Cap Growth ETF
PRXI,Praxis Impact International ETF
PRXV,Praxis Impact Large Cap Value ETF
PRZO,ParaZero Technologies Ltd.
PS,Pershing Square Inc.
PSA,Public Storage
PSAI,Pacer S&P 500 3AI Top 100 ETF
PSBD,Palmer Square Capital BDC Inc.
PSC,Principal U.S. Small-Cap ETF
PSCC,Invesco S&P SmallCap Consumer Staples ETF
PSCD,Invesco S&P SmallCap Consumer Discretionary ETF
PSCE,Invesco S&P SmallCap Energy ETF
PSCF,Invesco S&P SmallCap Financials ETF
PSCH,Invesco S&P SmallCap Health Care ETF
PSCI,Invesco S&P SmallCap Industrials ETF
PSCJ,Pacer Swan SOS Conservative (July) ETF
PSCM,Invesco S&P SmallCap Materials ETF
PSCQ,Pacer Swan SOS Conservative (October) ETF
PSCT,Invesco S&P SmallCap Information Technology ETF
PSCU,Invesco S&P SmallCap Utilities & Communication Services ETF
PSCW,Pacer Swan SOS Conservative (April) ETF
PSCX,Pacer Swan SOS Conservative (January) ETF
PSDM,PGIM Short Duration Multi-Sector Bond ETF
PSEC,Prospect Capital Corporation - Closed End Fund
PSEP,Innovator U.S. Equity Power Buffer ETF - September
PSET,Principal Quality ETF
PSF,"Cohen & Steers Select Preferred and Income Fund, Inc."
PSFD,Pacer Swan SOS Flex (January) ETF
PSFE,Paysafe Limited
PSFF,Pacer Swan SOS Fund of Funds ETF
PSFJ,Pacer Swan SOS Flex (July) ETF
PSFM,Pacer Swan SOS Flex (April) ETF
PSFO,Pacer Swan SOS Flex (October) ETF
PSH,PGIM Short Duration High Yield ETF
PSHG,Performance Shipping Inc.
PSI,Invesco Semiconductors ETF
PSIG,PS International Group Ltd.
PSIL,AdvisorShares Psychedelics ETF
PSIX,"Power Solutions International, Inc."
PSK,State Street SPDR ICE Preferred Securities ETF
PSKY,Paramount Skydance Corporation
PSL,Invesco Dorsey Wright Consumer Staples Momentum ETF
PSLV,Sprott Physical Silver Trust ETV
PSMD,Pacer Swan SOS Moderate (January) ETF
PSMJ,Pacer Swan SOS Moderate (July) ETF
PSMO,Pacer Swan SOS Moderate (October) ETF
PSMR,Pacer Swan SOS Moderate (April) ETF
PSMT,"PriceSmart, Inc."
PSN,Parsons Corporation
PSNL,"Personalis, Inc."
PSNY,Polestar Automotive Holding UK Limited - Class A ADS
PSNYW,Polestar Automotive Holding UK Limited - Class C-1 ADS (ADW)
PSO,"Pearson, Plc"
PSP,Invesco Global Listed Private Equity ETF
PSQ,ProShares Short QQQ
PSQA,Palmer Square CLO Senior Debt ETF
PSQH,"PSQ Holdings, Inc."
PSQO,Palmer Square Credit Opportunities ETF
PSR,Invesco Active U.S. Real Estate Fund
PST,ProShares UltraShort Lehman 7-10 Year Treasury
PSTL,"Postal Realty Trust, Inc."
PSTP,Innovator Power Buffer Step-Up Strategy ETF
PSTR,PeakShares Sector Rotation ETF
PSTV,"PLUS THERAPEUTICS, Inc."
PSUS,"Pershing Square USA, Ltd."
PSWD,Xtrackers Cybersecurity Select Equity ETF
PSX,Phillips 66
PTA,Cohen & Steers Tax-Advantaged Preferred Securities and Income Fund Common Shares of Beneficial Interest
PTAC,Patriot Acquisition Corp. - Class A
PTACU,Patriot Acquisition Corp. - Units
PTACW,Patriot Acquisition Corp. - Warrants
PTBD,Pacer Trendpilot US Bond ETF
PTC,PTC Inc.
PTCT,"PTC Therapeutics, Inc."
PTEN,"Patterson-UTI Energy, Inc."
PTEU,Pacer TrendpilotTM European Index ETF
PTF,Invesco Dorsey Wright Technology Momentum ETF
PTGX,"Protagonist Therapeutics, Inc."
PTH,Invesco Dorsey Wright Healthcare Momentum ETF
PTHS,Pelthos Therapeutics Inc.
PTIN,Pacer Trendpilot International ETF
PTIR,GraniteShares 2x Long PLTR Daily ETF
PTL,Inspire 500 ETF
PTLC,Pacer Trendpilot US Large Cap ETF
PTLE,PTL LTD - Class A
PTLO,Portillo's Inc.
PTMC,Pacer Trendpilot US Mid Cap ETF
PTN,"Palatin Technologies, Inc."
PTNQ,Pacer Trendpilot 100 ETF
PTNT,Corgi IP Licensing & Royalties ETF
PTON,"Peloton Interactive, Inc."
PTOR,Praetorian Acquisition Corp. - Class A
PTORU,Praetorian Acquisition Corp. - Units
PTORW,Praetorian Acquisition Corp. - Warrant
PTRB,PGIM Total Return Bond ETF
PTRN,Pattern Group Inc. - Series A
PTY,Pimco Corporate & Income Opportunity Fund
PUBM,"PubMatic, Inc."
PUI,Invesco Dorsey Wright Utilities Momentum ETF
PUK,Prudential Public Limited Company
PUL,GraniteShares 2x Long P Daily ETF
PULM,"Pulmatrix, Inc."
PULS,PGIM Ultra Short Bond ETF
PUMP,ProPetro Holding Corp.
PUR,Defiance Daily Target 2X Long PURR ETF
PURR,Hyperliquid Strategies Inc
PUSA,Aureus Greenway Holdings Inc.
PUSH,PGIM Ultra Short Municipal Bond ETF
PVAL,Putnam Focused Large Cap Value ETF
PVEX,TrueShares ConVex Protect ETF
PVH,PVH Corp.
PVI,Invesco Floating Rate Municipal Income ETF
PVL,Permianville Royalty Trust Units of Beneficial Interest
PVLA,"Palvella Therapeutics, Inc."
PW,Power REIT (MD)
PWB,Invesco Large Cap Growth ETF
PWCM,"PowerCompute, Inc."
PWER,Nomura Energy Transition ETF
PWP,Perella Weinberg Partners
PWR,"Quanta Services, Inc."
PWRD,TCW Transform Systems ETF
PWRL,Powerlaw Corp.
PWRZ,TrueShares Eagle Global Renewable Energy Income ETF
PWS,Pacer WealthShield ETF
PWV,Invesco Large Cap Value ETF
PWZ,Invesco California AMT-Free Municipal Bond Portfolio
PXE,Invesco Energy Exploration & Production ETF
PXED,"Phoenix Education Partners, Inc."
PXF,Invesco RAFI Developed Markets ex-U.S. ETF
PXH,Invesco RAFI Emerging Markets ETF
PXI,Invesco Dorsey Wright Energy Momentum ETF
PXJ,Invesco Oil & Gas Services ETF
PXLW,"Pixelworks, Inc."
PXS,Pyxis Tankers Inc.
PY,Principal Value ETF
PYLD,PIMCO Multisector Bond Active Exchange-Traded Fund
PYPD,PolyPid Ltd.
PYPG,Leverage Shares 2X Long PYPL Daily ETF
PYPL,"PayPal Holdings, Inc."
PYPU,Direxion Daily PYPL Bull 2X ETF
PYPY,YieldMax PYPL Option Income Strategy ETF
PYT,PPlus Tr GSC-2 Tr Ctf Fltg Rate
PYXS,"Pyxis Oncology, Inc."
PYZ,Invesco Dorsey Wright Basic Materials Momentum ETF
PZA,Invesco National AMT-Free Municipal Bond ETFo
PZG,Paramount Gold Nevada Corp.
PZIV,Pzena International Value ETF
PZLV,Pzena U.S. Large Cap Value ETF
PZT,Invesco New York AMT-Free Municipal Bond ETF
PZZA,"Papa John's International, Inc."
Q,"Qnity Electronics, Inc."
QABA,First Trust NASDAQ ABA Community Bank Index Fund
QADR,QDRO Acquisition Corp. - Class A
QADRU,QDRO Acquisition Corp. - Units
QADRW,QDRO Acquisition Corp. - Warrant
QAI,NYLI Hedge Multi-Strategy Tracker ETF
QALT,SEI DBi Multi-Strategy Alternative ETF
QARP,Xtrackers Russell 1000 US Quality at a Reasonable Price ETF ETF
QAT,iShares MSCI Qatar ETF
QB,ProShares Nasdaq-100 Dynamic Buffer ETF
QBER,TrueShares Quarterly Bear Hedge ETF
QBF,Innovator Uncapped Bitcoin 20 Floor ETF - Quarterly
QBIF,AllianzIM International Equity Buffer15 ETF
QBIG,Invesco Top QQQ ETF
QBIV,AllianzIM International Equity Buffer5 ETF
QBKF,AllianzIM U.S. Small Cap Buffer15 ETF
QBKV,AllianzIM U.S. Small Cap Buffer5 ETF
QBQF,AllianzIM Growth-100 Buffer15 ETF
QBQV,AllianzIM Growth-100 Buffer5 ETF
QBSF,AllianzIM U.S. Equity Buffer15 ETF
QBSV,AllianzIM U.S Equity Buffer5 ETF
QBTS,D-Wave Quantum Inc.
QBTX,Tradr 2X Long QBTS Daily ETF
QBTZ,Defiance Daily Target 2x Short QBTS ETF
QBUF,Innovator Nasdaq-100 10 Buffer ETF Quarterly
QBUL,TrueShares Quarterly Bull Hedge ETF
QBY,GraniteShares YieldBoost QBTS ETF
QCAP,FT Vest Nasdaq-100 Conservative Buffer ETF - April
QCJA,FT Vest Nasdaq-100 Conservative Buffer ETF - January
QCJL,FT Vest Nasdaq-100 Conservative Buffer ETF - July
QCLN,First Trust NASDAQ Clean Edge Green Energy Index Fund
QCLR,Global X NASDAQ 100 Collar 95-110 ETF
QCLS,"Q/C Technologies, Inc."
QCMD,Direxion Daily QCOM Bear 1X ETF
QCML,GraniteShares 2x Long QCOM Daily ETF
QCMU,Direxion Daily QCOM Bull 2X ETF
QCOC,FT Vest Nasdaq-100 Conservative Buffer ETF - October
QCOM,QUALCOMM Incorporated
QCRH,"QCR Holdings, Inc."
QDEC,FT Vest Nasdaq-100 Buffer ETF - December
QDEF,FlexShares Quality Dividend Defensive Index Fund
QDEL,QuidelOrtho Corporation
QDF,FlexShares Quality Dividend Index Fund
QDIV,Global X S&P 500 Quality Dividend ETF
QDPL,Pacer Metaurus US Large Cap Dividend Multiplier 400 ETF
QDTE,Roundhill Innovation-100 0DTE Covered Call Strategy ETF
QDTY,YieldMax Nasdaq 100 0DTE Covered Call Strategy ETF
QDVO,Amplify CWP Growth & Income ETF
QEFA,State Street SPDR MSCI EAFE StrategicFactors ETF
QEMM,State Street SPDR MSCI Emerging Markets StrategicFactors ETF
QETA,Quetta Acquisition Corporation
QETAR,Quetta Acquisition Corporation - Right
QETAU,Quetta Acquisition Corporation - Unit
QETH,Invesco Galaxy Ethereum ETF
QEW,Invesco QQQ Equal Weight ETF
QFF,Qualivian Focus Fund ETF
QFHD,Pacer S&P 500 Quality FCF High Dividend ETF
QFIN,"Qfin Holdings, Inc."
QFLR,Innovator Nasdaq-100 Managed Floor ETF
QFRD,Pacer S&P 500 Quality FCF R&D Leaders
QGEN,Qiagen N.V.
QGRD,Horizon Nasdaq-100 Defined Risk ETF
QGRO,American Century U.S. Quality Growth ETF
QGRW,WisdomTree U.S. Quality Growth Fund
QH,Quhuo Limited - Class A
QHY,WisdomTree U.S. High Yield Corporate Bond Fund
QID,ProShares UltraShort QQQ
QIDX,Indexperts Quality Earnings Focused ETF
QIG,WisdomTree U.S. Corporate Bond Fund
QINT,American Century Quality Diversified International ETF
QIS,Simplify Multi-QIS Alternative ETF
QJL,Corgi Growth & Technology 10% Structured Buffer ETF - July Series
QJN,Corgi Growth & Technology 10% Structured Buffer ETF - June Series
QJUN,FT Vest Nasdaq-100 Buffer ETF - June
QLC,FlexShares US Quality Large Cap Index Fund
QLD,ProShares Ultra QQQ
QLDY,Defiance Nasdaq 100 LightningSpread Income ETF
QLEP,Quantum Leap Acquisition Corp Class A
QLTA,iShares Aaa A Rated Corporate Bond ETF
QLTI,GMO International Quality ETF
QLTY,GMO U.S. Quality ETF
QLV,FlexShares US Quality Low Volatility Index Fund
QLVD,FlexShares Developed Markets ex-US Quality Low Volatility Index Fund
QLVE,FlexShares Emerging Markets  Quality Low Volatility Index Fund
QLYS,"Qualys, Inc."
QMAG,FT Vest Nasdaq-100 Moderate Buffer ETF - August
QMAR,FT Vest Nasdaq-100 Buffer ETF - March
QMCO,Quantum Corporation
QMFE,FT Vest Nasdaq-100 Moderate Buffer ETF - February
QMID,WisdomTree U.S. MidCap Quality Growth Fund
QMLS,"QumulusAI, Inc."
QMMM,QMMM Holdings Limited - Class A
QMMY,FT Vest Nasdaq-100 Moderate Buffer ETF - May
QMNV,FT Vest Nasdaq-100 Moderate Buffer ETF - November
QMOM,Alpha Architect U.S. Quantitative Momentum ETF
QMY,Corgi Growth & Technology 10% Structured Buffer ETF - May Series
QNC,Quantum eMotion Corp.
QNCX,"Quince Therapeutics, Inc."
QNDX,State Street SPDR Portfolio Nasdaq 100 ETF
QNRX,"Quoin Pharmaceuticals, Ltd."
QNST,"QuinStreet, Inc."
QNT,Quantinuum Inc.
QNTM,Quantum Biopharma Ltd. - Class B Subordinate Voting Shares
QNTU,Tradr 2X Long QNT Daily ETF
QNXT,iShares Nasdaq-100 ex Top 30 ETF
QOWZ,Invesco Nasdaq Free Cash Flow Achievers ETF
QPUX,Defiance 2X Daily Long Pure Quantum ETF
QPX,AdvisorShares Q Dynamic Growth ETF
QQA,Invesco QQQ Income Advantage ETF
QQDN,ProShares UltraShort QQQ Mega
QQEW,First Trust Nasdaq-100 Select Equal Weight ETF
QQH,HCM Defender 100 Index ETF
QQHG,Invesco QQQ Hedged Advantage ETF
QQJL,Corgi Growth & Technology 15% Structured Buffer ETF - July Series
QQJN,Corgi Growth & Technology 15% Structured Buffer ETF - June Series
QQLV,Invesco QQQ Low Volatility ETF
QQMG,Invesco ESG NASDAQ 100 ETF
QQMY,Corgi Growth & Technology 15% Structured Buffer ETF - May Series
QQQ,"Invesco QQQ Trust, Series 1"
QQQA,ProShares Nasdaq-100 Dorsey Wright Momentum ETF
QQQD,Direxion Daily Magnificent 7 Bear 1X ETF
QQQE,Direxion NASDAQ-100 Equal Weighted Index ETF
QQQG,Pacer Nasdaq 100 Top 50 Cash Cows Growth Leaders ETF
QQQH,NEOS Nasdaq-100 Hedged Equity Income ETF
QQQI,NEOS Nasdaq 100 High Income ETF
QQQJ,Invesco NASDAQ Next Gen 100 ETF
QQQM,Invesco NASDAQ 100 ETF
QQQP,Tradr 2X Long Innovation 100 Quarterly ETF
QQQS,Invesco NASDAQ Future Gen 200 ETF
QQQT,Defiance Nasdaq 100 Income Target ETF
QQQU,Direxion Daily Magnificent 7 Bull 2X ETF
QQQX,Nuveen NASDAQ 100 Dynamic Overwrite Fund - Closed End Fund
QQQY,Defiance Nasdaq 100 Weekly Distribution ETF
QQUP,ProShares Ultra QQQ Mega
QQWZ,Pacer Cash COWZ 100-Nasdaq 100 Rotator ETF
QQXL,ProShares Ultra QQQ Top 30
QQXT,First Trust NASDAQ-100 Ex-Technology Sector Index Fund
QRED,QuasarEdge Acquisition Corporation
QRHC,Quest Resource Holding Corporation
QRMI,Global X NASDAQ 100 Risk Managed Income ETF
QRVO,"Qorvo, Inc."
QS,QuantumScape Corporation
QSEA,Quartzsea Acquisition Corporation
QSEAR,Quartzsea Acquisition Corporation - Rights
QSEAU,Quartzsea Acquisition Corporation - Units
QSI,Quantum-Si Incorporated
QSIG,WisdomTree U.S. Short Term Corporate Bond Fund
QSIX,Pacer Metaurus Nasdaq 100 Dividend Multiplier 600 ETF
QSML,WisdomTree U.S. SmallCap Quality Growth Fund
QSOL,Invesco Galaxy Solana ETF
QSPT,FT Vest Nasdaq-100 Buffer ETF - September
QSR,Restaurant Brands International Inc.
QSU,Defiance Daily Target 2X Long QS ETF
QTAC,Q3 All-Season Tactical Advantage ETF
QTAP,Innovator Growth Accelerated Plus ETF - April
QTEC,First Trust NASDAQ-100-Technology Sector Index Fund
QTEX,QTREX Quantum Ltd.
QTI,"QT Imaging Holdings, Inc."
QTJA,Innovator Growth Accelerated Plus ETF - January
QTJL,Innovator Growth Accelerated Plus ETF - July
QTOC,Innovator Growth Accelerated Plus ETF - October
QTOP,iShares Nasdaq Top 30 Stocks ETF
QTPI,North Square RCIM Tax-Advantaged Preferred and Income Securities ETF
QTR,Global X NASDAQ 100 Tail Risk ETF
QTRX,Quanterix Corporation
QTTB,Q32 Bio Inc.
QTUM,Defiance Quantum ETF
QTUP,Defiance Long Pure Quantum ETF
QTWO,"Q2 Holdings, Inc."
QUA,Corgi QBTS 2x Daily ETF
QUAD,"Quad Graphics, Inc"
QUAL,iShares MSCI USA Quality Factor ETF
QUBT,Quantum Computing Inc.
QUBX,Tradr 2X Long QUBT Daily ETF
QUCY,Quantum Cyber N.V.
QUIK,QuickLogic Corporation
QUIZ,Zacks Quality International ETF
QULL,ETRACS 2x Leveraged MSCI US Quality Factor TR ETN
QUMS,Quantumsphere Acquisition Corp.
QUMSR,Quantumsphere Acquisition Corp. - Rights
QUMSU,Quantumsphere Acquisition Corp. - Units
QURE,uniQure N.V.
QUS,State Street SPDR MSCI USA StrategicFactors ETF
QUSA,VistaShares Target 15 USA Quality Income ETF
QVAL,Alpha Architect U.S. Quantitative Value ETF
QVML,Invesco S&P 500 QVM Multi-factor ETF
QVMM,Invesco S&P MidCap 400 QVM Multi-factor ETF
QVMS,Invesco S&P SmallCap 600 QVM Multi-factor ETF
QVMT,Invesco S&P 500 Concentrated QVM ETF
QVOL,Infrastructure Capital Nasdaq Option Income ETF
QVOY,Q3 Active Rotation ETF
QWLD,State Street SPDR MSCI World StrategicFactors ETF
QXL,Quantum X Labs Inc.
QXO,"QXO, Inc."
QXQ,SGI Enhanced Nasdaq-100 ETF
QYLD,Global X NASDAQ 100 Covered Call ETF
QYLG,Global X Nasdaq 100 Covered Call & Growth ETF
R,"Ryder System, Inc."
RA,Brookfield Real Assets Income Fund Inc.
RAA,SMI 3Fourteen REAL Asset Allocation ETF
RAAA,Reckoner Yield Enhanced AAA CLO ETF
RAAR,Reckoner Yield Enhanced AAA CLO Reinvesting ETF
RAAX,VanEck Real Assets ETF
RAAY,Reckoner Yield Enhanced AAA CLO Annual ETF
RAC,Rithm Acquisition Corp. Class A
RACC,Research Alliance Corporation III - Class A
RACD,Research Alliance Corporation IV - Class A
RACE,Ferrari N.V.
RACK,VanEck Data Center Supply Chain ETF
RADX,Radiopharm Theranostics Limited
RAFE,PIMCO RAFI ESG U.S. ETF
RAIL,"Freightcar America, Inc."
RAIN,"Rain Enhancement Technologies Holdco, Inc."
RAINW,"Rain Enhancement Technologies Holdco, Inc. - Warrants"
RAL,Ralliant Corporation
RAM,Roundhill T-REX 2X Long DRAM Daily Target ETF
RAML,Leverage Shares 2X Long Memory Daily ETF
RAMP,"LiveRamp Holdings, Inc."
RAMZ,T-REX 2X Inverse DRAM Daily Target ETF
RAND,Rand Capital Corporation - Closed End Fund
RANG,Range Capital Acquisition Corp.
RANGR,Range Capital Acquisition Corp. - Rights
RANGU,Range Capital Acquisition Corp. - Units
RANI,"Rani Therapeutics Holdings, Inc."
RANK,Defiance KSM TipRanks Analyst ETF
RAPP,"Rapport Therapeutics, Inc."
RARE,Ultragenyx Pharmaceutical Inc.
RAUS,RACWI US ETF
RAVE,"Rave Restaurant Group, Inc."
RAVI,FlexShares Ultra-Short Income Fund
RAY,Raytech Holding Limited
RAYA,Erayak Power Solution Group Inc. - Class A
RB,ProShares Russell 2000 Dynamic Buffer ETF
RBA,"RB Global, Inc."
RBB,RBB Bancorp
RBBN,Ribbon Communications Inc.
RBC,RBC Bearings Incorporated
RBCAA,"Republic Bancorp, Inc."
RBIL,F/m Ultrashort Treasury Inflation-Protected Security (TIPS) ETF
RBKB,"Rhinebeck Bancorp, Inc."
RBLD,First Trust Alerian US NextGen Infrastructure ETF
RBLU,T-REX 2X Long RBLX Daily Target ETF
RBLX,Roblox Corporation
RBLY,YieldMax RBLX Option Income Strategy ETF
RBNE,Robin Energy Ltd.
RBRK,"Rubrik, Inc."
RBUF,Innovator U.S. Small Cap 10 Buffer ETF - Quarterly
RC,Ready Capital Corporation
RCAT,"Red Cat Holdings, Inc."
RCAX,Defiance Daily Target 2x Long RCAT ETF
RCD,Ready Capital Corporation 9.00% Senior Notes due 2029
RCEL,"Avita Medical, Inc."
RCG,"RENN Fund, Inc"
RCGE,RockCreek Global Equality ETF
RCI,"Rogers Communication, Inc."
RCKT,"Rocket Pharmaceuticals, Inc."
RCKTW,"Rocket Pharmaceuticals, Inc. - Warrant"
RCKY,"Rocky Brands, Inc."
RCL,Royal Caribbean Cruises Ltd.
RCLO,Reckoner BBB-B CLO ETF
RCLR,Reckoner BBB-B CLO Reinvesting ETF
RCLY,Reckoner BBB-B CLO Annual ETF
RCMT,"RCM Technologies, Inc."
RCON,"Recon Technology, Ltd. - Class A"
RCS,"PIMCO Strategic Income Fund, Inc."
RCT,RedCloud Holdings plc
RCTR,First Trust Bloomberg Nuclear Power ETF
RCUS,"Arcus Biosciences, Inc."
RDAC,Rising Dragon Acquisition Corp.
RDACR,Rising Dragon Acquisition Corp. - Rights
RDACU,Rising Dragon Acquisition Corp. - Unit
RDAG,Republic Digital Acquisition Company - Class A
RDAGU,Republic Digital Acquisition Company - Unit
RDAGW,Republic Digital Acquisition Company - Warrants
RDCM,Radcom Ltd.
RDDC,Corgi RDDT 2x Daily ETF
RDDT,"Reddit, Inc."
RDFI,Rareview Dynamic Fixed Income ETF
RDGT,"Ridgetech, Inc."
RDHL,Redhill Biopharma Ltd.
RDI,Reading International Inc - Class A Non-voting
RDIB,Reading International Inc - Class B Voting
RDIV,Invesco S&P Ultra Dividend Revenue ETF
RDN,Radian Group Inc.
RDNT,"RadNet, Inc."
RDNW,"RideNow Group, Inc."
RDOG,ALPS REIT Dividend Dogs ETF
RDTE,Roundhill Russell 2000 0DTE Covered Call Strategy ETF
RDTL,GraniteShares 2x Long RDDT Daily ETF
RDTY,YieldMax R2000 0DTE Covered Strategy ETF
RDVI,FT Vest Rising Dividend Achievers Target Income ETF
RDVT,"Red Violet, Inc."
RDVY,First Trust Rising Dividend Achievers ETF
RDW,Redwire Corporation
RDWR,Radware Ltd.
RDWU,T-REX 2X Long RDW Daily Target ETF
RDY,Dr. Reddy's Laboratories Ltd
RDYY,YieldMax RDDT Option Income Strategy ETF
RDZN,"Roadzen, Inc."
RDZNW,"Roadzen, Inc. - Warrants"
REA,"Rare Earths Americas, Inc."
REAI,Intelligent Real Estate ETF
REAL,"The RealReal, Inc."
REAX,"The Real Brokerage, Inc."
REBN,"Reborn Coffee, Inc."
RECI,Columbia Research Enhanced Core Premium Income ETF
RECS,Columbia Research Enhanced Core ETF
RECT,Rectitude Holdings Ltd
REED,"Reed's, Inc."
REET,iShares Global REIT ETF
REF,Reformation Inc.
REFA,Columbia Research Enhanced International Equity ETF
REFI,"Chicago Atlantic Real Estate Finance, Inc."
REFR,Research Frontiers Incorporated
REG,Regency Centers Corporation
REGCO,Regency Centers Corporation - 5.875% Series B Cumulative Redeemable Preferred Stock
REGCP,Regency Centers Corporation - 6.25% Series A Cumulative Redeemable Preferred Stock
REGL,ProShares S&P MidCap 400 Dividend Aristocrats ETF
REGN,"Regeneron Pharmaceuticals, Inc."
REGS,Columbia Large Cap Growth ETF
REI,"Ring Energy, Inc."
REIT,ALPS Active REIT ETF
REK,ProShares Short Real Estate
REKR,"Rekor Systems, Inc."
RELL,"Richardson Electronics, Ltd."
RELX,RELX PLC PLC American Depositary Shares (Each representing One Ordinary Share)
RELY,"Remitly Global, Inc. - Common stock"
REM,iShares Mortgage Real Estate ETF
REMC,Columbia Research Enhanced Mid Cap ETF
REMG,Russell Investments Emerging Markets Equity ETF
REMX,VanEck Rare Earth and Strategic Metals ETF
RENT,"Rent the Runway, Inc."
RENX,RenX Enterprises Corp.
REPL,"Replimune Group, Inc."
REPX,"Riley Exploration Permian, Inc."
RERE,ATRenew Inc. American Depositary Shares (every three of which representing two Class A ordinary shares)
RES,"RPC, Inc."
RESM,Columbia Research Enhanced Small Cap ETF
RETL,Direxion Daily Retail Bull 3X ETF
RETO,"ReTo Eco-Solutions, Inc. - Class A Shares"
REVB,"Revelation Biosciences, Inc."
REVBW,"Revelation Biosciences, Inc. - Warrant"
REVS,Columbia Research Enhanced Value ETF
REW,ProShares UltraShort Technology
REX,REX American Resources Corporation
REXC,Sprott Rare Earths Ex-China ETF
REXR,"Rexford Industrial Realty, Inc."
REYN,Reynolds Consumer Products Inc.
REZ,iShares Residential and Multisector Real Estate ETF
REZI,"Resideo Technologies, Inc."
RF,Regions Financial Corporation
RFAI,RF Acquisition Corp II
RFAIR,RF Acquisition Corp II - Right
RFAIU,RF Acquisition Corp II - Unit
RFAM,RF Acquisition Corp III
RFAMR,RF Acquisition Corp III - Rights
RFAMU,RF Acquisition Corp III - Units
RFCI,ALPS Dynamic Core Income ETF
RFDA,ALPS Dynamic US Dividend Advantage ETF
RFDI,First Trust RiverFront Dynamic Developed International ETF
RFEM,First Trust RiverFront Dynamic Emerging Markets ETF
RFFC,ALPS Active Equity Opportunity ETF
RFG,Invesco S&P MidCap 400 Pure Growth ETF
RFI,"Cohen & Steers Total Return Realty Fund, Inc."
RFIL,"RF Industries, Ltd."
RFIX,Simplify Bond Bull ETF
RFL,"Rafael Holdings, Inc."
RFLR,Innovator U.S. Small Cap Managed Floor ETF
RFM,"RiverNorth Flexible Municipal Income Fund, Inc."
RFMZ,"RiverNorth Flexible Municipal Income Fund II, Inc."
RFV,Invesco S&P MidCap 400 Pure Value ETF
RGA,"Reinsurance Group of America, Incorporated"
RGC,Regencell Bioscience Holdings Limited
RGCO,RGC Resources Inc.
RGEF,Rockefeller Global Equity ETF
RGEN,Repligen Corporation
RGLD,"Royal Gold, Inc."
RGLO,Russell Investments Global Equity ETF
RGNT,Regentis Biomaterials Ltd.
RGNX,REGENXBIO Inc.
RGP,"Resources Connection, Inc."
RGR,"Sturm, Ruger & Company, Inc."
RGS,Regis Corporation
RGT,"Royce Global Trust, Inc."
RGTC,Corgi RGTI 2x Daily ETF
RGTI,"Rigetti Computing, Inc.  - Common stock"
RGTIW,"Rigetti Computing, Inc.  - Redeemable warrants, each whole warrant exercisable for one Class A ordinary share at an exercise price of $11.50"
RGTU,Tradr 2X Long RGTI Daily ETF
RGTX,Defiance Daily Target 2X Long RGTI ETF
RGTZ,Defiance Daily Target 2x Short RGTI ETF
RGYY,GraniteShares YieldBoost RGTI ETF
RH,RH
RHI,Robert Half Inc.
RHLD,Resolute Holdings Management
RHP,"Ryman Hospitality Properties, Inc. (REIT)"
RHRX,RH Tactical Rotation ETF
RHTX,RH Tactical Outlook ETF
RIBB,Ribbon Acquisition Corp - Class A
RIBBR,Ribbon Acquisition Corp - Rights
RIBBU,Ribbon Acquisition Corp - Unit
RICK,"RCI Hospitality Holdings, Inc."
RIET,Hoya Capital High Dividend Yield ETF
RIFR,Russell Investments Global Infrastructure ETF
RIG,Transocean Ltd (Switzerland)
RIGL,"Rigel Pharmaceuticals, Inc."
RIGS,ALPS Strategic Income Fund
RILA,Indexperts Gorilla Aggressive Growth ETF
RILY,"BRC Group Holdings, Inc."
RILYG,"BRC Group Holdings, Inc. - 5.00% Senior Notes due 2026"
RILYL,"BRC Group Holdings, Inc. - Depositary Shares, each representing a 1/1000th fractional interest in a share of Series B Cumulative Perpetual Preferred Stock"
RILYN,"BRC Group Holdings, Inc. - 6.50% Senior Notes Due 2026"
RILYP,"BRC Group Holdings, Inc. - Depositary Shares, each representing a 1/1000th fractional interest in a share of Series A Cumulative Perpetual Preferred Stock"
RILYT,"BRC Group Holdings, Inc. - 6.00% Senior Notes Due 2028"
RILYZ,"BRC Group Holdings, Inc. - 5.25% Senior Notes due 2028"
RIME,"Algorhythm Holdings, Inc."
RINF,ProShares Inflation Expectations ETF
RING,iShares MSCI Global Gold Miners ETF
RINT,Russell Investments International Developed Equity ETF
RIO,Rio Tinto Plc
RIOT,"Riot Platforms, Inc."
RIOX,Defiance Daily Target 2X Long RIOT ETF
RISE,Pictet Emerging Markets Rising Economies ETF
RISN,Inspire Capital Appreciation ETF
RISR,FolioBeyond Alternative Income and Interest Rate Hedge ETF
RITA,ETFB Green SRI REITs ETF
RITM,Rithm Capital Corp.
RITR,Reitar Logtech Holdings Limited - Ordinary shares
RIV,"RiverNorth Opportunities Fund, Inc."
RIVC,Corgi RIVN 2x Daily ETF
RIVN,"Rivian Automotive, Inc."
RIZE,Principal Inflation Protection ETF
RJDI,RJ Eagle GCM Dividend Select Income ETF
RJET,Republic Airways Holdings Inc.
RJF,"Raymond James Financial, Inc."
RJMI,RJ Eagle Municipal Income ETF
RJVI,RJ Eagle Vertical Income ETF
RKDA,"Arcadia Biosciences, Inc."
RKLB,Rocket Lab Corporation
RKLX,Defiance Daily Target 2X Long RKLB ETF
RKLZ,Defiance Daily Target 2x Short RKLB ETF
RKNG,Defiance Retail Kings ETF
RKSG,Ruk Strategic Growth ETF
RKT,"Rocket Companies, Inc."
RKTL,Defiance Daily Target 2X Long RKT ETF
RKTO,Rocket One Inc.
RKX,Corgi RKLB 2x Daily ETF
RL,Ralph Lauren Corporation
RLAY,"Relay Therapeutics, Inc."
RLGT,"Radiant Logistics, Inc."
RLI,RLI Corp. Common Stock (DE)
RLJ,RLJ Lodging Trust Common Shares of Beneficial Interest $0.01 par value
RLMD,"Relmada Therapeutics, Inc."
RLTY,Cohen & Steers Real Estate Opportunities and Income Fund Common Shares of Beneficial Interest
RLX,"RLX Technology Inc. American Depositary Shares, each representing the right to receive one (1) Class A ordinary share"
RLY,State Street Multi-Asset Real Return ETF
RLYB,Rallybio Corporation
RM,Regional Management Corp.
RMAX,"RE/MAX Holdings, Inc."
RMBC,Corgi RMBS 2x Daily ETF
RMBI,"Richmond Mutual Bancorporation, Inc."
RMBS,"Rambus, Inc."
RMBX,Tradr 2X Long RMBS Daily ETF
RMCA,Rockefeller California Municipal Bond ETF
RMCF,"Rocky Mountain Chocolate Factory, Inc."
RMCO,Royalty Management Holding Corporation
RMCOW,Royalty Management Holding Corporation - Warrant
RMD,ResMed Inc.
RMHY,Global X Adaptive Risk Managed Yield ETF
RMI,"RiverNorth Opportunistic Municipal Income Fund, Inc."
RMIX,"Suncrete, Inc."
RMM,"RiverNorth Managed Duration Municipal Income Fund, Inc."
RMME,Rareview Government Money Market ETF
RMMZ,"RiverNorth Managed Duration Municipal Income Fund II, Inc."
RMNI,"Rimini Street, Inc."
RMNY,Rockefeller New York Municipal Bond ETF
RMOP,Rockefeller Opportunistic Municipal Bond ETF
RMR,The RMR Group Inc.
RMRC,ARMOR Core Risk-Managed ETF
RMSG,Real Messenger Corporation
RMSGW,Real Messenger Corporation - Warrants
RMT,"Royce Micro-Cap Trust, Inc."
RMTI,"Rockwell Medical, Inc."
RNA,"Atrium Therapeutics, Inc."
RNAC,"Cartesian Therapeutics, Inc."
RNAZ,"TransCode Therapeutics, Inc."
RND,First Trust Bloomberg R&D Leaders ETF
RNEM,Emerging Markets Equity Select ETF
RNG,"RingCentral, Inc."
RNGR,"Ranger Energy Services, Inc."
RNGT,Range Capital Acquisition Corp II - Class A
RNGTU,Range Capital Acquisition Corp II - Units
RNGTW,Range Capital Acquisition Corp II - Warrants
RNIN,Bushido Capital US SMID Cap Equity ETF
RNMN,RiverNorth Market Neutral ETF
RNP,"Cohen & Steers REIT and Preferred and Income Fund, Inc."
RNR,RenaissanceRe Holdings Ltd.
RNRG,Global X Renewable Energy Producers ETF
RNST,Renasant Corporation
RNTX,"Rein Therapeutics, Inc."
RNTY,YieldMax Target 12 Real Estate Option Income ETF
RNW,ReNew Energy Global plc - Class A Shares
RNWWW,ReNew Energy Global plc - Warrant
RNXT,"RenovoRx, Inc."
ROAD,"Construction Partners, Inc."
ROAM,Hartford Multifactor Emerging Markets ETF
ROBN,T-Rex 2X Long HOOD Daily Target ETF
ROBO,ROBO Global Robotics and Automation Index ETF
ROBT,First Trust Nasdaq Artificial Intelligence and Robotics ETF
ROC,Rank One Computing Corporation - Common stock
ROCK,"Gibraltar Industries, Inc."
ROCQ,JPMorgan Nasdaq Equity Premium Yield ETF
ROCY,JPMorgan Equity Premium Yield ETF
RODM,Hartford Multifactor Developed Markets (ex-US) ETF
ROE,Astoria US Equal Weight Quality Kings ETF
ROG,Rogers Corporation
ROIV,Roivant Sciences Ltd.
ROK,"Rockwell Automation, Inc."
ROKT,State Street SPDR S&P Kensho Final Frontiers ETF
ROKU,"Roku, Inc."
ROL,"Rollins, Inc."
ROLR,"High Roller Technologies, Inc."
ROM,ProShares Ultra Technology
ROMA,Roma Green Finance Limited - Class A
ROMO,Strategy Shares Newfound/ReSolve Robust Momentum ETF
RONB,Baron First Principles ETF
ROOT,"Root, Inc."
ROP,"Roper Technologies, Inc."
ROPE,Coastal Compass 100 ETF
ROSC,Hartford Multifactor Small Cap ETF
ROST,"Ross Stores, Inc."
ROUS,Hartford Multifactor U.S. Equity ETF
RPAR,RPAR Risk Parity ETF
RPAY,Repay Holdings Corporation
RPC,"Ridgepost Capital, Inc."
RPD,"Rapid7, Inc."
RPG,Invesco S&P 500 Pure Growth ETF
RPGL,Republic Power Group Limited - Class A
RPID,"Rapid Micro Biosystems, Inc."
RPM,RPM International Inc.
RPRX,Royalty Pharma plc - Class A
RPT,Rithm Property Trust Inc. Common stock
RPV,Invesco S&P 500 Pure Value ETF
RQI,Cohen & Steers Quality Income Realty Fund Inc
RR,Richtech Robotics Inc.
RRBI,"Red River Bancshares, Inc."
RRC,Range Resources Corporation
RREV,RRE Ventures Acquisition Corp. - Class A
RREVU,RRE Ventures Acquisition Corp. - Units
RREVW,RRE Ventures Acquisition Corp. - Warrants
RRGB,"Red Robin Gourmet Burgers, Inc."
RRR,"Red Rock Resorts, Inc."
RRX,Regal Rexnord Corporation
RS,"Reliance, Inc."
RSBA,Return Stacked Bonds & Merger Arbitrage ETF
RSBT,Return Stacked Bonds & Managed Futures ETF
RSBY,Return Stacked Bonds & Futures Yield ETF
RSDE,FT Vest U.S. Equity Equal Weight Buffer ETF - December
RSEE,Rareview Systematic Equity ETF
RSF,RiverNorth Capital and Income Fund
RSG,"Republic Services, Inc."
RSI,"Rush Street Interactive, Inc."
RSIT,Return Stacked International Stocks & Managed Futures ETF
RSJN,FT Vest U.S. Equity Equal Weight Buffer ETF - June
RSKD,Riskified Ltd. Class A
RSMC,Rockefeller U.S. Small-Mid Cap ETF
RSMR,FT Vest U.S. Equity Equal Weight Buffer ETF - March
RSMV,Relative Strength Managed Volatility Strategy ETF
RSP,Invesco S&P 500 Equal Weight ETF
RSPA,Invesco S&P 500 Equal Weight Income Advantage ETF
RSPC,Invesco S&P 500 Equal Weight Communication Services ETF
RSPD,Invesco S&P 500 Equal Weight Consumer Discretionary ETF
RSPE,Invesco ESG S&P 500 Equal Weight ETF
RSPF,Invesco S&P 500 Equal Weight Financial ETF
RSPG,Invesco S&P 500 Equal Weight Energy ETF
RSPH,Invesco S&P 500 Equal Weight Health Care ETF
RSPM,Invesco S&P 500 Equal Weight Materials ETF
RSPN,Invesco S&P 500 Equal Weight Industrials Portfolio
RSPR,Invesco S&P 500 Equal Weight Real Estate ETF
RSPS,Invesco S&P 500 Equal Weight Consumer Staples ETF
RSPT,Invesco S&P 500 Equal Weight Technology ETF
RSPU,Invesco S&P 500 Equal Weight Utilities ETF
RSSB,Return Stacked Global Stocks & Bonds ETF
RSSE,FT Vest U.S. Equity Equal Weight Buffer ETF  September
RSSL,Global X Russell 2000 ETF
RSSS,"Research Solutions, Inc"
RSST,Return Stacked U.S. Stocks & Managed Futures ETF
RSSX,Return Stacked U.S. Stocks & Gold/Bitcoin ETF
RSSY,Return Stacked U.S. Stocks & Futures Yield ETF
RSVR,"Reservoir Media, Inc.."
RTAC,Renatus Tactical Acquisition Corp I - Class A
RTACU,Renatus Tactical Acquisition Corp I - Unit
RTACW,Renatus Tactical Acquisition Corp I - Warrant
RTAI,Rareview Tax Advantaged Income ETF
RTB,"RTB Digital, Inc."
RTH,VanEck Retail ETF
RTO,Rentokil Initial plc American Depositary Shares (each representing five (5) Ordinary Shares)
RTOO,VistaShares Robotics Supercycle ETF
RTRE,Rareview Total Return Bond ETF
RTX,RTX Corporation
RTXG,Leverage Shares 2X Long RTX Daily ETF
RTYY,GraniteShares YieldBoost RIOT ETF
RUBI,Rubico Inc.
RULE,Adaptive Core ETF
RUM,RUM Group Inc.
RUMBW,RUM Group Inc. - Warrant
RUN,Sunrun Inc.
RUNN,Running Oak Efficient Growth ETF
RUSC,Russell Investments U.S. Small Cap Equity ETF
RUSHA,"Rush Enterprises, Inc."
RUSHB,"Rush Enterprises, Inc."
RVER,Trenchless Fund ETF
RVI,Robinhood Ventures Fund I Common Shares of Beneficial Interest
RVLV,"Revolve Group, Inc."
RVMD,"Revolution Medicines, Inc."
RVMDW,"Revolution Medicines, Inc. - Warrant"
RVNL,GraniteShares 2x Long RIVN Daily ETF
RVNU,Xtrackers Municipal Infrastructure Revenue Bond ETF
RVP,"Retractable Technologies, Inc."
RVSB,Riverview Bancorp Inc
RVSN,Rail Vision Ltd.
RVSNW,Rail Vision Ltd. - Warrant
RVT,"Royce Small-Cap Trust, Inc."
RVTY,"Revvity, Inc."
RW,Rainwater Equity ETF
RWAY,Runway Growth Finance Corp.
RWAYI,Runway Growth Finance Corp. - 7.25% Notes due 2031
RWAYL,Runway Growth Finance Corp. - 7.50% Notes due 2027
RWEM,Rayliant Wilshire NxtGen Emerging Markets Equity ETF
RWIN,Rayliant NxtGen Multifactor International Equity ETF
RWJ,Invesco S&P SmallCap 600 Revenue ETF
RWK,Invesco S&P MidCap 400 Revenue ETF
RWL,Invesco S&P 500 Revenue ETF
RWLC,Rayliant Wilshire NxtGen US Large Cap Equity ETF
RWM,ProShares Short Russell2000
RWO,State Street SPDR Dow Jones Global Real Estate ETF
RWR,State Street SPDR Dow Jones REIT ETF
RWT,"Redwood Trust, Inc."
RWTN,"Redwood Trust, Inc. 9.125% Senior Notes Due 2029"
RWTO,"Redwood Trust, Inc. 9.00% Senior Notes Due 2029"
RWTP,"Redwood Trust, Inc. 9.125% Senior Notes Due 2030"
RWTQ,"Redwood Trust, Inc. 9.500% Senior Notes Due 2030"
RWTS,"Redwood Trust, Inc. 9.75% Senior Notes Due 2031"
RWX,State Street SPDR Dow Jones International Real Estate ETF
RXD,ProShares UltraShort Health Care
RXI,iShares Global Consumer Discretionary ETF
RXL,ProShares Ultra Health Care
RXO,"RXO, Inc."
RXRX,"Recursion Pharmaceuticals, Inc."
RXST,"RxSight, Inc."
RXT,"Rackspace Technology, Inc."
RY,Royal Bank Of Canada
RYAAY,"Ryanair Holdings plc - American Depositary Shares, each representing five"
RYAM,Rayonier Advanced Materials Inc.
RYAN,"Ryan Specialty Holdings, Inc."
RYDE,Ryde Group Ltd. Class A
RYET,Ruanyun Edai Technology Inc. - Ordinary shares
RYLD,Global X Russell 2000 Covered Call ETF
RYLG,Global X Russell 2000 Covered Call & Growth ETF
RYM,"RYTHM, Inc."
RYN,Rayonier Inc. REIT
RYOJ,"rYojbaba Co., Ltd."
RYTM,"Rhythm Pharmaceuticals, Inc."
RYZ,Ryerson Holding Corporation
RZC,"Reinsurance Group of America, Incorporated 7.125% Fixed-Rate Reset Subordinated Debentures due 2052"
RZG,Invesco S&P SmallCap 600 Pure Growth ETF
RZLT,"Rezolute, Inc. - Common Stock (NV)"
RZLV,Rezolve AI PLC
RZLVW,Rezolve AI PLC - Warrants
RZV,Invesco S&P SmallCap 600 Pure Value ETF
S,"SentinelOne, Inc."
SA,"Seabridge Gold, Inc. Common Shares New"
SAA,ProShares Ultra SmallCap600
SAAQ,Space Asset Acquisition Corp. - Class A
SAAQU,Space Asset Acquisition Corp. - Units
SAAQW,Space Asset Acquisition Corp. - Warrants
SABA,Saba Capital Income & Opportunities Fund II Shares of Beneficial Interest
SABR,Sabre Corporation
SABS,"SAB Biotherapeutics, Inc."
SABSW,"SAB Biotherapeutics, Inc. - Warrant"
SAC,Safeguard Acquisition Corp. Class A
SACH,Sachem Capital Corp.
SAFE,Safehold Inc. New
SAFT,"Safety Insurance Group, Inc."
SAFX,"XCF Global, Inc."
SAGP,Strategas Global Policy Opportunities ETF
SAGT,SAGTEC GLOBAL LIMITED - Class A Ordinary shares
SAGU,Shreya Acquisition Group Class A
SAH,"Sonic Automotive, Inc."
SAIA,"Saia, Inc."
SAIC,Science Applications International Corporation
SAIH,SAIHEAT Limited - Class A
SAIHW,SAIHEAT Limited - Warrant
SAIL,"SailPoint, Inc."
SAJ,Saratoga Investment Corp 8.00% Notes due 2027
SAM,"Boston Beer Company, Inc. (The)"
SAMG,Silvercrest Asset Management Group Inc.
SAMM,Strategas Macro Momentum ETF
SAMT,Strategas Macro Thematic Opportunities ETF
SAN,"Banco Santander, S.A. Sponsored ADR (Spain)"
SANA,"Sana Biotechnology, Inc."
SANG,Sangoma Technologies Corporation
SANM,Sanmina Corporation
SAP,SAP  SE ADS
SAPH,SAP SE ADRhedged
SAR,Saratoga Investment Corp New
SARK,Tradr 1X Short Innovation Daily ETF
SARO,"StandardAero, Inc."
SASS,M.D. Sass Concentrated Value ETF
SAT,Saratoga Investment Corp 6.00% Notes due 2027
SATA,"Strive, Inc. - Variable Rate Series A Perpetual Preferred Stock"
SATL,Satellogic Inc.
SATLW,Satellogic Inc. - Warrant
SATO,Invesco Alerian Galaxy Crypto Economy ETF
SAUG,FT Vest U.S. Small Cap Moderate Buffer ETF - August
SAV,Saratoga Investment Corp 7.50% Notes due 2031
SAWG,AAM Sawgrass US Large Cap Quality Growth ETF
SAWS,AAM Sawgrass US Small Cap Quality Growth ETF
SAY,Saratoga Investment Corp 8.125% Notes due 2027
SAZ,Saratoga Investment Corp 8.50% Notes due 2028
SB,"Safe Bulkers, Inc Common Stock ($0.001 par value)"
SBAC,SBA Communications Corporation
SBAR,Simplify Barrier Income ETF
SBB,ProShares Short SmallCap600
SBC,SBC Medical Group Holdings Incorporated
SBCF,Seacoast Banking Corporation of Florida
SBCWW,SBC Medical Group Holdings Incorporated - Warrants
SBET,"Sharplink, Inc."
SBEV,"Splash Beverage Group, Inc. (NV)"
SBFG,"SB Financial Group, Inc."
SBFM,Sunshine Biopharma Inc. - Common stock
SBFMW,Sunshine Biopharma Inc. - Warrant
SBGI,"Sinclair, Inc."
SBH,"Sally Beauty Holdings, Inc. (Name to be changed from Sally Holdings, Inc.)"
SBI,Western Asset Intermediate Muni Fund Inc
SBIL,Simplify Government Money Market ETF
SBIO,ALPS Medical Breakthroughs ETF
SBIT,ProShares UltraShort Bitcoin ETF
SBLK,Star Bulk Carriers Corp.
SBMT,Silver Bow Mining Corp.
SBND,Columbia Short Duration Bond ETF
SBR,Sabine Royalty Trust
SBRA,"Sabra Health Care REIT, Inc."
SBS,Companhia de saneamento Basico Do Estado De Sao Paulo - Sabesp American Depositary Shares (Each repstg 250 Common Shares)
SBSI,"Southside Bancshares, Inc."
SBSW,D/B/A Sibanye-Stillwater Limited ADS
SBTU,T-REX 2X Long SBET Daily Target ETF
SBUX,Starbucks Corporation
SBXD,SilverBox Corp IV Class A
SBXE,SilverBox Corp V Class A
SCA,GraniteShares Autocallable SMCI ETF
SCAG,Scage Future
SCAGW,Scage Future - Warrants
SCAP,Infrastructure Capital Small Cap Income ETF
SCC,ProShares UltraShort Consumer Discretionary
SCCD,Sachem Capital Corp. 6.00% Notes due 2026
SCCE,Sachem Capital Corp. 6.00% Notes due 2027
SCCF,Sachem Capital Corp. 7.125% Notes due 2027
SCCG,Sachem Capital Corp. 8.00% Notes due 2027
SCCO,Southern Copper Corporation
SCCR,Schwab Core Bond ETF
SCD,LMP Capital and Income Fund Inc.
SCDL,ETRACS 2x Leveraged US Dividend Factor TR ETN
SCDS,JPMorgan Fundamental Data Science Small Core ETF
SCDV,Bahl & Gaynor Small Cap Dividend ETF
SCEC,Sterling Capital Enhanced Core Bond ETF
SCEP,Sterling Capital Hedged Equity Premium Income ETF
SCHA,Schwab U.S. Small-Cap ETF
SCHB,Schwab U.S. Broad Market ETF
SCHC,Schwab International Small-Cap Equity ETF
SCHD,Schwab US Dividend Equity ETF
SCHE,Schwab Emerging Markets Equity ETF
SCHF,Schwab International Equity ETF
SCHG,Schwab U.S. Large-Cap Growth ETF
SCHH,Schwab U.S. REIT ETF
SCHI,Schwab 5-10 Year Corporate Bond ETF
SCHJ,Schwab 1-5 Year Corporate Bond ETF
SCHK,Schwab 1000 Index ETF
SCHL,Scholastic Corporation
SCHM,Schwab U.S. Mid Cap ETF
SCHO,Schwab Short-Term U.S. Treasury ETF
SCHP,Schwab U.S. TIPS ETF
SCHQ,Schwab Long-Term U.S. Treasury ETF
SCHR,Schwab Intermediate-Term U.S. Treasury ETF
SCHV,Schwab U.S. Large-Cap Value ETF
SCHW,Charles Schwab Corporation (The)
SCHX,Schwab U.S. Large-Cap ETF
SCHY,Schwab International Dividend Equity ETF
SCHZ,Schwab US Aggregate Bond ETF
SCI,Service Corporation International
SCII,SC II Acquisition Corp. - Class A ordinary share
SCIIR,SC II Acquisition Corp. - Rights
SCIIU,SC II Acquisition Corp. - Units
SCIO,First Trust Structured Credit Income Opportunities ETF
SCJ,iShares MSCI Japan Sm Cap
SCJL,Corgi U.S. Small-Cap 15% Structured Buffer ETF - July Series
SCJN,Corgi U.S. Small-Cap 15% Structured Buffer ETF - June Series
SCKT,"Socket Mobile, Inc."
SCL,Stepan Company
SCLX,Scilex Holding Company
SCLXW,Scilex Holding Company - Warrant
SCLZ,Swan Enhanced Dividend Income ETF
SCM,Stellus Capital Investment Corporation
SCMB,Schwab Municipal Bond ETF
SCMC,Sterling Capital Multi-Strategy Income ETF
SCMY,Corgi U.S. Small-Cap 15% Structured Buffer ETF - May Series
SCNI,Scinai Immunotherapeutics Ltd.
SCNM,Sterling Capital National Municipal Bond ETF
SCNX,"Scienture Holdings, Inc."
SCO,ProShares UltraShort Bloomberg Crude Oil
SCOP,Sprott Physical Copper Trust Units
SCOR,"comScore, Inc."
SCOW,Pacer S&P SmallCap 600 Quality FCF Aristocrats ETF
SCPQ,Social Commerce Partners Corporation - Class A
SCPQU,Social Commerce Partners Corporation - Unit
SCPQW,Social Commerce Partners Corporation - Warrant
SCSB,Sterling Capital Short Duration Bond ETF
SCSC,"ScanSource, Inc."
SCTX,Scribe Therapeutics Inc.
SCUB,Sterling Capital Ultra Short Bond ETF
SCUS,Schwab Ultra-Short Income ETF
SCWO,374Water Inc. - common stock
SCYB,Schwab High Yield Bond ETF
SCYX,"SCYNEXIS, Inc."
SCZ,iShares MSCI EAFE Small-Cap ETF
SCZM,Santacruz Silver Mining Ltd.
SD,"SandRidge Energy, Inc."
SDA,SunCar Technology Group Inc.
SDAWW,SunCar Technology Group Inc. - Warrant
SDCI,USCF SummerHaven Dynamic Commodity Strategy No K-1 Fund
SDCP,Virtus Newfleet Short Duration Core Plus Bond ETF
SDD,ProShares UltraShort SmallCap600
SDEM,Global X MSCI SuperDividend Emerging Markets ETF
SDEV,Stablecoin Development Corporation
SDFI,AB Short Duration Income ETF
SDG,iShares MSCI Global Sustainable Development Goals ETF
SDGR,"Schrodinger, Inc."
SDHC,Smith Douglas Homes Corp.
SDHI,Siddhi Acquisition Corp - Class A Common stock
SDHIR,Siddhi Acquisition Corp - Right
SDHIU,Siddhi Acquisition Corp - Unit
SDHY,PGIM Short Duration High Yield Opportunities Fund
SDIV,Global X SuperDividend ETF
SDMF,Simplify DBi CTA Managed Futures Index ETF
SDOG,ALPS Sector Dividend Dogs ETF
SDOT,Sadot Group Inc.
SDOW,UltraPro Short Dow30
SDP,ProShares UltraShort Utilities
SDRL,Seadrill Limited
SDS,ProShares UltraShort S&P500
SDSI,American Century Short Duration Strategic Income ETF
SDST,Stardust Power Inc.
SDSTW,Stardust Power Inc. - Warrant
SDTY,YieldMax S&P 500 0DTE Covered Call Strategy ETF
SDUR,Aristotle Short Term Income ETF
SDVD,FT Vest SMID Rising Dividend Achievers Target Income ETF
SDVY,First Trust SMID Cap Rising Dividend Achievers ETF
SDY,State Street SPDR S&P Dividend ETF
SE,"Sea Limited American Depositary Shares, each representing one Class A Ordinary Share"
SEA,U.S. Global Sea to Sky Cargo ETF
SEAT,Vivid Seats Inc. - Class A common stock
SEATW,Vivid Seats Inc. - Warrant
SEB,Seaboard Corporation
SECR,NYLI MacKay Securitized Income ETF
SECT,Main Sector Rotation ETF
SECU,iShares Securitized Income Active ETF
SECZ,Securitize Corp.
SEDG,"SolarEdge Technologies, Inc."
SEED,Origin Agritech Limited
SEEM,SEI Select Emerging Markets Equity ETF
SEER,"Seer, Inc."
SEF,ProShares Short Financials
SEG,Seaport Entertainment Group Inc.
SEGG,Sports Entertainment Gaming Global Corporation
SEI,"Solaris Energy Infrastructure, Inc."
SEIC,SEI Investments Company
SEIE,SEI Select International Equity ETF
SEIM,SEI Enhanced U.S. Large Cap Momentum Factor ETF
SEIQ,SEI Enhanced U.S. Large Cap Quality Factor ETF
SEIS,SEI Select Small Cap ETF
SEIV,SEI Enhanced U.S. Large Cap Value Factor ETF
SEIX,Virtus Seix Senior Loan ETF
SELF,"Global Self Storage, Inc."
SELV,SEI Enhanced Low Volatility U.S. Large Cap ETF
SEMG,Suncoast Select Growth ETF
SEMI,Columbia Select Technology ETF
SEMY,GraniteShares YieldBOOST Semiconductor ETF
SENEA,Seneca Foods Corp.
SENEB,Seneca Foods Corp.
SENS,"Senseonics Holdings, Inc."
SEPI,Shelton Equity Premium Income ETF
SEPM,FT Vest U.S. Equity Max Buffer ETF - September
SEPN,"Septerna, Inc."
SEPP,PGIM S&P 500 Buffer 12 ETF - September
SEPT,AllianzIM U.S. Large Cap Buffer10 Sep ETF
SEPU,AllianzIM U.S. Equity Buffer15 Uncapped Sep ETF
SEPW,AllianzIM U.S. Large Cap Buffer20 Sep ETF
SEPZ,TrueShares Structured Outcome (September) ETF
SER,"Serina Therapeutics, Inc."
SERA,"Sera Prognostics, Inc."
SERV,Serve Robotics Inc.
SES,SES AI Corporation
SETH,ProShares Short Ether ETF
SETM,Sprott Critical Materials ETF
SEUS,SEI QiM U.S. Equity Factor Allocation Active ETF
SEV,Aptera Motors Corp.
SEVN,Seven Hills Realty Trust
SEZL,Sezzle Inc.
SF,Stifel Financial Corporation
SFB,Stifel Financial Corporation 5.20% Senior Notes due 2047
SFBC,"Sound Financial Bancorp, Inc."
SFBS,"ServisFirst Bancshares, Inc."
SFD,"Smithfield Foods, Inc."
SFEB,FT Vest U.S. Small Cap Moderate Buffer ETF - February
SFGV,Sequoia Global Value ETF
SFHG,Samfine Creation Holdings Group Limited - Class A Ordinary Share
SFIX,"Stitch Fix, Inc."
SFL,SFL Corporation Ltd
SFLO,VictoryShares Small Cap Free Cash Flow ETF
SFLR,Innovator Equity Managed Floor ETF
SFM,"Sprouts Farmers Market, Inc."
SFNC,Simmons First National Corporation
SFST,"Southern First Bancshares, Inc."
SFTX,Horizon International Managed Risk ETF
SFTY,Horizon Managed Risk ETF
SFWL,Shengfeng Development Limited - Class A
SFY,SoFi Select 500 ETF
SFYF,SoFi Social 50 ETF
SFYI,SoFi Social 50 Income ETF
SG,"Sweetgreen, Inc."
SGA,"Saga Communications, Inc."
SGC,"Superior Group of Companies, Inc."
SGDJ,Sprott Junior Gold Miners ETF
SGDM,Sprott Gold Miners ETF
SGHC,Super Group (SGHC) Limited
SGHT,"Sight Sciences, Inc."
SGI,Somnigroup International Inc.
SGLC,SGI U.S. Large Cap Core ETF
SGLY,Singularity Future Technology Ltd.
SGML,Sigma Lithium Corporation - common shares
SGMT,Sagimet Biosciences Inc. - Series A
SGOL,abrdn Physical Gold Shares ETF
SGOV,iShares 0-3 Month Treasury Bond ETF
SGP,"SpyGlass Pharma, Inc."
SGRT,SMART Earnings Growth 30 ETF
SGRW,Harbor Active Small Cap Growth ETF
SGRY,"Surgery Partners, Inc."
SGU,Star Group L.P.
SGVA,F/m Accumulator Ultrashort Treasury Fund
SGVT,Schwab Government Money Market ETF
SH,ProShares Short S&P500
SHAG,WisdomTree Yield Enhanced U.S. Short-Term Aggregate Bond Fund
SHAK,"Shake Shack, Inc."
SHAZ,"SharonAI Holdings, Inc."
SHBI,"Shore Bancshares, Inc."
SHC,Sotera Health Company
SHDG,Soundwatch Hedged Equity ETF
SHE,State Street SPDR MSCI USA Gender Diversity ETF
SHEH,Shell plc ADRhedged
SHEL,Shell PLC American Depositary Shares (each representing two (2) Ordinary Shares)
SHEN,Shenandoah Telecommunications Co
SHFS,"SHF Holdings, Inc."
SHFSW,"SHF Holdings, Inc. - Warrants"
SHG,Shinhan Financial Group Co Ltd
SHIM,Shimmick Corporation
SHIP,Seanergy Maritime Holdings Corp.
SHLD,Global X Defense Tech ETF
SHLS,"Shoals Technologies Group, Inc."
SHM,State Street SPDR Nuveen ICE Short Term Municipal Bond ETF
SHMD,SCHMID Group N.V. - Class A
SHMDW,SCHMID Group N.V. - Warrants
SHNY,"MicroSectors Gold 3X Leveraged ETNs due January 29, 2043"
SHO,"Sunstone Hotel Investors, Inc. Sunstone Hotel Investors, Inc."
SHOC,Strive U.S. Semiconductor ETF
SHOE,"Shoe Station Group, Inc."
SHOO,"Steven Madden, Ltd."
SHOP,Shopify Inc. - Class A Subordinate Voting Shares
SHOT,RMG ML Sports Holdings - Class A
SHOTR,RMG ML Sports Holdings - Rights
SHOTU,RMG ML Sports Holdings - Unit
SHPH,"Shuttle Pharmaceuticals Holdings, Inc. - common stock"
SHPP,Pacer Industrials and Logistics ETF
SHPU,Direxion Daily SHOP Bull 2X ETF
SHRD,Arimathea Catholic Core Bond ETF
SHRT,Gotham Short Strategies ETF
SHRY,First Trust Bloomberg Shareholder Yield ETF
SHUS,Stratified LargeCap Hedged ETF
SHV,iShares 0-1 Year Treasury Bond ETF
SHW,Sherwin-Williams Company (The)
SHY,iShares 1-3 Year Treasury Bond ETF
SHYD,VanEck Short High Yield Muni ETF
SHYG,iShares 0-5 Year High Yield Corporate Bond ETF
SHYL,Xtrackers Short Duration High Yield Bond ETF
SHYM,iShares Short Duration High Yield Muni Active ETF
SI,"Shoulder Innovations, Inc."
SIBN,"SI-BONE, Inc."
SID,Companhia Siderurgica Nacional S.A.
SIDU,"Sidus Space, Inc."
SIEB,Siebert Financial Corp.
SIF,"SIFCO Industries, Inc."
SIFI,Harbor Ares Systematic Multi-Sector Income ETF
SIFY,Sify Technologies Limited - American Depository Shares
SIG,Signet Jewelers Limited
SIGA,SIGA Technologies Inc.
SIGI,"Selective Insurance Group, Inc."
SIGIP,"Selective Insurance Group, Inc. - Depositary Shares, each representing a 1/1,000th interest in a share of 4.60% Non-Cumulative Preferred Stock, Series B"
SIHY,Harbor Ares Systematic High Yield ETF
SII,Sprott Inc.
SIJ,ProShares UltraShort Industrials
SIL,Global X Silver Miners ETF
SILC,Silicom Ltd
SILJ,Amplify Junior Silver Miners ETF
SILO,"Silo Pharma, Inc."
SIM,"Grupo Simec, S.A.B. de C.V."
SIMA,SIM Acquisition Corp. I - Class A
SIMAU,SIM Acquisition Corp. I - Unit
SIMAW,SIM Acquisition Corp. I - Warrant
SIMO,"Silicon Motion Technology Corporation - American Depositary Shares, each representing four ordinary shares"
SIMS,State Street SPDR S&P Kensho Intelligent Structures ETF
SIMX,Corgi SIMO 2x Daily ETF
SIND,Sinda Ltd.
SINT,"SiNtx Technologies, Inc."
SIO,Touchstone Strategic Income ETF
SION,"Sionna Therapeutics, Inc."
SIOO,VistaShares Target 15 S&P 100 Distribution ETF
SIRI,SiriusXM Holdings Inc.
SITC,SITE Centers Corp.
SITE,"SiteOne Landscape Supply, Inc."
SITM,SiTime Corporation
SIVR,abrdn Physical Silver Shares ETF
SIXA,ETC 6 Meridian Mega Cap Equity ETF
SIXD,AllianzIM U.S. Large Cap 6 Month Buffer10 Jun/Dec ETF
SIXF,AllianzIM U.S. Large Cap 6 Month Buffer10 Feb/Aug ETF
SIXH,ETC 6 Meridian Hedged Equity Index Option ETF
SIXJ,AllianzIM U.S. Large Cap 6 Month Buffer10 Jan/Jul ETF
SIXL,ETC 6 Meridian Low Beta Equity ETF
SIXO,AllianzIM U.S. Large Cap 6 Month Buffer10 Apr/Oct ETF
SIXP,AllianzIM U.S. Large Cap 6 Month Buffer10 Mar/Sep ETF
SIXS,ETC 6 Meridian Small Cap Equity ETF
SIXZ,AllianzIM U.S. Large Cap 6 Month Buffer10 May/Nov ETF
SIZE,iShares MSCI USA Size Factor ETF
SJ,Scienjoy Holding Corporation - Class A
SJB,ProShares Short High Yield
SJCP,SanJac Alpha Core Plus Bond ETF
SJLD,SanJac Alpha Low Duration ETF
SJM,The J.M. Smucker Company
SJNK,State Street SPDR Bloomberg Short Term High Yield Bond ETF
SJT,San Juan Basin Royalty Trust
SK,Corgi SK hynix 2x Daily ETF
SKDD,GraniteShares 2x Short SK Hynix Daily ETF
SKE,Skeena Resources Limited
SKF,ProShares UltraShort Financials
SKHA,Tradr 2X Long SK hynix Daily ETF
SKHL,Direxion Daily SK Hynix Bull 2X ETF
SKHN,Tradr 2X Short SK hynix Daily ETF
SKHU,ProShares Ultra SK hynix
SKHX,Leverage Shares 2X Long SK Hynix Daily ETF
SKHY,SK hynix Inc.
SKHZ,Leverage Shares 1X Short SK Hynix Daily ETF
SKIL,Skillsoft Corp.
SKIN,SkinHealth Systems Inc.
SKK,SKK Holdings Limited - Class A
SKM,"SK Telecom Co., Ltd."
SKOR,FlexShares Credit-Scored US Corporate Bond Index Fund
SKRE,Tuttle Capital Daily 2X Inverse Regional Banks ETF
SKT,Tanger Inc.
SKUU,GraniteShares 2x Long SK Hynix Daily ETF
SKWD,"Skyward Specialty Insurance Group, Inc."
SKY,"Champion Homes, Inc."
SKYA,"SkyAI, Inc."
SKYAW,"SkyAI, Inc. - Warrant"
SKYE,"Skye Bioscience, Inc."
SKYH,Sky Harbour Group Corporation
SKYQ,Sky Quarry Inc.
SKYT,"SkyWater Technology, Inc."
SKYU,ProShares Ultra Cloud Computing
SKYW,"SkyWest, Inc."
SKYX,SKYX Platforms Corp.
SKYY,First Trust Cloud Computing ETF
SLAB,"Silicon Laboratories, Inc."
SLB,SLB Limited
SLBT,SL Science Holding Limited
SLDB,Solid Biosciences Inc.
SLDE,"Slide Insurance Holdings, Inc."
SLDP,"Solid Power, Inc."
SLDPW,"Solid Power, Inc. - Warrant"
SLDR,Global X Short-Term Treasury Ladder ETF
SLE,"Super League Enterprise, Inc."
SLF,Sun Life Financial Inc.
SLG,SL Green Realty Corp
SLGB,Smart Logistics Global Limited - Class A
SLGL,Sol-Gel Technologies Ltd.
SLGN,Silgan Holdings Inc.
SLI,Standard Lithium Ltd.
SLJY,Amplify SILJ Junior Silver Miners Covered Call ETF
SLM,SLM Corporation
SLMBP,"SLM Corporation - Floating Rate Non-Cumulative Preferred Stock, Series B"
SLMT,Brera Holdings PLC - Class B
SLN,Silence Therapeutics Plc - American Depository Share
SLND,"Southland Holdings, Inc."
SLNG,"Stabilis Solutions, Inc."
SLNH,"Soluna Holdings, Inc."
SLNHP,"Soluna Holdings, Inc. - 9.0% Series A Cumulative Perpetual Preferred Stock"
SLNZ,TCW Senior Loan ETF
SLON,ProShares Ultra Solana ETF
SLP,"Simulations Plus, Inc."
SLQD,iShares 0-5 Year Investment Grade Corporate Bond ETF
SLQT,"SelectQuote, Inc."
SLRC,SLR Investment Corp. - Closed End Fund
SLS,"SELLAS Life Sciences Group, Inc."
SLSN,"Solesence, Inc. - Common stock"
SLSR,Solaris Resources Inc.
SLTY,YieldMax Ultra Short Option Income Strategy ETF
SLV,iShares Silver Trust
SLVM,Sylvamo Corporation
SLVO,"ETRACS Silver Shares Covered Call ETNs due April 21, 2033"
SLVP,iShares MSCI Global Silver and Metals Miners ETF
SLVR,Sprott Silver Miners & Physical Silver ETF
SLVX,Nicholas Silver Income ETF
SLVY,FT Vest Silver Strategy & Target Income ETF
SLWS,Wisdom Short Duration Income ETF
SLX,VanEck Steel ETF
SLXN,Silexion Therapeutics Corp
SLXNW,Silexion Therapeutics Corp - Warrant
SLYG,State Street SPDR S&P 600 Small Cap Growth ETF
SLYV,State Street SPDR S&P 600 Small Cap Value ETF
SM,SM Energy Company
SMA,"SmartStop Self Storage REIT, Inc."
SMAX,iShares Large Cap Max Buffer Sep ETF
SMAY,FT Vest U.S. Small Cap Moderate Buffer ETF - May
SMB,VanEck Short Muni ETF
SMBC,"Southern Missouri Bancorp, Inc."
SMBK,"SmartFinancial, Inc."
SMBS,Schwab Mortgage-Backed Securities ETF
SMC,Summit Midstream Corporation
SMCC,Corgi SMCI 2x Daily ETF
SMCF,Themes US Small Cap Cash Flow Champions ETF
SMCI,"Super Micro Computer, Inc."
SMCIP,"Super Micro Computer, Inc. - Depositary Shares Each Representing a 1/20th Interest in a Share of 7% Series A Mandatory Convertible Preferred Stock"
SMCL,GraniteShares 2x Long SMCI Daily ETF
SMCO,Hilton Small-MidCap Opportunity ETF
SMCP,SMART Mid Cap ETF
SMCX,Defiance Daily Target 2X Long SMCI ETF
SMCY,YieldMax SMCI Option Income Strategy ETF
SMCZ,Defiance Daily Target 2X Short SMCI ETF
SMDD,UltraPro Short MidCap400
SMDV,ProShares Russell 2000 Dividend Growers ETF
SMDX,Intech S&P Small-Mid Cap Diversified Alpha ETF
SMFG,Sumitomo Mitsui Financial Group Inc Unsponsored American Depositary Shares (Japan)
SMG,Scotts Miracle-Gro Company (The)
SMH,VanEck Semiconductor ETF
SMHB,ETRACS Monthly Pay 2x Leveraged Small Cap High Dividend ETN Series B
SMHC,VanEck China Semiconductor ETF
SMHI,SEACOR Marine Holdings Inc.
SMHX,VanEck Fabless Semiconductor ETF
SMID,Smith-Midland Corporation
SMIG,Bahl & Gaynor Small/Mid Cap Income Growth ETF
SMIN,Ishares MSCI India Small Cap ETF
SMIZ,Zacks Small/Mid Cap ETF
SMJF,SMJ International Holdings Inc. Class A
SMLF,iShares U.S. Small-Cap Equity Factor ETF
SMLL,Harbor Active Small Cap ETF
SMLV,State Street SPDR US Small Cap Low Volatility Index ETF
SMMD,iShares Russell 2500 ETF
SMMT,Summit Therapeutics Inc.
SMMU,Short Term Municipal Bond Active Exchange-Traded Fund
SMMV,iShares MSCI USA Small-Cap Min Vol Factor ETF
SMN,ProShares UltraShort Materials
SMOG,VanEck Low Carbon Energy ETF
SMOM,Symmetry Panoramic Sector Momentum ETF
SMOT,VanEck Morningstar SMID Moat ETF
SMOX,Horizon Small/Mid Cap Core Equity ETF
SMP,"Standard Motor Products, Inc."
SMPL,The Simply Good Foods Company
SMR,NuScale Power Corporation
SMRF,"ALPS Nautilus SMR, Nuclear & Technology ETF"
SMRI,Bushido Capital US Equity ETF
SMRT,"SmartRent, Inc."
SMRX,Corgi SMR 2x Daily ETF
SMSI,"Smith Micro Software, Inc."
SMST,Defiance Daily Target 2x Short MSTR ETF
SMTC,Semtech Corporation
SMTG,Leverage Shares 2X Long SMTC Daily ETF
SMTH,ALPS Smith Core Plus Bond ETF
SMTI,Sanara MedTech Inc.
SMTK,"SmartKem, Inc."
SMU,Tradr 2X Long SMR Daily ETF
SMUP,T-REX 2X Long SMR Daily Target ETF
SMWB,Similarweb Ltd.
SMX,SMX (Security Matters) Public Limited Company
SMXT,Solarmax Technology Inc.
SMXWW,SMX (Security Matters) Public Limited Company - Warrant
SMYY,GraniteShares YieldBOOST SMCI ETF
SMZ,Tradr 2X Short SMR Daily ETF
SN,"SharkNinja, Inc."
SNA,Snap-On Incorporated
SNAG,Leverage Shares 2x Long SNAP Daily ETF
SNAL,"Snail, Inc."
SNAP,Snap Inc.
SNAV,Mohr Sector Nav ETF
SND,"Smart Sand, Inc."
SNDA,"Sonida Senior Living, Inc."
SNDC,Corgi SNDK 2x Daily ETF
SNDG,Leverage Shares 2X Long SNDK Daily ETF
SNDK,Sandisk Corporation - Common Stock When-Issued
SNDL,SNDL Inc.
SNDQ,Tradr 2X Short SNDK Daily ETF
SNDR,"Schneider National, Inc."
SNDU,T-REX 2X Long SNDK Daily Target ETF
SNDX,"Syndax Pharmaceuticals, Inc."
SNES,"SenesTech, Inc."
SNEX,StoneX Group Inc.
SNFCA,Security National Financial Corporation
SNGX,"Soligenix, Inc."
SNK,GraniteShares 2x Short SpaceX Daily ETF
SNN,"Smith & Nephew SNATS, Inc."
SNOA,"Sonoma Pharmaceuticals, Inc."
SNOU,T-REX 2X Long SNOW Daily Target ETF
SNOV,FT Vest U.S. Small Cap Moderate Buffer ETF - November
SNOW,Snowflake Inc.
SNOY,YieldMax SNOW Option Income Strategy ETF
SNPD,Xtrackers S&P Dividend Aristocrats Screened ETF
SNPE,Xtrackers S&P 500 Scored & Screened ETF
SNPG,Xtrackers S&P 500 Growth Scored & Screened ETF
SNPS,"Synopsys, Inc."
SNSR,Global X Internet of Things ETF
SNT,Senstar Technologies Corporation
SNTG,Sentage Holdings Inc. - Class A
SNTH,MRP SynthEquity ETF
SNTI,"Senti Biosciences Holdings, Inc."
SNTQ,MRP SynthEquity Nasdaq 100 ETF
SNWV,"SANUWAVE Health, Inc."
SNX,TD SYNNEX Corporation
SNXX,Tradr 2X Long SNDK Daily ETF
SNY,Sanofi
SNYR,Synergy CHC Corp.
SO,Southern Company (The)
SOAR,"Volato Group, Inc."
SOBO,South Bow Corporation
SOBR,"SOBR Safe, Inc."
SOC,Sable Offshore Corp.
SOCA,Solarius Capital Acquisition Corp. - Class A Ordinary Share
SOCAU,Solarius Capital Acquisition Corp. - Units
SOCAW,Solarius Capital Acquisition Corp. - Warrant
SOCL,Global X Social Media ETF
SOEZ,Franklin Solana ETF
SOFA,Direxion Daily SOFI Bull 2X ETF
SOFC,Corgi SOFI 2x Daily ETF
SOFI,"SoFi Technologies, Inc."
SOFR,Amplify Samsung SOFR ETF
SOFX,Defiance Daily Target 2X Long SOFI ETF
SOGP,Sound Group Inc.
SOHU,Sohu.com Limited
SOJC,"Southern Company (The) Series 2017B 5.25% Junior Subordinated Notes due December 1, 2077"
SOJD,"Southern Company (The) Series 2020A 4.95% Junior Subordinated Notes due January 30, 2080"
SOJE,"Southern Company (The) Series 2020C 4.20% Junior Subordinated Notes due October 15, 2060"
SOJF,"Southern Company (The) Series 2025A 6.50% Junior Subordinated Notes due March 15, 2085"
SOLC,Canary Marinade Solana ETF
SOLM,Amplify Solana 3% Monthly Option Income ETF
SOLS,Solstice Advanced Materials Inc.
SOLT,2x Solana ETF
SOLV,Solventum Corporation
SOLZ,Solana ETF
SOMN,Southern Company (The) 2025 Series A Corporate Units
SON,Sonoco Products Company
SONM,"DNA X, Inc."
SONO,"Sonos, Inc."
SONY,Sony Group Corporation
SOPH,SOPHiA GENETICS SA
SOR,"Source Capital, Inc. Cmn Shs of BI"
SORA,AsiaStrategy
SORN,Soren Acquisition Corp. - Class A
SORNU,Soren Acquisition Corp. - Unit
SORNW,Soren Acquisition Corp. - Warrant
SOS,SOS Limited Class A
SOTK,Sono-Tek Corporation
SOUL,Soulpower Acquisition Corporation Class A
SOUN,"SoundHound AI, Inc."
SOUNW,"SoundHound AI, Inc. - Warrant"
SOUX,Defiance Daily Target 2X Long SOUN ETF
SOVF,Sovereign's Capital Flourish Fund
SOWG,Sow Good Inc.
SOXL,Direxion Daily Semiconductor Bull 3X ETF
SOXQ,Invesco PHLX Semiconductor ETF
SOXS,Direxion Daily Semiconductor Bear 3X ETF
SOXX,iShares PHLX SOX Semiconductor Sector Index Fund
SOXY,YieldMax Target 12 Semiconductor Option Income ETF
SOYB,Teucrium Soybean Fund ETV
SPAB,State Street SPDR Portfolio Aggregate Bond ETF
SPAI,Safe Pro Group Inc.
SPAL,GraniteShares 2x Long SpaceX Daily ETF
SPAM,Themes Cybersecurity ETF
SPAQ,Horizon Kinetics SPAC Active ETF
SPAX,T-REX 2X Long SPCX Daily Target ETF
SPB,"Spectrum Brands Holdings, Inc."
SPBC,Simplify US Equity PLUS Bitcoin Strategy ETF
SPBO,State Street SPDR Portfolio Corporate Bond ETF
SPBU,AllianzIM Buffer15 Uncapped Allocation ETF
SPBW,AllianzIM Buffer20 Allocation ETF
SPBX,AllianzIM 6 Month Buffer10 Allocation ETF
SPCB,"SuperCom, Ltd."
SPCE,"Virgin Galactic Holdings, Inc."
SPCF,ProShares Ultra SpaceX
SPCG,Tradr 2X Short SpaceX Daily ETF
SPCH,Leverage Shares 2X Long SPCX Daily ETF
SPCI,Tuttle Capital Space Industry Income Blast ETF
SPCK,SPAC and New Issue ETF
SPCL,Defiance Pure Space Daily 2X Strategy ETF
SPCM,Tradr 2X Long SpaceX Daily ETF
SPCQ,Defiance Daily Target 2X Short SPCX ETF
SPCT,Liberty One Spectrum ETF
SPCU,Defiance Daily Target 2X Long SPCX ETF
SPCX,Space Exploration Technologies Corp.
SPD,Simplify US Equity PLUS Downside Convexity ETF
SPDF,Defender Risk Adaptive 500 ETF
SPDG,State Street SPDR Portfolio S&P Sector Neutral Dividend ETF
SPDN,Direxion Daily S&P 500 Bear 1X ETF
SPDV,AAM S&P 500 High Dividend Value ETF
SPDW,State Street SPDR Portfolio Developed World ex-US ETF
SPE,"Special Opportunities Fund, Inc"
SPEG,Silver Pegasus Acquisition Corp - Class A
SPEGR,Silver Pegasus Acquisition Corp - Rights
SPEGU,Silver Pegasus Acquisition Corp - Unit
SPEM,State Street SPDR Portfolio Emerging Markets ETF
SPEU,State Street SPDR Portfolio Europe ETF
SPFF,Global X SuperIncome Preferred ETF
SPFI,"South Plains Financial, Inc."
SPG,"Simon Property Group, Inc."
SPGI,S&P Global Inc.
SPGM,State Street SPDR Portfolio MSCI Global Stock Market ETF
SPGP,Invesco S&P 500 GARP ETF
SPH,"Suburban Propane Partners, L.P."
SPHB,Invesco S&P 500 High Beta ETF
SPHD,Invesco S&P 500 High Dividend Low Volatility ETF
SPHL,Springview Holdings Ltd - Ordinary shares
SPHQ,Invesco S&P 500 Quality ETF
SPHR,Sphere Entertainment Co.
SPHY,State Street SPDR Portfolio High Yield Bond ETF
SPIB,State Street SPDR Portfolio Intermediate Term Corporate Bond ETF
SPIN,State Street US Equity Premium Income ETF
SPIP,State Street SPDR Portfolio TIPS ETF
SPIR,"Spire Global, Inc."
SPIT,F/m Emerald Special Situations ETF
SPKL,Spark I Acquisition Corp. - Class A Ordinary Share
SPKLU,Spark I Acquisition Corp. - Unit
SPKLW,Spark I Acquisition Corp. - Warrant
SPLB,State Street SPDR Portfolio Long Term Corporate Bond ETF
SPLS,PIMCO US Stocks PLUS Active Bond Exchange-Traded Fund
SPLV,Invesco S&P 500 Low Volatility ETF
SPMA,"Sound Point Meridian Capital, Inc. 8.00% Series A Preferred Shares Due 2029"
SPMB,State Street SPDR Portfolio Mortgage Backed Bond ETF
SPMC,"Sound Point Meridian Capital, Inc."
SPMD,State Street SPDR Portfolio S&P 400 Mid Cap ETF
SPME,"Sound Point Meridian Capital, Inc. 7.875% Series B Preferred Shares due 2030"
SPMO,Invesco S&P 500 Momentum ETF
SPNT,SiriusPoint Ltd.
SPOG,Leverage Shares 2X Long SPOT Daily ETF
SPOK,"Spok Holdings, Inc."
SPOT,Spotify Technology S.A.
SPPL,SIMPPLE LTD.
SPPP,Sprott Physical Platinum and Palladium Trust
SPRB,"Spruce Biosciences, Inc."
SPRC,SciSparc Ltd.
SPRE,SP Funds S&P Global REIT Sharia ETF
SPRO,"Spero Therapeutics, Inc."
SPRU,Spruce Power Holding Corporation
SPRX,Spear Alpha ETF
SPRY,"ARS Pharmaceuticals, Inc."
SPSB,State Street SPDR Portfolio Short Term Corporate Bond ETF
SPSC,"SPS Commerce, Inc."
SPSK,SP Funds Dow Jones Global Sukuk ETF
SPSM,State Street SPDR Portfolio S&P 600 Small Cap ETF
SPT,"Sprout Social, Inc"
SPTB,State Street SPDR Portfolio Treasury ETF
SPTE,SP Funds S&P Global Technology ETF
SPTI,State Street SPDR Portfolio Intermediate Term Treasury ETF
SPTL,State Street SPDR Portfolio Long Term Treasury ETF
SPTM,State Street SPDR Portfolio S&P 1500 Composite Stock Market ETF
SPTS,State Street SPDR Portfolio Short Term Treasury ETF
SPTU,State Street SPDR Portfolio Ultra Short T-Bill ETF
SPTX,"Seaport Therapeutics, Inc."
SPUC,Simplify US Equity Income ETF
SPUS,SP Funds S&P 500 Sharia Industry Exclusions ETF
SPUT,Innovator Equity Premium Income - Daily PutWrite ETF
SPUU,Direxion Daily S&P 500 Bull 2X ETF
SPVM,Invesco S&P 500 Value with Momentum ETF
SPWH,"Sportsman's Warehouse Holdings, Inc."
SPWO,SP Funds S&P World (ex-US) ETF
SPWR,SunPower Inc.
SPWRW,SunPower Inc. - Warrant
SPXC,"SPX Technologies, Inc."
SPXD,Xtrackers S&P 500 Diversified Sector Weight ETF
SPXE,ProShares S&P 500 Ex-Energy ETF
SPXL,Direxion Daily S&P 500 Bull 3X ETF
SPXN,ProShares S&P 500 Ex-Financials ETF
SPXS,Direxion Daily S&P 500 Bear 3X ETF
SPXT,ProShares S&P 500 Ex-Technology ETF
SPXU,ProShares UltraPro Short S&P500
SPXV,ProShares S&P 500 Ex-Health Care ETF
SPXX,Nuveen S&P 500 Dynamic Overwrite Fund
SPY,State Street SPDR S&P 500 ETF Trust
SPYA,Twin Oak Endure ETF
SPYC,Simplify US Equity PLUS Convexity ETF
SPYD,State Street SPDR Portfolio S&P 500 High Dividend ETF
SPYG,State Street SPDR Portfolio S&P 500 Growth ETF
SPYH,NEOS S&P 500 Hedged Equity Income ETF
SPYI,NEOS S&P 500 High Income ETF
SPYM,State Street SPDR Portfolio S&P 500 ETF
SPYQ,Tradr 2X Long SPY Quarterly ETF
SPYT,Defiance S&P 500 Target Income ETF
SPYU,"MAX S&P 500 4X Leveraged ETNs due October 30, 2043"
SPYV,State Street SPDR Portfolio S&P 500 Value ETF
SPYX,State Street SPDR S&P 500 Fossil Fuel Reserves Free ETF
SQFT,"Presidio Property Trust, Inc."
SQFTP,"Presidio Property Trust, Inc. - 9.375% Series D Cumulative Redeemable Perpetual Preferred Stock, $0.01 par value per share"
SQFTW,"Presidio Property Trust, Inc. - Series A Common Stock Purchase Warrants"
SQLT,iShares MSCI USA Small-Cap Quality Factor ETF
SQLV,Royce Quant Small-Cap Quality Value ETF
SQM,Sociedad Quimica y Minera S.A.
SQMX,FT Vest U.S. Equity Quarterly Max Buffer ETF
SQNS,Sequans Communications S.A. American Depositary Shares (each representing one hundred (100) Ordinary Shares)
SQQQ,ProShares UltraPro Short QQQ
SQS,Sapient Quality Select ETF
SR,Spire Inc.
SRAD,Sportradar Group AG - Class A
SRBK,"SR Bancorp, Inc. - Common stock"
SRCE,1st Source Corporation
SRE,DBA Sempra
SREA,DBA Sempra 5.750% Junior Subordinated Notes due 2079
SRET,Global X SuperDividend REIT ETF
SRFM,Surf Air Mobility Inc.
SRG,Seritage Growth Properties
SRHQ,SRH U.S. Quality GARP ETF
SRHR,SRH REIT Covered Call ETF
SRI,"Stoneridge, Inc."
SRJN,Spire Inc. 6.375% Junior Subordinated Notes due 2086
SRL,Scully Royalty Ltd.
SRLN,State Street Blackstone Senior Loan ETF
SROI,Calamos Antetokounmpo Global Sustainable Equities ETF
SRPT,"Sarepta Therapeutics, Inc."
SRRK,Scholar Rock Holding Corporation
SRS,ProShares UltraShort Real Estate
SRTA,"Strata Critical Medical, Inc."
SRTS,"Sensus Healthcare, Inc."
SRTY,ProShares UltraPro Short Russell2000
SRV,NXG Cushing Midstream Energy Fund Common Shares of Beneficial Interest
SRVR,Pacer Data & Infrastructure Real Estate ETF
SRXH,SRX Global Inc.
SRZN,"Surrozen, Inc."
SRZNW,"Surrozen, Inc. - Warrant"
SSAC,SPACSphere Acquisition Corp. - Class A
SSACR,SPACSphere Acquisition Corp. - Rights
SSACU,SPACSphere Acquisition Corp. - Unit
SSACW,SPACSphere Acquisition Corp. - Warrant
SSB,SouthState Bank Corporation
SSBI,Summit State Bank
SSCP,SMART Small Cap ETF
SSD,"Simpson Manufacturing Company, Inc."
SSEA,Starry Sea Acquisition Corp
SSEAR,Starry Sea Acquisition Corp - Rights
SSEAU,Starry Sea Acquisition Corp - Unit
SSFI,Day Hagan Smart Sector Fixed Income ETF
SSG,ProShares UltraShort Semiconductors
SSII,SS Innovations International Inc.
SSK,REX-Osprey SOL + Staking ETF
SSL,Sasol Ltd.
SSM,Sono Group N.V.
SSMG,Virtus Silvant Small/Mid Growth ETF
SSMR,Sunshine Silver Mining & Refining Company
SSNC,"SS&C Technologies Holdings, Inc."
SSO,ProShares Ultra S&P500
SSP,E.W. Scripps Company (The)
SSPC,Leverage Shares 2X Short SPCX Daily ETF
SSPY,Stratified LargeCap Index ETF
SSRM,SSR Mining Inc.
SSS,CYBER HORNET S&P 500 and Solana 75/25 Strategy ETF
SST,"System1, Inc."
SSTI,"SoundThinking, Inc."
SSTK,"Shutterstock, Inc."
SSUS,Day Hagan Smart Sector ETF
SSXU,Day Hagan Smart Sector International ETF
SSYS,"Stratasys, Ltd."
ST,Sensata Technologies Holding plc
STAA,STAAR Surgical Company
STAG,"Stag Industrial, Inc."
STAK,STAK Inc. - Class A
STAX,Nomura Tax-Free USA Short Term ETF
STBA,"S&T Bancorp, Inc."
STBF,Performance Trust Short Term Bond ETF
STBQ,Amplify Stablecoin Technology Leaders ETF
STC,Stewart Information Services Corporation
STCE,Schwab Crypto Thematic Natural Language Processing ETF
STDN,"Standard Nuclear, Inc."
STE,STERIS plc (Ireland)
STEM,"Stem, Inc."
STEN,iShares Large Cap 10% Target Buffer Sep ETF
STEP,StepStone Group Inc.
STEW,"SRH Total Return Fund, Inc."
STEX,Streamex Corp.
STFS,Star Fashion Culture Holdings Limited - Class A
STG,"Sunlands Technology Group American Depositary Shares, representing Class A ordinary shares"
STGW,Stagwell Inc.
STHH,STMicroelectronics NV ADRhedged
STHO,Star Holdings - Shares of Beneficial Interest
STI,"Solidion Technology, Inc."
STIM,"Neuronetics, Inc."
STIP,iShares 0-5 Year TIPS Bond ETF
STK,Columbia Seligman Premium Technology Growth Fund Inc
STKE,Sol Strategies Inc.
STKH,Steakholder Foods Ltd.
STKS,"The ONE Group Hospitality, Inc."
STLA,Stellantis N.V.
STLD,"Steel Dynamics, Inc."
STLR,Stellar ETF
STLU,2x Stellar ETF
STM,STMicroelectronics N.V.
STN,Stantec Inc
STNC,Hennessy Sustainable ETF
STNE,StoneCo Ltd. - Class A Common Share
STNG,Scorpio Tankers Inc.
STOK,"Stoke Therapeutics, Inc."
STOT,State Street DoubleLine Short Duration Total Return Tactical ETF
STOX,Horizon Core Equity ETF
STPZ,PIMCO 1-5 Year U.S. TIPS Index Exchange-Traded Fund
STRA,"Strategic Education, Inc."
STRC,Strategy Inc - Variable Rate Series A Perpetual Stretch Preferred Stock
STRD,Strategy Inc - 10.00% Series A Perpetual Stride Preferred Stock
STRF,Strategy Inc - 10.00% Series A Perpetual Strife Preferred Stock
STRK,Strategy Inc - 8.00% Series A Perpetual Strike Preferred Stock
STRL,"Sterling Infrastructure, Inc."
STRN,SMART Trend 25 ETF
STRO,"Sutro Biopharma, Inc."
STRR,"Star Equity Holdings, Inc."
STRRP,"Star Equity Holdings, Inc. - 10% Series A Cumulative Perpetual Preferred Stock"
STRS,Stratus Properties Inc.
STRT,STRATTEC SECURITY CORPORATION
STRW,"Strawberry Fields REIT, Inc."
STRZ,Starz Entertainment Corp.
STSM,Defiance Daily Target 2X Short TSM ETF
STT,State Street Corporation
STTK,"Shattuck Labs, Inc."
STUB,"StubHub Holdings, Inc."
STVN,Stevanato Group S.p.A.
STWD,"STARWOOD PROPERTY TRUST, INC. Starwood Property Trust Inc."
STX,Seagate Technology Holdings PLC - Ordinary Shares (Ireland)
STXD,Strive 1000 Dividend Growth ETF
STXE,Strive Emerging Markets Ex-China ETF
STXF,Strive 500 ETF
STXG,Strive 1000 Growth ETF
STXK,Strive Small-Cap ETF
STXL,Defiance Daily Target 2x Long STX ETF
STXS,"Stereotaxis, Inc."
STXT,Strive Total Return Bond ETF
STXU,Leverage Shares 2X Long STX Daily ETF
STXV,Strive 1000 Value ETF
STXX,Tradr 2X Long STX Daily ETF
STYL,Corgi Lifestyle Brands ETF
STZ,"Constellation Brands, Inc."
SU,Suncor Energy  Inc.
SUB,iShares Short-Term National Muni Bond ETF
SUGP,SU Group Holdings Limited - Class A
SUI,"Sun Communities, Inc."
SUIG,Sui Group Holdings Limited
SUIL,2x Sui ETF
SUIS,Canary Staked SUI ETF
SUJA,"Suja Life, Inc."
SUMA,SUMA Acquisition Corporation - Class A
SUMAR,SUMA Acquisition Corporation - Rights
SUMAU,SUMA Acquisition Corporation - Units
SUN,Sunoco LP Common Units representing limited partner interests
SUNB,"Sunbelt Rentals Holdings, Inc."
SUNC,"SunocoCorp LLC Common Units, representing limited liability company interests"
SUNE,"SUNation Energy, Inc."
SUNS,"Sunrise Realty Trust, Inc."
SUPL,ProShares Supply Chain Logistics ETF
SUPN,"Supernus Pharmaceuticals, Inc."
SUPP,TCW Transform Supply Chain ETF
SUPV,Grupo Supervielle S.A. American Depositary Shares each Representing five Class B shares
SUPX,SuperX AI Technology Limited
SURE,AdvisorShares Insider Advantage ETF
SURG,"SurgePays, Inc."
SURI,Simplify Propel Opportunities ETF
SUSA,iShares ESG Optimized MSCI USA ETF
SUSB,iShares ESG Aware 1-5 Year USD Corporate Bond ETF
SUSC,iShares ESG Aware USD Corporate Bond ETF
SUSL,iShares ESG MSCI USA Leaders ETF
SUZ,Suzano S.A. American Depositary Shares (each representing One Ordinary Share)
SVA,"Sinovac Biotech, Ltd. - Ordinary Shares (Antigua/Barbudo)"
SVAL,iShares US Small Cap Value Factor ETF
SVAQ,Silicon Valley Acquisition Corp. - Class A
SVAQU,Silicon Valley Acquisition Corp. - Units
SVAQW,Silicon Valley Acquisition Corp. - Warrants
SVC,Service Properties Trust - Common Shares of Beneficial Interest
SVCC,Stellar V Capital Corp. - Class A
SVCCU,Stellar V Capital Corp. - Unit
SVCCW,Stellar V Capital Corp. - Warrant
SVCO,"Silvaco Group, Inc."
SVIV,Spring Valley Acquisition Corp. IV - Class A
SVIVU,Spring Valley Acquisition Corp. IV - Units
SVIVW,Spring Valley Acquisition Corp. IV - Warrants
SVIX,-1x Short VIX Futures ETF
SVM,Silvercorp Metals Inc.
SVOL,Simplify Volatility Premium ETF
SVRA,"Savara, Inc."
SVRE,SaverOne 2014 Ltd.
SVREW,SaverOne 2014 Ltd. - Warrant
SVRN,OceanPal Inc.
SVV,"Savers Value Village, Inc."
SVXY,ProShares Short VIX Short Term Futures ETF
SW,Smurfit WestRock plc
SWAG,"Stran & Company, Inc."
SWAGW,"Stran & Company, Inc. - Warrant"
SWAN,Amplify BlackSwan Growth & Treasury Core ETF
SWBI,"Smith & Wesson Brands, Inc."
SWIM,"Latham Group, Inc."
SWK,"Stanley Black & Decker, Inc."
SWKHL,SWK Holdings Corporation - 9.00% Senior Notes due 2027
SWKS,"Skyworks Solutions, Inc."
SWMR,"Swarmer, Inc - common stock"
SWP,SWP Growth & Income ETF
SWVL,Swvl Holdings Corp
SWVLW,Swvl Holdings Corp - Warrant
SWX,"Southwest Gas Holdings, Inc. Common Stock (DE)"
SWZ,Total Return Securities Fund
SXC,"SunCoke Energy, Inc."
SXI,Standex International Corporation
SXQG,ETC 6 Meridian Quality Growth ETF
SXT,Sensient Technologies Corporation
SXTC,"China SXT Pharmaceuticals, Inc. - Class A"
SXTP,"60 Degrees Pharmaceuticals, Inc."
SXTPW,"60 Degrees Pharmaceuticals, Inc. - Warrant"
SY,So-Young International Inc. - American Depository Shares
SYBT,"Stock Yards Bancorp, Inc."
SYF,Synchrony Financial
SYFI,AB Short Duration High Yield ETF
SYK,Stryker Corporation
SYLD,Cambria Shareholder Yield ETF
SYM,Symbotic Inc.
SYNA,Synaptics Incorporated
SYNX,Silynxcom Ltd.
SYPR,"Sypris Solutions, Inc."
SYRE,"Spyre Therapeutics, Inc."
SYSB,iShares Systematic Bond ETF
SYY,Sysco Corporation
SYZ,Lazard US Systematic Small Cap Equity ETF
SZK,ProShares UltraShort Consumer Staples
SZZL,Sizzle Acquisition Corp. II - Class A ordinary shares
SZZLR,Sizzle Acquisition Corp. II - Right
SZZLU,Sizzle Acquisition Corp. II - Unit
T,AT&T Inc.
TABD,Transamerica Bond Active ETF
TAC,TransAlta Corporation
TACH,Titan Acquisition Corp. - Class A
TACHU,Titan Acquisition Corp. - Units
TACHW,Titan Acquisition Corp. - Warrants
TACK,Fairlead Tactical Sector ETF
TACN,T. Rowe Price Active Core International Equity ETF
TACO,Berto Acquisition Corp.
TACOU,Berto Acquisition Corp. - unit
TACOW,Berto Acquisition Corp. - Warrant
TACT,TransAct Technologies Incorporated
TACU,T. Rowe Price Active Core U.S. Equity ETF
TAFI,AB Tax-Aware Short Duration Municipal ETF
TAFL,AB Tax-Aware Long Municipal ETF
TAFM,AB Tax-Aware Intermediate Municipal ETF
TAGG,T. Rowe Price QM U.S. Bond ETF
TAGS,Teucrium Agricultural Fund ETV
TAIL,Cambria Tail Risk ETF
TAJX,Corgi India 2x Daily ETF
TAK,Takeda Pharmaceutical Company Limited American Depositary Shares (each representing 1/2 of a share of Common Stock)
TAL,TAL Education Group
TALK,"Talkspace, Inc."
TALO,"Talos Energy, Inc."
TALV,Transamerica Large Value Active ETF
TAN,Invesco Solar ETF
TANH,Tantech Holdings Ltd. - Class A
TAOP,Taoping Inc.
TAOX,Tao Synergies Inc.
TAOZ,Thornburg American Opportunities Fund
TAP,Molson Coors Beverage Company
TAPR,Innovator Equity Defined Protection ETF - 2 Yr to April 2027
TARA,"Protara Therapeutics, Inc."
TARK,Tradr 2X Long Innovation ETF
TARS,"Tarsus Pharmaceuticals, Inc."
TASK,"TaskUs, Inc."
TATT,TAT Technologies Ltd.
TAVI,Tavia Acquisition Corp.
TAVIR,Tavia Acquisition Corp. - Right
TAVIU,Tavia Acquisition Corp. - Unit
TAX,Cambria Tax Aware ETF
TAXE,Intermediate Municipal Income ETF
TAXF,American Century Diversified Municipal Bond ETF
TAXI,Northern Trust Intermediate Tax-Exempt Bond ETF
TAXM,BondBloxx IR+M Tax-Aware ETF for Massachusetts Residents
TAXS,Northern Trust Short-Term Tax-Exempt Bond ETF
TAXT,Northern Trust Tax-Exempt Bond ETF
TAXX,BondBloxx IR+M Tax-Aware Short Duration ETF
TAYD,"Taylor Devices, Inc."
TBB,AT&T Inc. 5.350% Global Notes due 2066
TBBB,BBB Foods Inc. Class A
TBBK,"The Bancorp, Inc."
TBCH,Turtle Beach Corporation
TBF,ProShares Short 20+ Year Treasury
TBFC,The Brinsmere Fund  Conservative ETF
TBFG,The Brinsmere Fund Growth ETF
TBG,TBG Dividend Focus ETF
TBI,"TrueBlue, Inc."
TBIL,F/m US Treasury 3 Month Bill Fund
TBJL,Innovator 20  Year Treasury Bond 9 Buffer ETF - July
TBLA,Taboola.com Ltd.
TBLD,Thornburg Income Builder Opportunities Trust - Closed End Fund
TBLL,Invesco Short Term Treasury ETF
TBLU,Tortoise Global Water ETF
TBN,Tamboran Resources Corporation Common stock
TBPH,"Theravance Biopharma, Inc."
TBT,ProShares UltraShort Lehman 20  Year Treasury
TBUX,T. Rowe Price Ultra Short-Term Bond ETF
TBX,ProShares Short 7 10 Year Treasury
TBXU,Direxion Daily Biotech Top 5 Bull 2X ETF
TC,Token Cat Limited
TCAF,T. Rowe Price Capital Appreciation Equity ETF
TCAI,Tortoise AI Infrastructure ETF
TCAL,T. Rowe Price Capital Appreciation Premium Income ETF
TCAN,21Shares Canton Network ETF
TCBI,"Texas Capital Bancshares, Inc."
TCBIO,"Texas Capital Bancshares, Inc. - Depositary Shares 5.75% Fixed Rate Non-Cumulative Perpetual Preferred Stock Series B"
TCBK,TriCo Bancshares
TCBS,"Texas Community Bancshares, Inc."
TCBX,"Third Coast Bancshares, Inc."
TCHI,iShares MSCI China Multisector Tech ETF
TCHP,T. Rowe Price Blue Chip Growth ETF
TCI,"Transcontinental Realty Investors, Inc."
TCMD,"Tactile Systems Technology, Inc."
TCOM,Trip.com Group Limited
TCPA,TransCanada PipeLines Limited 6.250% Junior Subordinated Notes due 2085
TCPB,Thrivent Core Plus Bond ETF
TCPC,BlackRock TCP Capital Corp. - Closed End Fund
TCRT,"Alaunos Therapeutics, Inc."
TCRX,"TScan Therapeutics, Inc."
TCV,Towle Value ETF
TCX,Tucows Inc.
TD,Toronto Dominion Bank (The)
TDAC,Translational Development Acquisition Corp.
TDACU,Translational Development Acquisition Corp. - Units
TDACW,Translational Development Acquisition Corp. - Warrants
TDAQ,TappAlpha Innovation 100 Growth & Daily Income ETF
TDAX,TDAQ Lift ETF
TDAY,"USA TODAY Co., Inc."
TDC,Teradata Corporation
TDCL,GraniteShares 2x Long TDC Daily ETF
TDEC,FT Vest Emerging Markets Buffer ETF - December
TDF,"Templeton Dragon Fund, Inc."
TDG,Transdigm Group Incorporated
TDI,Touchstone Dynamic International ETF
TDIC,Dreamland Limited - Class A
TDIV,First Trust NASDAQ Technology Dividend Index Fund
TDOC,"Teladoc Health, Inc."
TDOG,21shares Dogecoin ETF
TDOT,21shares Polkadot ETF
TDS,"Telephone and Data Systems, Inc."
TDSB,ETC Cabana Target Beta ETF
TDSC,ETC Cabana Target Drawdown 10 ETF
TDTF,FlexShares iBoxx 5 Year Target Duration TIPS Index Fund
TDTH,Trident Digital Tech Holdings Ltd - Class B
TDTT,FlexShares iBoxx 3 Year Target Duration TIPS Index Fund
TDUP,ThredUp Inc.
TDV,ProShares S&P Technology Dividend Aristocrats ETF
TDVG,T. Rowe Price Dividend Growth ETF
TDVI,FT Vest Technology Dividend Target Income ETF
TDW,Tidewater Inc.
TDWD,Tailwind 2.0 Acquisition Corp. - Class A
TDWDR,Tailwind 2.0 Acquisition Corp. - Rights
TDWDU,Tailwind 2.0 Acquisition Corp. - Unit
TDY,Teledyne Technologies Incorporated
TE,T1 Energy Inc.
TEAD,Teads Holding Co.
TEAM,Atlassian Corporation
TEC,Harbor Transformative Technologies ETF
TECB,iShares U.S. Tech Breakthrough Multisector ETF
TECH,Bio-Techne Corp
TECK,Teck Resources Ltd
TECL,Direxion Daily Technology Bull 3X ETF
TECS,Direxion Technology Bear 3X ETF
TECX,"Tectonic Therapeutic, Inc."
TECY,GraniteShares YieldBOOST Technology ETF
TEI,"Templeton Emerging Markets Income Fund, Inc."
TEK,iShares Technology Opportunities Active ETF
TEKX,State Street Galaxy Transformative Tech Accelerators ETF
TEKY,Lazard Next Gen Technologies ETF
TEL,TE Connectivity plc
TELA,"TELA Bio, Inc. - Common stock"
TELG,Leverage Shares 2X Long TEL Daily ETF
TELO,"Telomir Pharmaceuticals, Inc."
TEM,"Tempus AI, Inc."
TEMC,Corgi TEM 2x Daily ETF
TEMD,Templeton Emerging Markets Debt ETF
TEMR,T. Rowe Price Emerging Markets Equity Research ETF
TEMT,Tradr 2X Long TEM Daily ETF
TEMX,Touchstone Sands Capital Emerging Markets ex-China Growth ETF
TEN,Tsakos Energy Navigation Ltd
TENB,"Tenable Holdings, Inc."
TEND,iShares Large Cap 10% Target Buffer Dec ETF
TENJ,iShares Large Cap 10% Target Buffer Jun ETF
TENM,iShares Large Cap 10% Target Buffer Mar ETF
TENX,"Tenax Therapeutics, Inc."
TEO,Telecom Argentina SA
TEQI,T. Rowe Price Equity Income ETF
TER,"Teradyne, Inc."
TERC,Corgi TER 2x Daily ETF
TERG,Leverage Shares 2X Long TER Daily ETF
TESC,Corgi TSLA 2x Daily ETF
TESL,Simplify Volt TSLA Revolution ETF
TEST,YieldMax TSLA Performance & Distribution Target 25 ETF
TETH,21Shares Ethereum ETF
TEUP,T-REX 2X Long TE Daily Target ETF
TEVA,Teva Pharmaceutical Industries Limited
TEX,Terex Corporation
TEXN,iShares Texas Equity ETF
TEXU,Direxion Daily Energy Top 5 Bull 2X ETF
TEXX,Horizon Kinetics Texas ETF
TFC,Truist Financial Corporation
TFFI,Chesapeake Trend-Following Fixed Income ETF
TFGZ,Thornburg Focus Growth Fund
TFI,State Street SPDR Nuveen ICE Municipal Bond ETF
TFII,TFI International Inc.
TFIN,"Triumph Financial, Inc."
TFJL,Innovator 20  Year Treasury Bond 5 Floor ETF - July
TFLO,iShares Treasury Floating Rate Bond ETF
TFLR,T. Rowe Price Floating Rate ETF
TFNS,T. Rowe Price Financials ETF
TFPM,Triple Flag Precious Metals Corp.
TFPN,Blueprint Chesapeake Multi-Asset Trend ETF
TFSL,TFS Financial Corporation
TFX,Teleflex Incorporated
TG,Tredegar Corporation
TGB,Trekor Metals Limited
TGE,The Generation Essentials Group Class A
TGEN,Tecogen Inc.
TGHL,The GrowHub Limited - Class A
TGL,Treasure Global Inc.
TGLB,T. Rowe Price Global Equity ETF
TGLR,Wedbush LAFFER TENGLER New Era Value ETF
TGLS,Tecnoglass Holdings Inc.
TGRT,T. Rowe Price Growth ETF
TGRW,T. Rowe Price Growth Stock ETF
TGS,Transportadora de Gas del Sur SA TGS
TGT,Target Corporation
TGTX,"TG Therapeutics, Inc."
TH,Target Hospitality Corp.
THC,Tenet Healthcare Corporation
THCH,TH International Limited - Ordinary shares
THD,iShares MSCI Thailand ETF
THEQ,T. Rowe Price Hedged Equity ETF
THFF,First Financial Corporation
THG,Hanover Insurance Group Inc
THH,TryHard Holdings Limited
THIR,THOR Index Rotation ETF
THLV,THOR Equal Weight Low Volatility ETF
THM,"International Tower Hill Mines, Ltd. Ordinary Shares (Canada)"
THMR,THOR AdaptiveRisk Dynamic ETF
THMZ,Lazard Equity Megatrends ETF
THNQ,ROBO Global Artificial Intelligence ETF
THNR,Amplify Weight Loss Drug & Treatment ETF
THO,"Thor Industries, Inc."
THOR,Thornburg Premium Income Builder ETF
THQ,abrdn Healthcare Opportunities Fund Shares of Beneficial Interest
THRM,Gentherm Inc
THRO,iShares U.S. Thematic Rotation Active ETF
THRV,Prospera Income ETF
THRY,"Thryv Holdings, Inc."
THTA,SoFi Enhanced Yield ETF
THW,abrdn World Healthcare Fund Shares of Beneficial Interest
THY,Toews Agility Shares Dynamic Tactical Income ETF
THYF,T. Rowe Price U.S. High Yield ETF
THYM,T. Rowe Price High Income Municipal ETF
THYP,21shares Hyperliquid ETF
TIC,"TIC Solutions, Inc."
TIER,T. Rowe Price International Equity Research ETF
TIGO,Millicom International Cellular S.A.
TIGR,UP Fintech Holding Limited - American Depositary Shares representing fifteen Class A
TII,Titan Mining Corporation
TIIV,AAM Todd International Intrinsic Value ETF
TIL,"Instil Bio, Inc."
TILC,Thrivent International Large Cap ETF
TILE,"Interface, Inc."
TILL,Teucrium Agricultural Strategy No K-1 ETF
TILT,FlexShares Mornigstar US Market Factors Tilt Index Fund ETF
TIMB,TIM S.A. American Depositary Shares (Each representing 5 Common Shares)
TIME,Clockwise U.S. Core Equity ETF
TINS,Templeton International Insights ETF
TINT,ProShares Smart Materials ETF
TINY,ProShares Nanotechnology ETF
TIP,iShares TIPS Bond ETF
TIPA,Northern Trust 2030 Inflation-Linked Distributing Ladder ETF
TIPB,Northern Trust 2035 Inflation-Linked Distributing Ladder ETF
TIPC,Northern Trust 2045 Inflation-Linked Distributing Ladder ETF
TIPD,Northern Trust 2055 Inflation-Linked Distributing Ladder ETF
TIPT,Tiptree Inc.
TIPX,State Street SPDR Bloomberg 1a??10 Year TIPS ETF
TIPZ,PIMCO Broad U.S. TIPS Index Exchange-Traded Fund
TISC,Thrivent International Small Cap ETF
TISI,"Team, Inc."
TITN,Titan Machinery Inc.
TJAN,Innovator Equity Defined Protection ETF - 2 Yr to January 2027
TJGC,TJGC Group Limited - ordinary shares
TJUL,Innovator Equity Defined Protection ETF - 2 Yr to July 2027
TJUN,FT Vest Emerging Markets Buffer ETF - June
TJX,"TJX Companies, Inc. (The)"
TK,Teekay Corporation Ltd.
TKC,Turkcell Iletisim Hizmetleri AS
TKLF,"Tokyo Lifestyle Co., Ltd."
TKNO,"Alpha Teknova, Inc."
TKNQ,Amplify Tokenization Technology Leaders ETF
TKNS,21Shares Active Crypto ETF
TKNZ,T. Rowe Price Active Crypto ETF
TKO,"TKO Group Holdings, Inc."
TKR,Timken Company (The)
TLA,GraniteShares Autocallable TSLA ETF
TLCI,Touchstone International Equity ETF
TLDR,The Laddered T-Bill ETF
TLF,"Tandy Leather Factory, Inc. - common stock"
TLG,Touchstone Large Company Growth ETF
TLH,iShares 10-20 Year Treasury Bond ETF
TLIH,Ten-League International Holdings Limited
TLK,"PT Telekomunikasi Indonesia, Tbk"
TLN,Talen Energy Corporation
TLNC,Talon Capital Corp. - Class A
TLNCU,Talon Capital Corp. - Units
TLNCW,Talon Capital Corp. - Warrants
TLPH,"Talphera, Inc."
TLRY,"Tilray Brands, Inc."
TLS,Telos Corporation
TLSA,Tiziana Life Sciences Ltd
TLSI,"TriSalus Life Sciences, Inc."
TLSIW,"TriSalus Life Sciences, Inc. - Warrant"
TLT,iShares 20+ Year Treasury Bond ETF
TLTD,FlexShares Morningstar Developed Markets ex-US Factor Tilt Index Fund
TLTE,FlexShares Morningstar Emerging Markets Factor Tilt Index Fund
TLTI,NEOS Enhanced Income 20+ Year Treasury Bond ETF
TLTP,Amplify TLT U.S. Treasury 12% Option Income ETF
TLTW,iShares 20+ Year Treasury Bond BuyWrite Strategy ETF
TLTX,Global X Treasury Bond Enhanced Income ETF
TLX,Telix Pharmaceuticals Limited
TLYS,"Tilly's, Inc."
TM,Toyota Motor Corporation
TMAR,FT Vest Emerging Markets Buffer ETF - March
TMAT,Main Thematic Innovation ETF
TMB,Thornburg Multi Sector Bond ETF
TMC,TMC the metals company Inc.
TMCI,"Treace Medical Concepts, Inc."
TMCR,The Metals Royalty Company Inc.
TMCWW,TMC the metals company Inc. - Warrant
TMDE,TMD Energy Limited
TMDV,ProShares Russell US Dividend Growers ETF
TMDX,"TransMedics Group, Inc."
TME,"Tencent Music Entertainment Group American Depositary Shares, each representing two Class A"
TMED,T. Rowe Price Health Care ETF
TMF,Direxion Daily 20-Yr Treasury Bull 3x Shrs
TMFC,Motley Fool 100 Index ETF
TMFE,Motley Fool Capital Efficiency 100 Index ETF
TMFG,Motley Fool Global Opportunities ETF
TMFM,Motley Fool Mid-Cap Growth ETF
TMFS,Motley Fool Small-Cap Growth ETF
TMFX,Motley Fool Next Index ETF
TMGN,TappAlpha Cboe Magnificent 10 Growth & Daily Income ETF
TMH,Toyota Motor Corporation ADRhedged
TMLP,Tortoise MLP ETF
TMNL,T. Rowe Price Long Municipal Income ETF
TMNS,T. Rowe Price Short Municipal Income ETF
TMO,Thermo Fisher Scientific Inc
TMP,Tompkins Financial Corporation
TMQ,Trilogy Metals Inc.
TMS,Teamshares Inc.
TMSF,T. Rowe Price Multi-Sector Income ETF
TMSL,T. Rowe Price Small-Mid Cap ETF
TMSWW,Teamshares Inc. - Warrants
TMTS,Spartacus Acquisition Corp. II - Class A
TMTSU,Spartacus Acquisition Corp. II - Unit
TMTSW,Spartacus Acquisition Corp. II - Warrants
TMUS,"T-Mobile US, Inc."
TMUSI,"T-Mobile US, Inc. - 5.500% Senior Notes due June 2070"
TMUSL,"T-Mobile US, Inc. - 6.250% Senior Notes due 2069"
TMUSZ,"T-Mobile US, Inc. - 5.500% Senior Notes due March 2070"
TMV,Direxion Daily 20-Year Treasury Bear 3X
TMVE,Thrivent Mid Cap Value ETF
TMYY,GraniteShares YieldBOOST TSM ETF
TNA,Direxion Small Cap Bull 3X ETF
TNC,Tennant Company
TNDM,"Tandem Diabetes Care, Inc."
TNET,"TriNet Group, Inc."
TNGX,"Tango Therapeutics, Inc."
TNGY,Tortoise Energy ETF
TNK,Teekay Tankers Ltd.
TNL,Travel   Leisure Co. Common  Stock
TNMG,TNL Mediagene
TNON,"Tenon Medical, Inc."
TNONW,"Tenon Medical, Inc. - Warrant"
TNUK,Tortoise Nuclear Renaissance ETF
TNXP,Tonix Pharmaceuticals Holding Corp.
TNXT,T. Rowe Price Innovation Leaders ETF
TNYA,"Tenaya Therapeutics, Inc."
TOAK,Manager Directed Portfolios Twin Oak Short Horizon Absolute Return ETF
TOAO,Twin Oak Active Opportunities III ETF
TOCT,Innovator Equity Defined Protection ETF - 2 Yr to October 2027
TOGA,Managed Portfolio Series Tremblant Global ETF
TOI,"The Oncology Institute, Inc."
TOIIW,"The Oncology Institute, Inc. - Warrant"
TOK,iShares MSCI Kokusai ETF
TOL,"Toll Brothers, Inc."
TOLL,Tema Monopolies and Oligopolies ETF
TOLZ,ProShares DJ Brookfield Global Infrastructure ETF
TOMZ,"TOMI Environmental Solutions, Inc."
TONT,Graf Global Corp. Class A ordinary shares
TONX,TON Strategy Company
TOON,"Kartoon Studios, Inc."
TOP,TOP Financial Group Limited - Class A
TOPC,iShares S&P 500 3% Capped ETF
TOPP,Toppoint Holdings Inc.
TOPS,"TOP Ships, Inc."
TOPT,iShares Top 20 U.S. Stocks ETF
TOPW,Roundhill Top WeeklyPay ETF
TORO,Toro Corp. - Common stock
TOS,Twin Oak Strategic Solutions ETF
TOST,"Toast, Inc."
TOT,LionShares U.S. Equity Total Return ETF
TOTL,State Street DoubleLine Total Return Tactical ETF
TOTR,T. Rowe Price Total Return ETF
TOUR,Tuniu Corporation
TOUS,T. Rowe Price International Equity ETF
TOV,JLens 500 Jewish Advocacy U.S. ETF
TOVX,"Theriva Biologics, Inc."
TOWN,Towne Bank
TOXR,21Shares XRP ETF
TOYO,"TOYO Co., Ltd"
TPAY,Roundhill S&P 500 Target 10 Managed Distribution ETF
TPB,"Turning Point Brands, Inc."
TPC,Tutor Perini Corporation
TPCS,TechPrecision Corporation - Common stock
TPET,Trio Petroleum Corp.
TPFC,Timothy Plan Free Cash Flow ETF
TPFG,Timothy Plan Free Cash Flow Growth ETF
TPFI,Timothy Plan Fixed Income ETF
TPG,TPG Inc.
TPGXL,TPG Inc. - 6.950% Fixed-Rate Junior Subordinated Notes due 2064
TPHD,Timothy Plan High Dividend Stock ETF
TPIF,Timothy Plan International ETF
TPL,Texas Pacific Land Corporation
TPLC,Timothy Plan US Large/Mid Cap Core ETF
TPLS,Thornburg Core Plus Bond ETF
TPLX,Corgi TPL 2x Daily ETF
TPOR,Direxion Daily Transportation Bull 3X ETF
TPR,"Tapestry, Inc."
TPRY,VistaShares Target 15 TEPRTantrum Contrarian Distribution ETF
TPSC,Timothy Plan US Small Cap Core ETF
TPST,"Tempest Therapeutics, Inc."
TPTS,"Terra Property Trust, Inc. 7.00% Senior Secured Notes due 2029"
TPUT,T. Rowe Price Capital Appreciation Market Opportunities ETF
TPVG,TriplePoint Venture Growth BDC Corp.
TPYP,Tortoise North American Pipeline ETF
TPZ,Tortoise Electrification Infrastructure ETF
TQQQ,ProShares UltraPro QQQ
TQQY,GraniteShares YieldBOOST QQQ ETF
TR,"Tootsie Roll Industries, Inc."
TRAD,APEX Tech Acquisition Inc.
TRAK,"ReposiTrak, Inc."
TRAW,"Traws Pharma, Inc."
TRAX,"First Tracks Biotherapeutics, Inc."
TRBF,Angel Oak Total Return ETF
TRC,Tejon Ranch Co
TRDA,"Entrada Therapeutics, Inc."
TREE,"LendingTree, Inc."
TREX,"Trex Company, Inc."
TRFK,Pacer Data and Digital Revolution ETF
TRFM,AAM Transformers ETF
TRGP,"Targa Resources, Inc."
TRGS,TRG Latin America Acquisitions Corp. - Class A
TRGSR,TRG Latin America Acquisitions Corp. - Rights
TRGSU,TRG Latin America Acquisitions Corp. - Units
TRI,Thomson Reuters Corp
TRIB,Trinity Biotech plc
TRIN,Trinity Capital Inc.
TRIO,MC Trio Equity Buffered ETF
TRIP,"TripAdvisor, Inc."
TRLV,Trulieve Cannabis Corp. Subordinate Voting Shares
TRMB,Trimble Inc.
TRMD,TORM plc
TRMK,Trustmark Corporation
TRN,"Trinity Industries, Inc."
TRND,Pacer Trendpilot Fund of Funds ETF
TRNI,Trinity Capital Inc. 7.875% Notes Due 2029
TRNO,Terreno Realty Corporation
TRNR,Interactive Strength Inc.
TRNS,"Transcat, Inc."
TRNZ,Trinity Capital Inc. 7.875% Notes due 2029
TRON,Tron Inc.
TROO,"TROOPS, Inc."
TROT,Invesco MSCI Treasury Duration Rotation ETF
TROW,"T. Rowe Price Group, Inc."
TROX,Tronox Holdings plc Ordinary Shares (UK)
TRP,TC Energy Corporation
TRPA,Hartford AAA CLO ETF
TRS,TriMas Corporation
TRSG,Tungray Technologies Inc - Class A
TRST,TrustCo Bank Corp NY
TRSY,Xtrackers US 0-1 Year Treasury ETF
TRT,Trio-Tech International
TRTX,"TPG RE Finance Trust, Inc."
TRTY,Cambria Trinity ETF
TRU,TransUnion
TRUC,VanEck Communication Services TruSector ETF
TRUD,VanEck Consumer Discretionary TruSector ETF
TRUF,VanEck Financials TruSector ETF
TRUG,"TruGolf Holdings, Inc."
TRUH,VanEck Healthcare TruSector ETF
TRUI,VanEck Industrials TruSector ETF
TRUM,VanEck Materials TruSector ETF
TRUN,VanEck Energy TruSector ETF
TRUO,VanEck Consumer Staples TruSector ETF
TRUP,"Trupanion, Inc."
TRUR,VanEck Real Estate TruSector ETF
TRUT,VanEck Technology TruSector ETF
TRUU,VanEck Utilities TruSector ETF
TRV,"The Travelers Companies, Inc."
TRVG,trivago N.V.
TRVI,"Trevi Therapeutics, Inc."
TRX,TRX Gold Corporation
TS,Tenaris S.A.
TSAT,Telesat Corporation - Class A Common Shares and Class B Variable Voting Shares
TSBK,"Timberland Bancorp, Inc."
TSCM,TimesSquare Quality Mid Cap Growth ETF
TSCO,Tractor Supply Company
TSCV,Thrivent Small Cap Value ETF
TSDD,GraniteShares 2x Short TSLA Daily ETF
TSEC,Touchstone Securitized Income ETF
TSEG,Leverage Shares 2X Long TSEM Daily ETF
TSEL,Touchstone Sands Capital US Select Growth ETF
TSEM,Tower Semiconductor Ltd.
TSEP,FT Vest Emerging Market Buffer ETF - September
TSES,Truth Social American Energy Security ETF
TSEU,Tradr 2X Long TSEM Daily ETF
TSHA,"Taysha Gene Therapies, Inc."
TSI,"TCW Strategic Income Fund, Inc."
TSIB,Direxion TSLA Defined Income Boost ETF
TSIC,Truth Social American Icons ETF
TSII,REX TSLA Growth & Income ETF
TSL,GraniteShares 1.25x Long TSLA Daily ETF
TSLA,"Tesla, Inc."
TSLG,Leverage Shares 2X Long TSLA Daily ETF
TSLI,ProShares Ultra TSLA
TSLL,Direxion Daily TSLA Bull 2X ETF
TSLP,Kurv Yield Premium Strategy Tesla (TSLA) ETF
TSLQ,Tradr 2X Short TSLA Daily ETF
TSLR,GraniteShares 2x Long TSLA Daily ETF
TSLS,Direxion Daily TSLA Bear 1X ETF
TSLT,T-REX 2X Long Tesla Daily Target ETF
TSLW,Roundhill TSLA WeeklyPay ETF
TSLX,"Sixth Street Specialty Lending, Inc."
TSLY,YieldMax TSLA Option Income Strategy ETF
TSLZ,T-Rex 2X Inverse Tesla Daily Target ETF
TSM,Taiwan Semiconductor Manufacturing Company Ltd.
TSME,Thrivent Small-Mid Cap Equity ETF
TSMG,Leverage Shares 2X Long TSM Daily ETF
TSMU,GraniteShares 2x Long TSM Daily ETF
TSMX,Direxion Daily TSM Bull 2X ETF
TSMY,YieldMax TSM Option Income Strategy ETF
TSMZ,Direxion Daily TSM Bear 1X ETF
TSN,"Tyson Foods, Inc."
TSNF,Truth Social American Next Frontiers ETF
TSOL,21Shares Solana ETF
TSPA,T. Rowe Price U.S. Equity Research ETF
TSPX,Twin Oak Active Opportunities ETF
TSPY,TappAlpha S&P 500 Growth & Daily Income ETF
TSQ,"Townsquare Media, Inc."
TSRS,Truth Social American Red State REITs ETF
TSSD,Truth Social American Security & Defense ETF
TSSI,"TSS, Inc."
TSUI,21Shares Sui ETF
TSXD,Direxion Daily Semiconductors Top 5 Bear 2X ETF
TSXU,Direxion Daily Semiconductors Top 5 Bull 2X ETF
TSYW,Roundhill Treasury Bond WeeklyPay ETF
TSYX,TSPY Lift ETF
TSYY,GraniteShares YieldBOOST TSLA ETF
TT,Trane Technologies plc
TTAM,Titan America SA
TTAN,"ServiceTitan, Inc."
TTC,Toro Company (The)
TTD,"The Trade Desk, Inc."
TTDU,T-REX 2X Long TTD Daily Target ETF
TTE,TotalEnergies SE
TTEC,"TTEC Holdings, Inc."
TTEK,"Tetra Tech, Inc."
TTEQ,T. Rowe Price Technology ETF
TTGT,"TechTarget, Inc."
TTI,"Tetra Technologies, Inc."
TTMI,"TTM Technologies, Inc."
TTMX,Tradr 2X Long TTMI Daily ETF
TTOP,21Shares FTSE Crypto 10 Index ETF
TTRX,Turn Therapeutics Inc.
TTT,ProShares UltraPro Short 20 Year Treasury
TTWO,"Take-Two Interactive Software, Inc."
TTXD,Direxion Daily Technology Top 5 Bear 2X ETF
TTXU,Direxion Daily Technology Top 5 Bull 2X ETF
TU,Telus Corporation
TUA,Simplify Short Term Treasury Futures Strategy ETF
TUG,STF Tactical Growth ETF
TUGN,STF Tactical Growth & Income ETF
TULP,"Bloomia Holdings, Inc."
TUR,iShares MSCI Turkey ETF
TURB,"Turbo Energy, S.A."
TURF,T. Rowe Price Natural Resources ETF
TUSB,Thrivent Ultra Short Bond ETF
TUSI,Touchstone Ultra Short Income ETF
TUSK,"Mammoth Energy Services, Inc."
TUYA,"Tuya Inc. American Depositary Shares, each representing one Class A Ordinary Share"
TV,Grupo Televisa S.A.B.
TVA,Texas Ventures Acquisition III Corp - Class A Ordinary Share
TVACU,Texas Ventures Acquisition III Corp - Unit
TVACW,Texas Ventures Acquisition III Corp - Warrants
TVAI,Thayer Ventures Acquisition Corporation II - Class A
TVAIR,Thayer Ventures Acquisition Corporation II - Rights
TVAIU,Thayer Ventures Acquisition Corporation II - Unit
TVAL,T. Rowe Price Value ETF
TVC,Tennessee Valley Authority
TVE,Tennessee Valley Authority
TVGN,Tevogen Inc.
TVGNW,Tevogen Inc. - Warrant
TVIV,Texas Ventures Acquisition IV Corp - Class A
TVIVU,Texas Ventures Acquisition IV Corp - Units
TVIVW,Texas Ventures Acquisition IV Corp - Warrant
TVRD,"Tvardi Therapeutics, Inc."
TVTX,"Travere Therapeutics, Inc."
TW,Tradeweb Markets Inc.
TWAV,"TaoWeave, Inc."
TWFG,"TWFG, Inc."
TWG,Top Wealth Group Holding Limited - Class A
TWI,"Titan International, Inc. (DE)"
TWIN,"Twin Disc, Incorporated"
TWLO,Twilio Inc.
TWLV,Twelve Seas Investment Company III - Class A
TWLVR,Twelve Seas Investment Company III - Rights
TWLVU,Twelve Seas Investment Company III - Units
TWM,ProShares UltraShort Russell2000
TWN,"Taiwan Fund, Inc. (The)"
TWO,Two Harbors Investment Corp
TWOD,Two Harbors Investments Corp 9.375% Senior Notes due 2030
TWOX,iShares Large Cap Accelerated Outcome ETF
TWSC,Corgi TSM 2x Daily ETF
TWST,Twist Bioscience Corporation
TX,"Ternium S.A. Ternium S.A. American Depositary Shares (each representing ten shares, USD1.00 par value)"
TXBC,21Shares FTSE Crypto 10 ex-BTC Index ETF
TXG,"10x Genomics, Inc."
TXMD,"TherapeuticsMD, Inc."
TXN,Texas Instruments Incorporated
TXNM,"TXNM Energy, Inc."
TXNU,Direxion Daily TXN Bull 2X ETF
TXO,"TXO Partners, L.P. Common Units Representing Limited Partner Interests"
TXRH,"Texas Roadhouse, Inc."
TXS,Texas Capital Texas Equity Index ETF
TXT,Textron Inc.
TXUE,Thornburg International Equity ETF
TXUG,Thornburg International Growth Fund ETF
TXXD,21Shares 2x Long Dogecoin ETF
TXXH,21Shares 2x Long HYPE ETF
TXXI,BondBloxx IR+M Tax-Aware Intermediate Duration ETF
TXXS,21Shares 2x Long Sui ETF
TY,Tri Continental Corporation
TYA,Simplify Intermediate Term Treasury Futures Strategy ETF
TYD,Direxion Daily 10-Yr Treasury Bull 3x Shrs
TYG,Tortoise Energy Infrastructure Corporation
TYGO,"Tigo Energy, Inc."
TYL,"Tyler Technologies, Inc."
TYLD,Cambria Tactical Yield ETF
TYLG,Global X Information Technology Covered Call & Growth ETF
TYO,Direxion Daily 10-Yr Treasury Bear 3x Shrs
TYRA,"Tyra Biosciences, Inc."
TYYY,xETFs TSLA Daily Income ETF
TZA,Direxion Small Cap Bear 3X ETF
TZOO,Travelzoo
U,Unity Software Inc.
UA,"Under Armour, Inc."
UAA,"Under Armour, Inc."
UAC,United Acquisition Corp. I Class A
UAE,iShares MSCI UAE ETF
UAL,"United Airlines Holdings, Inc."
UAMY,United States Antimony Corporation
UAN,"CVR Partners, LP Common Units representing Limited Partner Interests"
UAPR,Innovator U.S. Equity Ultra Buffer ETF - April
UAUG,Innovator U.S. Equity Ultra Buffer ETF - August
UAVS,"AgEagle Aerial Systems, Inc."
UBCP,"United Bancorp, Inc."
UBER,"Uber Technologies, Inc."
UBEW,Roundhill UBER WeeklyPay ETF
UBND,VictoryShares Core Plus Bond ETF
UBOT,"Direxion Daily Robotics, Artificial Intelligence & Automation Index Bull 2X ETF"
UBR,ProShares Ultra MSCI Brazil Capped
UBRL,GraniteShares 2x Long UBER Daily ETF
UBS,UBS Group AG Registered
UBSI,"United Bankshares, Inc."
UBT,ProShares Ultra 20+ Year Treasury
UCAR,U Power Limited - Class A
UCB,"United Community Banks, Inc."
UCC,ProShares Ultra Consumer Discretionary
UCFI,CN Healthy Food Tech Group Corp.
UCFIW,CN Healthy Food Tech Group Corp. - Warrant
UCIB,"ETRACS UBS Bloomberg Constant Maturity Commodity Index (CMCI) Total Return ETN Series B due April 5, 2038"
UCL,uCloudlink Group Inc.
UCO,ProShares Ultra Bloomberg Crude Oil
UCON,First Trust Smith Unconstrained Bond ETF
UCOP,ProShares Ultra Copper K-1 Free ETF
UCRD,VictoryShares Corporate Bond ETF
UCTT,"Ultra Clean Holdings, Inc."
UCTX,Corgi UCTT 2x Daily ETF
UCYB,ProShares Ultra Nasdaq Cybersecurity
UDEC,Innovator U.S. Equity Ultra Buffer ETF - December
UDI,USCF Dividend Income Fund
UDIV,Franklin U.S. Core Dividend Tilt Index ETF
UDN,Invesco DB USD Index Bearish ETF
UDOW,ProShares UltraPro Dow30
UDR,"UDR, Inc."
UE,Urban Edge Properties Common Shares of Beneficial Interest
UEC,Uranium Energy Corp.
UECG,Leverage Shares 2x Long UEC Daily ETF
UEIC,Universal Electronics Inc.
UEVM,VictoryShares Emerging Markets Value Momentum ETF
UFCS,"United Fire Group, Inc"
UFEB,Innovator U.S. Equity Ultra Buffer ETF - February
UFG,Uni-Fuels Holdings Limited - Class A
UFI,"Unifi, Inc. New"
UFIV,US Treasury 5 Year Note ETF
UFO,Procure Space ETF
UFOD,Tuttle Capital UFO Disclosure ETF
UFOX,Defiance Space and Connective Tech ETF
UFPI,"UFP Industries, Inc."
UFPT,"UFP Technologies, Inc."
UG,"United-Guardian, Inc."
UGA,United States Gasoline Fund LP
UGE,ProShares Ultra Consumer Staples
UGI,UGI Corporation
UGL,ProShares Ultra Gold
UGLD,Direxion Daily Gold Bull 2X ETF
UGP,Ultrapar Participacoes S.A. (New) American Depositary Shares (Each representing one Common Share)
UHAL,U-Haul Holding Company
UHS,"Universal Health Services, Inc."
UHT,Universal Health Realty Income Trust
UI,Ubiquiti Inc.
UIS,Unisys Corporation New
UITB,VictoryShares Core Intermediate Bond ETF
UIVM,VictoryShares International Value Momentum ETF
UJAN,Innovator U.S. Equity Ultra Buffer ETF - January
UJB,ProShares Ultra High Yield ETF
UJUL,Innovator U.S. Equity Ultra Buffer ETF - July
UJUN,Innovator U.S. Equity Ultra Buffer ETF - June
UK,Ucommune International Ltd  - Class A
UL,Unilever PLC American Depositary Shares (each representing One Ordinary Share)
ULBI,Ultralife Corporation
ULCC,"Frontier Group Holdings, Inc."
ULE,ProShares Ultra Euro
ULH,"Universal Logistics Holdings, Inc."
ULS,UL Solutions Inc.
ULST,State Street Ultra Short Term Bond ETF
ULTA,"Ulta Beauty, Inc."
ULTI,REX IncomeMax Option Strategy ETF
ULTY,YieldMax Ultra Option Income Strategy ETF
ULVM,VictoryShares US Value Momentum ETF
UMAC,"Unusual Machines, Inc."
UMAL,Defiance Daily Target 2X Long UMAC ETF
UMAR,Innovator U.S. Equity Ultra Buffer ETF - March
UMAY,Innovator U.S. Equity Ultra Buffer ETF - May
UMBF,UMB Financial Corporation
UMBFO,"UMB Financial Corporation - Depositary Shares Each Representing a 1/400th Interest in a Share of 7.750% Fixed-Rate Reset Non-Cumulative Perpetual Preferred Stock, Series B"
UMC,United Microelectronics Corporation (NEW)
UMCX,Corgi UMC 2x Daily ETF
UMDD,UltraPro MidCap400
UMH,"UMH Properties, Inc."
UMI,USCF Midstream Energy Income Fund ETF
UMMA,Wahed Dow Jones Islamic World ETF
UN,Corgi UNH 2x Daily ETF
UNB,"Union Bankshares, Inc."
UNCY,"Unicycive Therapeutics, Inc."
UNF,Unifirst Corporation
UNFI,"United Natural Foods, Inc."
UNG,United States Natural Gas Fund LP
UNH,UnitedHealth Group Incorporated Common Stock (DE)
UNHG,Leverage Shares 2X Long UNH Daily ETF
UNHU,Direxion Daily UNH Bull 2X ETF
UNHW,Roundhill UNH WeeklyPay ETF
UNIT,Uniti Group Inc.
UNIY,WisdomTree Voya Yield Enhanced USD Universal Bond Fund
UNL,United States 12 Month Natural Gas Fund
UNM,Unum Group
UNMA,Unum Group 6.250% Junior Subordinated Notes due 2058
UNOV,Innovator U.S. Equity Ultra Buffer ETF - November
UNP,Union Pacific Corporation
UNTY,"Unity Bancorp, Inc."
UNX,Tradr 2X Long U Daily ETF
UOCT,Innovator U.S. Equity Ultra Buffer ETF - October
UONE,"Urban One, Inc."
UONEK,"Urban One, Inc.  - Class D"
UP,Wheels Up Experience Inc.
UPAL,ProShares Ultra Palladium K-1 Free ETF
UPAR,UPAR Ultra Risk Parity ETF
UPB,"Upstream Bio, Inc."
UPBD,"Upbound Group, Inc."
UPC,Universe Pharmaceuticals Inc - Class A
UPGD,Invesco Bloomberg Analyst Rating Improvers ETF
UPGR,Xtrackers US Green Infrastructure Select Equity ETF
UPLD,"Upland Software, Inc."
UPLT,ProShares Ultra Platinum K-1 Free ETF
UPRO,ProShares UltraPro S&P 500
UPS,"United Parcel Service, Inc."
UPSC,Corgi UPST 2x Daily ETF
UPSD,Aptus Large Cap Upside ETF
UPST,"Upstart Holdings, Inc. - Common stock"
UPSX,Tradr 2X Long UPST Daily ETF
UPV,ProShares Ultra FTSE Europe
UPW,ProShares Ultra Utilities
UPWK,Upwork Inc.
UPXI,"Upexi, Inc."
URA,Global X Uranium ETF
URAA,Direxion Daily Uranium Industry Bull 2X ETF
URAN,Themes Uranium & Nuclear ETF
URBN,"Urban Outfitters, Inc."
URE,ProShares Ultra Real Estate
URG,Ur Energy Inc Common Shares (Canada)
URGN,UroGen Pharma Ltd.
URI,"United Rentals, Inc."
URNJ,Sprott Junior Uranium Miners ETF
URNM,Sprott Uranium Miners ETF
UROY,Uranium Royalty Corp.
URSP,ProShares Ultra S&P 500 Equal Weight
URTH,iShares MSCI World ETF
URTY,ProShares UltraPro Russell2000
USA,Liberty All-Star Equity Fund
USAC,"USA Compression Partners, LP Common Units Representing Limited Partner Interests"
USAF,Atlas America Fund
USAI,Pacer American Energy Infrastructure ETF
USAR,"USA Rare Earth, Inc."
USAS,"Americas Gold and Silver Corporation Common Shares, no par value"
USAU,U.S. Gold Corp.
USAX,Tradr 2X Long USAR Daily ETF
USB,U.S. Bancorp
USBC,"USBC, Inc."
USCA,Xtrackers MSCI USA Climate Action Equity ETF
USCB,"USCB Financial Holdings, Inc."
USCI,United States Commodity Index Fund ETV
USCL,iShares Climate Conscious & Transition MSCI USA ETF
USD,ProShares Ultra Semiconductors
USDE,StablecoinX Inc.
USDEW,StablecoinX Inc. - Warrants
USDU,WisdomTree Bloomberg U.S. Dollar Bullish Fund
USDX,SGI Enhanced Core ETF
USE,USCF Energy Commodity Strategy Absolute Return Fund
USEA,United Maritime Corporation
USEP,Innovator U.S. Equity Ultra Buffer ETF - September
USEW,Cambria US EW ETF
USFD,US Foods Holding Corp.
USFE,First Eagle US Equity ETF
USFI,BrandywineGLOBAL - U.S. Fixed Income ETF
USFR,WisdomTree Floating Rate Treasury Fund
USG,USCF Gold Strategy Plus Income Fund
USGG,Leverage Shares 2X Long USAR Daily ETF
USGO,U.S. GoldMining Inc. - Common stock
USHY,iShares Broad USD High Yield Corporate Bond ETF
USIG,iShares Broad USD Investment Grade Corporate Bond ETF
USIN,WisdomTree 7-10 Year Laddered Treasury Fund
USIO,"Usio, Inc."
USL,United States 12 Month Oil
USLM,"United States Lime & Minerals, Inc."
USLN,iShares Broad USD Floating Rate Loan ETF
USLV,Direxion Daily Silver Bull 2X ETF
USMC,Principal U.S. Mega-Cap ETF
USMD,CoreValues America First Technology ETF
USMF,WisdomTree U.S. Multifactor Fund
USML,ETRACS 2x Leveraged MSCI US Minimum Volatility Factor TR ETN
USMV,iShares MSCI USA Min Vol Factor ETF
USNA,"USANA Health Sciences, Inc."
USNG,Amplify Samsung U.S. Natural Gas Infrastructure ETF
USNZ,Xtrackers Net Zero Pathway Paris Aligned US Equity ETF
USO,United States Oil Fund
USOI,"ETRACS Crude Oil Shares Covered Call ETNs due April 24, 2037"
USOY,Defiance Oil Enhanced Options Income ETF
USPH,"U.S. Physical Therapy, Inc."
USPX,Franklin U.S. Equity Index ETF
USRT,iShares Core U.S. REIT ETF
USSE,Segall Bryant & Hamill Trust Segall Bryant & Hamill Select Equity ETF
USSG,Xtrackers MSCI USA Selection Equity ETF
USSH,WisdomTree 1-3 Year Laddered Treasury Fund
UST,ProShares Ultra 7-10 Year Treasury
USTB,VictoryShares Short-Term Bond ETF
USVM,VictoryShares US Small Mid Cap Value Momentum ETF
USVN,US Treasury 7 Year Note ETF
USX,Corgi Total U.S. Market 2x Daily ETF
USXF,iShares ESG Advanced MSCI USA ETF
UTEN,US Treasury 10 Year Note ETF
UTES,Virtus Reaves Utilities ETF
UTF,"Cohen & Steers Infrastructure Fund, Inc"
UTG,Reaves Utility Income Fund Common Shares of Beneficial Interest
UTHR,United Therapeutics Corporation
UTHY,US Treasury 30 Year Bond ETF
UTI,Universal Technical Institute Inc
UTL,UNITIL Corporation
UTMD,"Utah Medical Products, Inc."
UTRE,US Treasury 3 Year Note ETF
UTSI,UTStarcom Holdings Corp
UTSL,Direxion Daily Utilities Bull 3X ETF
UTWO,US Treasury 2 Year Note ETF
UTWY,US Treasury 20 Year Bond ETF
UTZ,Utz Brands Inc
UUP,Invesco DB USD Index Bullish Fund ETF
UUPP,Principal CLO ETF
UUU,"Universal Safety Products, Inc."
UUUC,Corgi UUUU 2x Daily ETF
UUUG,Leverage Shares 2X Long UUUU Daily ETF
UUUU,Energy Fuels Inc Ordinary Shares (Canada)
UVE,UNIVERSAL INSURANCE HOLDINGS INC
UVIX,2x Long VIX Futures ETF
UVSP,Univest Financial Corporation
UVV,Universal Corporation
UVXY,ProShares Ultra VIX Short Term Futures ETF
UWM,ProShares Ultra Russell2000
UWMC,UWM Holdings Corporation
UX,Roundhill Uranium ETF
UXAP,FT Vest U.S. Equity Uncapped Accelerator ETF - April
UXI,ProShares Ultra Industrials
UXIN,Uxin Limited
UXJA,FT Vest U.S. Equity Uncapped Accelerator ETF - January
UXJL,FT Vest U.S. Equity Uncapped Accelerator ETF - July
UXOC,FT Vest U.S. Equity Uncapped Accelerator ETF - October
UXRP,ProShares Ultra XRP ETF
UYG,ProShares Ultra Financials
UYLD,Angel Oak UltraShort Income ETF
UYM,ProShares Ultra Materials
UYSC,UY Scuti Acquisition Corp.
UYSCR,UY Scuti Acquisition Corp. - Rights
UYSCU,UY Scuti Acquisition Corp. - Units
UZD,"Array Digital Infrastructure, Inc. 6.250% Senior Notes due 2069"
UZE,"Array Digital Infrastructure, Inc. 5.500% Senior Notes due 2070"
UZF,"Array Digital Infrastructure, Inc. 5.500% Senior Notes due 2070"
UZX,Linkage Global Inc - Class A
V,Visa Inc.
VABK,Virginia National Bankshares Corporation
VABS,Virtus Newfleet ABS/MBS ETF
VAC,Marriott Vacations Worldwide Corporation
VACI,Viking Acquisition Corp. I Class A
VAIE,VegaShares US Equity Autocallable Income ETF
VAL,Valaris Limited
VALE,VALE S.A.  American Depositary Shares Each Representing one common share
VALG,Leverage Shares 2X Long VALE Daily ETF
VALN,Valneva SE
VALQ,American Century U.S. Quality Value ETF
VALU,"Value Line, Inc."
VAMO,Cambria Value and Momentum ETF
VANI,"Vivani Medical, Inc."
VATE,INNOVATE Corp.
VAVX,VanEck Avalanche ETF
VAW,Vanguard Materials ETF
VB,Vanguard Morningstar Small-Cap ETF
VBCA,Vanguard Target Maturity 2027 Corporate Bond ETF
VBCB,Vanguard Target Maturity 2028 Corporate Bond ETF
VBCC,Vanguard Target Maturity 2029 Corporate Bond ETF
VBCD,Vanguard Target Maturity 2030 Corporate Bond ETF
VBCE,Vanguard Target Maturity 2031 Corporate Bond ETF
VBCF,Vanguard Target Maturity 2032 Corporate Bond ETF
VBCG,Vanguard Target Maturity 2033 Corporate Bond ETF
VBCH,Vanguard Target Maturity 2034 Corporate Bond ETF
VBCI,Vanguard Target Maturity 2035 Corporate Bond ETF
VBCJ,Vanguard Target Maturity 2036 Corporate Bond ETF
VBF,Invesco Bond Fund
VBIL,Vanguard 0-3 Month Treasury Bill ETF
VBIO,"Valion Bio, Inc. - Common stock"
VBK,Vanguard Morningstar Small-Cap Growth ETF
VBNB,VanEck BNB ETF
VBND,Vident U.S. Bond Strategy ETF
VBNK,VersaBank
VBR,Vanguard Morningstar Small-Cap Value ETF
VBX,Corgi U.S. Small-Cap 2x Daily ETF
VC,Visteon Corporation
VCEB,Vanguard ESG U.S. Corporate Bond ETF
VCEL,Vericel Corporation
VCHY,Vanguard U.S. High-Yield Corporate Bond Index ETF
VCIG,VCI Global Limited - Ordinary Share
VCIT,Vanguard Intermediate-Term Corporate Bond ETF
VCLN,Virtus Duff & Phelps Clean Energy ETF
VCLT,Vanguard Long-Term Corporate Bond ETF
VCOB,Voya Core Bond ETF
VCR,Vanguard Consumer Discretion ETF
VCRB,Vanguard Core Bond ETF
VCRE,Vicore Pharma Holding AB
VCRM,Vanguard Core Tax-Exempt Bond ETF
VCSH,Vanguard Short-Term Corporate Bond ETF
VCTR,"Victory Capital Holdings, Inc."
VCV,Invesco California Value Municipal Income Trust
VCX,"Fundrise Innovation Fund, LLC Common Shares of Limited Liability Company Interests"
VCYT,"Veracyte, Inc."
VDC,Vanguard Consumer Staples ETF
VDE,Vanguard Energy ETF
VDG,Vanguard Developed Markets ex-US Growth Index ETF
VDI,Virtus International Dividend ETF
VDIG,Vanguard Wellington Dividend Growth Active ETF
VDV,Vanguard Developed Markets ex-US Value Index ETF
VEA,Vanguard FTSE Developed Markets ETF
VECA,Vernal Capital Acquisition Corp.
VECO,Veeco Instruments Inc.
VEEA,Veea Inc.
VEEAW,Veea Inc. - Warrant
VEEE,Twin Vee PowerCats Co.
VEEV,Veeva Systems Inc.
VEFA,VanEck MSCI EAFE Analyst Sentiment ETF
VEGA,AdvisorShares STAR Global Buy-Write ETF
VEGI,iShares MSCI Agriculture Producers ETF
VEGN,US Vegan Climate ETF
VEL,"Velocity Financial, Inc."
VELL,Defiance Daily Target 2X Long VELO ETF
VELO,"Velo3D, Inc. - Common stock"
VEM,Virtus Emerging Markets Dividend ETF
VEMY,Virtus Stone Harbor Emerging Markets High Yield Bond ETF
VENU,Venu Holding Corporation
VEON,VEON Ltd.
VERA,"Vera Therapeutics, Inc."
VERI,"Veritone, Inc."
VERS,ProShares Metaverse ETF
VERU,Veru Inc.
VERX,"Vertex, Inc."
VET,Vermilion Energy Inc. Common (Canada)
VETZ,Academy Veteran Bond ETF
VEU,Vanguard FTSE All World Ex US ETF
VEXC,Vanguard Emerging Markets Ex-China ETF
VFC,V.F. Corporation
VFF,"Village Farms International, Inc."
VFH,Vanguard Financials ETF
VFLO,VictoryShares Free Cash Flow ETF
VFMF,Vanguard U.S. Multifactor ETF
VFMO,Vanguard U.S. Momentum Factor ETF
VFMV,Vanguard U.S. Minimum Volatility ETF
VFQY,Vanguard U.S. Quality Factor ETF
VFS,VinFast Auto Ltd.
VFSWW,VinFast Auto Ltd. - Warrant
VFVA,Vanguard U.S. Value Factor ETF
VG,"Venture Global, Inc. Class A common stock"
VGAS,"Verde Clean Fuels, Inc."
VGASW,"Verde Clean Fuels, Inc. - Warrant"
VGHY,Vanguard High-Yield Active ETF
VGI,Virtus Global Multi-Sector Income Fund Common Shares of Beneficial Interest
VGIT,Vanguard Intermediate-Term Treasury ETF
VGK,Vanguard FTSEEuropean ETF
VGLT,Vanguard Long-Term Treasury ETF
VGM,Invesco Trust for Investment Grade Municipals Common Stock (DE)
VGMS,Vanguard Multi-Sector Income Bond ETF
VGNT,Versigent PLC
VGRO,Virtus Silvant Growth Opportunities ETF
VGSH,Vanguard Short-Term Treasury ETF
VGSR,Vert Global Sustainable Real Estate ETF
VGT,Vanguard Information Tech ETF
VGUS,Vanguard Ultra-Short Treasury ETF
VGVT,Vanguard Government Securities Active ETF
VGZ,Vista Gold Corp
VHC,VirnetX Holding Corp
VHCP,Vine Hill Capital Investment Corp. II - Class A
VHCPU,Vine Hill Capital Investment Corp. II - Units
VHCPW,Vine Hill Capital Investment Corp. II - Warrants
VHI,"Valhi, Inc."
VHT,Vanguard Health Care ETF
VHUB,"VenHub Global, Inc."
VIA,"Via Transportation, Inc."
VIAG,Leverage Shares 2X Long VIAV Daily ETF
VIAV,Viavi Solutions Inc.
VICE,AdvisorShares Vice ETF
VICI,VICI Properties Inc.
VICR,Vicor Corporation
VIDA,VIDA Global Inc.
VIDI,Vident International Equity Strategy ETF
VIG,Vanguard Div Appreciation ETF
VIGI,Vanguard International Dividend Appreciation ETF
VII,Viking Acquisition Corp. II Class A
VIK,Viking Holdings Ltd
VINP,Vinci Compass Investments Ltd. - Class A
VIOG,Vanguard S&P Small-Cap 600 Growth ETF
VIOO,Vanguard S&P Small-Cap 600 ETF
VIOT,"Viomi Technology Co., Ltd"
VIOV,Vanguard S&P Small-Cap 600 Value ETF
VIP,Vulcan Infrastructure and Power Inc.
VIPS,"Vipshop Holdings Limited American Depositary Shares, each representing two ordinary shares"
VIR,"Vir Biotechnology, Inc."
VIRC,Virco Manufacturing Corporation
VIRT,"Virtu Financial, Inc."
VIS,Vanguard Industrials ETF
VISN,"Vistance Networks, Inc."
VIST,"Vista Energy S.A.B. de C.V. American Depositary Shares, each representing one series A share, with no par value"
VITL,"Vital Farms, Inc."
VIV,Telefonica Brasil S.A. American Depositary Shares (Each representing One Common Share)
VIVK,"Vivakor, Inc."
VIVO,VivoPower PLC - Class A
VIVS,"VivoSim Labs, Inc."
VIXM,VIX Mid-Term Futures ETF
VIXY,VIX Short-Term Futures ETF
VKI,Invesco Advantage Municipal Income Trust II Common Shares of Beneficial Interest (DE)
VKQ,Invesco Municipal Trust
VKTX,"Viking Therapeutics, Inc."
VLGEA,"Village Super Market, Inc."
VLLU,Harbor AlphaEdge Large Cap Value ETF
VLN,Valens Semiconductor Ltd.
VLO,Valero Energy Corporation
VLOS,Velos Acquisition I Corp. - Class A Ordinary shares
VLOSU,Velos Acquisition I Corp. - Units
VLOSW,Velos Acquisition I Corp. - Warrant
VLRS,"Controladora Vuela Compania de Aviacion, S.A.B. de C.V. American Depositary Shares, each representing ten (10) Ordinary Participation Certificates"
VLT,Invesco High Income Trust II
VLTO,Veralto Corp
VLU,State Street SPDR S&P 1500 Value Tilt ETF
VLUE,iShares MSCI USA Value Factor ETF
VLY,Valley National Bancorp
VLYPN,"Valley National Bancorp - 8.250% Fixed-Rate Reset Non-Cumulative Perpetual Preferred Stock, Series C"
VLYPO,Valley National Bancorp - 5.5% Fixed to Floating Rate Series B Non-Cumulative Perpetual Preferred Stock
VLYPP,Valley National Bancorp - 6.25% Fixed-to-Floating Rate Series A Non-Cumulative Perpetual Preferred Stock
VMAR,Vision Marine Technologies Inc.
VMAX,Hartford US Value ETF
VMBS,Vanguard Mortgage-Backed Securities ETF
VMC,Vulcan Materials Company (Holding Company)
VMD,"Viemed Healthcare, Inc."
VMET,Versamet Royalties Corporation
VMI,"Valmont Industries, Inc."
VMO,Invesco Municipal Opportunity Trust
VMSB,Voya Multi-Sector Income ETF
VNAM,Global X MSCI Vietnam ETF
VNCE,Vince Holding Corp.
VNDA,Vanda Pharmaceuticals Inc.
VNET,"VNET Group, Inc."
VNIE,Vontobel International Equity Active ETF
VNLA,Janus Henderson Short Duration Income ETF
VNM,VanEck Vietnam ETF
VNME,Vendome Acquisition Corporation I - Class A
VNMEU,Vendome Acquisition Corporation I - Unit
VNMEW,Vendome Acquisition Corporation I - Warrant
VNO,Vornado Realty Trust
VNOM,"Viper Energy, Inc."
VNQ,Vanguard Real Estate ETF
VNQI,Vanguard Global ex-U.S. Real Estate ETF
VNRX,VolitionRX Limited
VNSE,Natixis Vaughan Nelson Select ETF
VNT,Vontier Corporation
VNTG,Vantage Corp Class A
VO,Vanguard Morningstar Mid-Cap ETF
VOC,VOC Energy Trust Units of Beneficial Interest
VOD,Vodafone Group Plc - American Depositary Shares each representing ten
VOE,Vanguard Morningstar Mid-Cap Value ETF
VOLT,Tema Electrification ETF
VONE,Vanguard Russell 1000 ETF
VONG,Vanguard Russell 1000 Growth ETF
VONV,Vanguard Russell 1000 Value ETF
VOO,Vanguard S&P 500 ETF
VOOG,Vanguard S&P 500 Growth ETF
VOOV,Vanguard S&P 500 Value ETF
VOOX,Corgi U.S. Large-Cap 2x Daily ETF
VOR,Vor Biopharma Inc.
VOT,Vanguard Morningstar Mid-Cap Growth ETF
VOTE,TCW Transform 500 ETF
VOX,Vanguard Communication Services  ETF
VOXP,Vox Populi ETF
VOXR,Vox Royalty Corp. - common stock
VOYA,"Voya Financial, Inc."
VOYG,"Voyager Technologies, Inc."
VPC,Virtus Private Credit Strategy ETF
VPFF,Virtus InfraCap Preferred and Income Securities ETF
VPG,"Vishay Precision Group, Inc."
VPL,Vanguard FTSE Pacific ETF
VPLS,Vanguard Core Plus Bond ETF
VPU,Vanguard Utilities ETF
VPV,Invesco Pennsylvania Value Municipal Income Trust Common Stock (DE)
VPX,Variant Perception Cycle Aware US Equity ETF
VRA,"Vera Bradley, Inc."
VRAI,Virtus Real Asset Income ETF
VRAX,Virax Biolabs Group Limited
VRC,Corgi VRT 2x Daily ETF
VRCA,Verrica Pharmaceuticals Inc.
VRDN,"Viridian Therapeutics, Inc."
VREX,Varex Imaging Corporation
VRIG,Invesco Variable Rate Investment Grade ETF
VRM,"Vroom, Inc."
VRME,"VerifyMe, Inc."
VRNS,"Varonis Systems, Inc."
VRP,Invesco Variable Rate Preferred ETF
VRRM,Verra Mobility Corporation
VRSK,"Verisk Analytics, Inc."
VRSN,"VeriSign, Inc."
VRT,"Vertiv Holdings, LLC"
VRTL,GraniteShares 2x Long VRT Daily ETF
VRTS,"Virtus Investment Partners, Inc."
VRTX,Vertex Pharmaceuticals Incorporated
VRXA,Veraxa Biotech AG
VRXAW,Veraxa Biotech AG - Warrants
VS,Versus Systems Inc.
VSA,VisionSys AI Inc.
VSAT,"ViaSat, Inc."
VSDA,VictoryShares Dividend Accelerator ETF
VSDB,Vanguard Short Duration Bond ETF
VSDM,Vanguard Short Duration Tax-Exempt Bond ETF
VSEC,VSE Corporation
VSECU,VSE Corporation - Tangible Equity Units
VSEE,"VSee Health, Inc."
VSEEW,"VSee Health, Inc. - Warrant"
VSGX,Vanguard ESG International Stock ETF
VSH,"Vishay Intertechnology, Inc."
VSHY,Virtus Newfleet Short Duration High Yield Bond ETF
VSLU,Applied Finance Valuation Large Cap ETF
VSME,VS Media Holdings Limited - Class A
VSMV,VictoryShares US Multi-Factor Minimum Volatility ETF
VSNT,"Versant Media Group, Inc."
VSOL,VanEck Solana ETF
VSS,Vanguard FTSE All-Wld ex-US SmCp Idx ETF
VST,Vistra Corp.
VSTL,Defiance Daily Target 2X Long VST ETF
VSTM,"Verastem, Inc."
VSTS,Vestis Corporation
VSXY,Victorias Secret & Co.
VT,Vanguard Total World Stock Index ETF
VTAK,"Catheter Precision, Inc."
VTC,Vanguard Total Corporate Bond ETF
VTEB,Vanguard Tax-Exempt Bond ETF
VTEC,Vanguard California Tax-Exempt Bond ETF
VTEI,Vanguard Tax-Managed Funds Vanguard Intermediate-Term Tax-Exempt Bond ETF
VTEL,Vanguard Long-Term Tax-Exempt Bond ETF
VTES,Vanguard Wellington Fund Vanguard Short-Term Tax Exempt Bond ETF
VTEX,VTEX Class A
VTG,Vanguard Total Treasury ETF
VTGN,"Vistagen Therapeutics, Inc."
VTHR,Vanguard Russell 3000 ETF
VTI,Vanguard Morningstar Total Stock Market ETF
VTIP,Vanguard Short-Term Inflation-Protected Securities Index Fund ETF Shares
VTIX,Virtuix Holdings Inc.
VTMX,"Corporacion Inmobiliaria Vesta, S.A.B de C.V. American Depositary Shares, each representing ten (10)"
VTN,Invesco Trust for Investment Grade New York Municipals
VTOL,"Bristow Group, Inc."
VTP,Vanguard Total Inflation-Protected Securities ETF
VTR,"Ventas, Inc."
VTRS,Viatris Inc.
VTS,"Vitesse Energy, Inc."
VTSI,"VirTra, Inc."
VTV,Vanguard Morningstar Value ETF
VTVT,vTv Therapeutics Inc.
VTWG,Vanguard Russell 2000 Growth ETF
VTWO,Vanguard Russell 2000 ETF
VTWV,Vanguard Russell 2000 Value ETF
VUG,Vanguard Morningstar Growth ETF
VUS,Virtus US Dividend ETF
VUSB,Vanguard Ultra-Short Bond ETF
VUSE,Vident U.S. Equity Strategy ETF
VUSG,Vanguard Wellington U.S. Growth Active ETF
VUSI,Voya Ultra Short Income ETF
VUSV,Vanguard Wellington U.S. Value Active ETF
VUZI,Vuzix Corporation
VV,Vanguard Morningstar Large-Cap ETF
VVOS,"Vivos Therapeutics, Inc."
VVR,Invesco Senior Income Trust Common Stock (DE)
VVV,Valvoline Inc.
VVX,"V2X, Inc."
VWAV,"VisionWave Holdings, Inc."
VWAVW,"VisionWave Holdings, Inc. - Warrant"
VWO,Vanguard FTSE Emerging Markets ETF
VWOB,Vanguard Emerging Markets Government Bond ETF
VXF,Vanguard Extended Market ETF
VXUS,Vanguard Total International Stock ETF
VXX,iPath Series B S&P 500 VIX Short-Term Futures ETN
VXZ,iPath Series B S&P 500 VIX Mid-Term Futures ETN
VYGR,"Voyager Therapeutics, Inc."
VYLD,"Inverse VIX Short-Term Futures ETNs due March 22, 2045"
VYM,Vanguard High Dividend Yield ETF
VYMI,Vanguard International High Dividend Yield ETF
VYX,NCR Voyix Corporation
VZ,Verizon Communications Inc.
VZLA,Vizsla Silver Corp.
W,Wayfair Inc.
WAB,Westinghouse Air Brake Technologies Corporation
WABC,Westamerica Bancorporation
WABF,Western Asset Bond ETF
WAFD,"WaFd, Inc."
WAFDP,"WaFd, Inc. - Depositary Shares"
WAFU,Wah Fu Education Group Limited
WAGN,Pabrai Wagons ETF
WAL,Western Alliance Bancorporation Common Stock (DE)
WALD,Waldencast plc - Class A Ordinary Share
WALDW,Waldencast plc - Warrant
WAMA,WisdomTree US Adaptive Moving Average Fund
WANT,Direxion Daily Consumer Discretionary Bull 3X ETF
WAR,U.S. Global Technology and Aerospace & Defense ETF
WARP,VanEck Space ETF
WASH,"Washington Trust Bancorp, Inc."
WAT,Waters Corporation
WATS,Corgi Battery Energy Storage Systems ETF
WATT,Energous Corporation
WAVE,Eco Wave Power Global AB (publ)
WAY,Waystar Holding Corp.
WB,Weibo Corporation
WBD,"Warner Bros. Discovery, Inc. - Series A"
WBI,WaterBridge Infrastructure LLC Class A Shares Representing Limited Liability Company Interests
WBIF,WBI BullBear Value 3000 ETF
WBIG,WBI BullBear Yield 3000 ETF
WBIL,WBI BullBear Quality 3000 ETF
WBIY,WBI Power Factor High Dividend ETF
WBS,Webster Financial Corporation
WBTN,WEBTOON Entertainment Inc. - Common stock
WBUY,WEBUY GLOBAL LTD. - Class A
WBX,Wallbox N.V. Class A
WCAP,WarCap Unconstrained Equity ETF
WCBR,WisdomTree Cybersecurity Fund
WCC,"WESCO International, Inc."
WCEO,Hypatia Women CEO ETF
WCLD,WisdomTree Cloud Computing Fund
WCME,First Trust WCM Developing World Equity ETF
WCMG,First Trust WCM Global Equity ETF
WCMI,First Trust WCM International Equity ETF
WCN,"Waste Connections, Inc."
WCPB,Weitz Core Plus Bond ETF
WCT,Wellchange Holdings Company Limited - Class A Ordinary shares
WD,"Walker & Dunlop, Inc"
WDAF,WisdomTree Asia Defense Fund
WDAI,Pacer S&P World 3AI Top 300 ETF
WDAY,"Workday, Inc."
WDC,Western Digital Corporation
WDCC,Corgi WDC 2x Daily ETF
WDCX,Tradr 2X Long WDC Daily ETF
WDE,Principal Securitized Debt ETF
WDEF,WisdomTree Europe Defense Fund
WDFC,WD-40 Company
WDGF,WisdomTree Global Defense Fund
WDH,Waterdrop Inc. American Depositary Shares (each representing the right to receive 10 Class A Ordinary Shares)
WDI,Western Asset Diversified Income Fund Common Shares of Beneficial Interest
WDIG,WisdomTree Efficient Rare Earth Plus Strategic Metals Fund
WDIV,State Street SPDR S&P Global Dividend ETF
WDNA,WisdomTree BioRevolution Fund
WDRN,"WisdomTree Physical AI, Humanoids and Drones Fund"
WDS,"Woodside Energy Group Limited American Depositary Shares, each representing one Ordinary Share"
WDTE,Defiance S&P 500 Weekly Distribution ETF
WEA,Western Asset Bond Fund Share of Beneficial Interest
WEAT,Teucrium Wheat Fund ETV
WEAV,"Weave Communications, Inc."
WEBL,Direxion Daily Dow Jones Internet Bull 3X ETF
WEBS,Direxion Daily Dow Jones Internet Bear 3X ETF
WEBX,Corgi Chinese Internet 2x Daily ETF
WEC,"WEC Energy Group, Inc."
WEED,Roundhill Cannabis ETF
WEEI,Westwood Salient Enhanced Energy Income ETF
WEEK,Roundhill Weekly T-Bill ETF
WEEL,Peerless Option Income Wheel ETF
WELD,Tema U.S. Manufacturing & Reshoring ETF
WELL,Welltower Inc.
WEN,Wendy's Company (The)
WENC,West Enclave Merger Corp.
WENN,Wen Acquisition Corp - Class A
WENNU,Wen Acquisition Corp - Unit
WENNW,Wen Acquisition Corp - Warrant
WEPN,Nicholas Defense and Rare Earth Income ETF
WERN,"Werner Enterprises, Inc."
WES,"Western Midstream Partners, LP Common Units Representing Limited Partner Interests"
WEST,Westrock Coffee Company
WETH,Wetouch Technology Inc.
WETO,Wetour Robotics Limited
WEX,WEX Inc. common stock
WEYS,"Weyco Group, Inc."
WF,Woori Financial Group Inc. American Depositary Shares (each representing three (3) shares of Common Stock)
WFC,Wells Fargo & Company
WFCF,"Where Food Comes From, Inc."
WFF,WF Holding Limited
WFG,West Fraser Timber Co. Ltd Common stock
WFRD,Weatherford International plc - Ordinary shares
WGMI,CoinShares Bitcoin Mining ETF
WGO,"Winnebago Industries, Inc."
WGS,GeneDx Holdings Corp.
WH,"Wyndham Hotels & Resorts, Inc."
WHD,"Cactus, Inc."
WHF,"WhiteHorse Finance, Inc. - Closed End Fund"
WHFCL,"WhiteHorse Finance, Inc. - 7.875% Notes due 2028"
WHG,Westwood Holdings Group Inc
WHK,WhiteHawk Minerals Corp
WHLR,"Wheeler Real Estate Investment Trust, Inc."
WHLRD,"Wheeler Real Estate Investment Trust, Inc. - Series D Cumulative Preferred Stock"
WHLRL,"Wheeler Real Estate Investment Trust, Inc. - 7.00% Senior Subordinated Convertible Notes Due 2031"
WHLRP,"Wheeler Real Estate Investment Trust, Inc. - Series B Preferred Stock"
WHR,Whirlpool Corporation
WHWK,"Whitehawk Therapeutics, Inc."
WIA,Western Asset Inflation-Linked Income Fund
WILC,"G. Willi-Food International,  Ltd."
WIMA,WisdomTree International Adaptive Moving Average Fund
WIMI,WiMi Hologram Cloud Inc. - Class B
WINA,Winmark Corporation
WING,Wingstop Inc.
WINN,Harbor Long-Term Growers ETF
WIP,State Street SPDR FTSE International Government Inflation-Protected Bond ETF
WISE,Themes Generative Artificial Intelligence ETF
WIT,Wipro Limited
WIW,Western Asset Inflation-Linked Opportunities & Income Fund
WIX,Wix.com Ltd.
WK,Workiva Inc.
WKC,World Kinect Corporation
WKEY,WISeKey International Holding Ltd
WKHS,"Workhorse Group, Inc."
WKSP,"Worksport, Ltd."
WLCOU,Wilco 63 Corporation - Units
WLDN,"Willdan Group, Inc."
WLDR,Simplify Affinity World Leaders Equity ETF
WLDS,Wearable Devices Ltd. - Ordinary Share
WLDSW,Wearable Devices Ltd. - Warrant
WLDU,Leverage Shares 2x Long World Stock Daily ETF
WLFC,Willis Lease Finance Corporation
WLII,Willow Lane Acquisition Corp. II - Class A
WLIIU,Willow Lane Acquisition Corp. II - Unit
WLIIW,Willow Lane Acquisition Corp. II - Warrants
WLK,Westlake Corporation
WLKP,Westlake Chemical Partners LP Common Units representing limited partner interests
WLTG,WealthTrust DBS Long Term Growth ETF
WLTH,Wealthfront Corporation
WLY,"John Wiley & Sons, Inc."
WLYB,"John Wiley & Sons, Inc."
WM,"Waste Management, Inc."
WMB,"Williams Companies, Inc. (The)"
WMG,Warner Music Group Corp.
WMK,"Weis Markets, Inc."
WMS,"Advanced Drainage Systems, Inc."
WMSB,Weitz Multisector Bond ETF
WMT,Walmart Inc.
WMTI,REX WMT Growth & Income ETF
WNC,Wabash National Corporation
WNDR,Corgi Travel & Leisure ETF
WNEB,"Western New England Bancorp, Inc."
WNTR,YieldMax MSTR Short Option Income Strategy ETF
WNW,Meiwu Technology Company Limited
WOK,WORK Medical Technology Group LTD - Class A
WOLF,"Wolfspeed, Inc. Common Stock New"
WOMN,Impact Shares Women's Empowerment ETF
WOOD,iShares Global Timber & Forestry ETF
WOOF,"Petco Health and Wellness Company, Inc."
WOR,"Worthington Enterprises, Inc."
WPAC,White Pearl Acquisition Corp. Class A
WPC,W. P. Carey Inc. REIT
WPM,Wheaton Precious Metals Corp Common Shares (Canada)
WPP,WPP plc
WPRT,Westport Fuel Systems Inc
WQTM,WisdomTree Quantum Computing Fund
WR,Corgi U.S. War Machine ETF
WRAP,"Wrap Technologies, Inc."
WRB,W.R. Berkley Corporation
WRBY,Warby Parker Inc.
WRD,WeRide Inc.
WRLD,World Acceptance Corporation
WRN,Western Copper and Gold Corporation
WRND,NYLI Global Equity R&D Leaders ETF
WRTH,Worth Charting Options Income ETF
WS,"Worthington Steel, Inc."
WSBC,"WesBanco, Inc."
WSBCO,"WesBanco, Inc. - Depositary Shares each representing 1/40th interest in a share of 7.375% Fixed-Rate Reset Non-Cumulative Perpetual Preferred Stock, Series B"
WSBF,"Waterstone Financial, Inc."
WSBK,"Winchester Bancorp, Inc."
WSC,WillScot Holdings Corporation
WSDB,Weitz Short Duration Bond ETF
WSE,Wise Group plc - Class A
WSFS,WSFS Financial Corporation
WSGE,Warren Street Global Equity ETF
WSHP,WeShop Holdings Limited - Class A
WSM,"Williams-Sonoma, Inc. Common Stock (DE)"
WSMD,Wasatch Small/Mid Cap ETF
WSML,iShares MSCI World Small-Cap ETF
WSO,"Watsco, Inc."
WSPC,WisdomTree Space Economy Fund
WST,"West Pharmaceutical Services, Inc."
WSTN,Westin Acquisition Corp - Class A Ordinary Share
WSTNR,Westin Acquisition Corp - Right
WSTNU,Westin Acquisition Corp - Units
WT,"WisdomTree, Inc."
WTAI,WisdomTree Artificial Intelligence and Innovation Fund
WTBA,West Bancorporation
WTBN,WisdomTree Bianco Total Return Fund
WTF,Waton Financial Limited
WTFC,Wintrust Financial Corporation
WTFCN,"Wintrust Financial Corporation - Depositary Shares, Each Representing a 1/1,000th Interest in a Share of 7.875% Fixed-Rate Reset Non-Cumulative Perpetual Preferred Stock, Series F, no par value, with a liquidation preference of $25,000 per share"
WTG,Wintergreen Acquisition Corp.
WTGUR,Wintergreen Acquisition Corp. - Rights
WTGUU,Wintergreen Acquisition Corp. - Unit
WTI,"W&T Offshore, Inc."
WTIB,USCF Oil Plus Bitcoin Strategy Fund
WTID,MicroSectors Energy 3X Inverse Leveraged ETNs
WTIP,WisdomTree Inflation Plus Fund
WTIU,MicroSectors Energy 3X Leveraged ETNs
WTLS,WisdomTree Efficient Long/Short U.S. Equity Fund
WTM,"White Mountains Insurance Group, Ltd."
WTMF,WisdomTree Managed Futures Strategy Fund
WTMU,WisdomTree Core Laddered Municipal Fund
WTMY,WisdomTree High Income Laddered Municipal Fund
WTPI,WisdomTree Equity Premium Income Fund
WTRE,WisdomTree New Economy Real Estate Fund
WTRG,"Essential Utilities, Inc."
WTS,"Watts Water Technologies, Inc."
WTTR,"Select Water Solutions, Inc. Class A common stock"
WTV,WisdomTree U.S. Value Fund
WTW,Willis Towers Watson Public Limited Company
WU,Western Union Company (The)
WUGI,AXS Esoterica NextG Economy ETF
WULF,TeraWulf Inc.
WULX,Tradr 2X Long WULF Daily ETF
WVE,Wave Life Sciences Ltd.
WVVI,"Willamette Valley Vineyards, Inc."
WVVIP,"Willamette Valley Vineyards, Inc. - Series A Redeemable Preferred Stock"
WW,"WW International, Inc."
WWD,"Woodward, Inc."
WWJD,Inspire International ETF
WWR,"Westwater Resources, Inc."
WWW,"Wolverine World Wide, Inc."
WX,Corgi All World 2x Daily ETF
WXET,Teucrium 2x Daily Wheat ETF
WXM,WF International Limited
WY,Weyerhaeuser Company
WYFI,"WhiteFiber, Inc."
WYFL,Defiance Daily Target 2X Long WYFI ETF
WYHG,Wing Yip Food Holdings Group Limited
WYNN,"Wynn Resorts, Limited"
WYY,WidePoint Corporation
WZRD,Opportunistic Trader ETF
XA,Corgi AI Cybersecurity ETF
XAGG,Eaton Vance Income Opportunities ETF
XAGI,Corgi AGIX 2x Daily ETF
XAIR,"Beyond Air, Inc."
XAIX,Xtrackers Artificial Intelligence and Big Data ETF
XAPR,FT Vest U.S. Equity Enhance & Moderate Buffer ETF - April
XAR,State Street SPDR S&P Aerospace & Defense ETF
XAUG,FT Vest U.S. Equity Enhance & Moderate Buffer ETF - August
XB,BondBloxx B-Rated USD High Yield Corporate Bond ETF
XBAP,Innovator U.S. Equity Accelerated 9 Buffer ETF - April
XBB,BondBloxx BB-Rated USD High Yield Corporate Bond ETF
XBCI,NEOS Boosted Bitcoin High Income ETF
XBFR,Innovator Equity Managed 10 Buffer ETF
XBI,State Street SPDR S&P Biotech ETF
XBIL,US Treasury 6 Month Bill ETF
XBIO,"Xenetic Biosciences, Inc."
XBIT,XBiotech Inc.
XBIX,Corgi U.S. Biotech 2x Daily ETF
XBJA,Innovator U.S. Equity Accelerated 9 Buffer ETF - January
XBJL,Innovator U.S. Equity Accelerated 9 Buffer ETF - July
XBNB,Teucrium xETFs 2x Long Daily BNB ETF
XBOC,Innovator U.S. Equity Accelerated 9 Buffer ETF - October
XBOX,Roundhill Ultra Short Duration No Dividend Target ETF
XBP,"XBP Global Holdings, Inc."
XBPEW,"XBP Global Holdings, Inc. - Warrant"
XBTY,GraniteShares YieldBOOST Bitcoin ETF
XC,WisdomTree True Emerging Markets Fund
XCBE,X3 Acquisition Corp. Ltd. - Class A
XCBEU,X3 Acquisition Corp. Ltd. - Unit
XCBEW,X3 Acquisition Corp. Ltd. - Warrant
XCCC,BondBloxx CCC-Rated USD High Yield Corporate Bond ETF
XCEM,Columbia EM Core ex-China ETF
XCH,XCHG Limited - ADS
XCHG,AB US Equity ETF
XCLR,Global X S&P 500 Collar 95-110 ETF
XCNY,State Street SPDR S&P Emerging Markets ex-China ETF
XCOM,Corgi All Commodities 2x Daily ETF
XCOR,FundX ETF
XCUR,"Exicure, Inc."
XDAT,Franklin Exponential Data ETF
XDEC,FT Vest U.S. Equity Enhance & Moderate Buffer ETF - December
XDEF,Xtrackers Europe Defense Technologies ETF
XDIV,Roundhill S&P 500 No Dividend Target ETF
XDQQ,Innovator Growth Accelerated ETF - Quarterly
XDSQ,Innovator U.S. Equity Accelerated ETF - Quarterly
XDTE,Roundhill S&P 500 0DTE Covered Call Strategy ETF
XE,"X-Energy, Inc."
XEL,Xcel Energy Inc.
XELB,"Xcel Brands, Inc"
XELLL,"Xcel Energy Inc. - 6.25% Junior Subordinated Notes, Series due 2085"
XEMD,BondBloxx JP Morgan USD Emerging Markets 1-10 Year Bond ETF
XEML,Xtrackers Europe Market Leaders ETF
XENE,Xenon Pharmaceuticals Inc.
XERS,"Xeris Biopharma Holdings, Inc."
XES,State Street SPDR S&P Oil & Gas Equipment & Services ETF
XEUR,Corgi Europe Equities 2x Daily ETF
XEY,GraniteShares YieldBOOST Ether ETF
XFEB,FT Vest U.S. Equity Enhance & Moderate Buffer ETF - February
XFIV,BondBloxx Bloomberg Five Year Target Duration US Treasury ETF
XFLH,XFLH Capital Corporation
XFLT,XAI Floating Rate & Alternative Income Trust Common Shares of Beneficial Interest
XFLX,FundX Flexible ETF
XFOR,"X4 Pharmaceuticals, Inc."
XGN,Exagen Inc.
XHB,State Street SPDR S&P Homebuilders ETF
XHE,State Street SPDR S&P Health Care Equipment ETF
XHG,XChange TEC.INC
XHLD,"TEN Holdings, Inc."
XHLF,BondBloxx Bloomberg Six Month Target Duration US Treasury ETF
XHOA,Corgi U.S. Real Estate 2x Daily ETF
XHR,"Xenia Hotels & Resorts, Inc."
XHS,State Street SPDR S&P Health Care Services ETF
XIDE,FT Vest U.S. Equity Buffer & Premium Income  ETF - December
XIDV,Franklin International Dividend Booster Index ETF
XIFR,"XPLR Infrastructure, LP Common Units representing limited partner interests"
XIGV,Defiance US 100 Tech Ex Software ETF
XIIIU,Churchill Capital Corp XIII - Units
XIJN,FT Vest U.S. Equity Buffer & Premium Income ETF - June
XIMR,FT Vest U.S. Equity Buffer & Premium Income ETF - March
XISE,FT Vest U.S. Equity Buffer & Premium Income ETF - September
XITK,State Street SPDR FactSet Innovative Technology ETF
XIWC,Corgi U.S. Micro-Cap 2x Daily ETF
XJAN,FT Vest U.S. Equity Enhance & Moderate Buffer ETF - January
XJH,iShares ESG Select Screened S&P Mid-Cap ETF
XJR,iShares ESG Select Screened S&P Small-Cap ETF
XJUL,FT Vest U.S. Equity Enhance & Moderate Buffer ETF - July
XJUN,FT Vest U.S. Equity Enhance & Moderate Buffer ETF - June
XKRE,Corgi U.S. Regional Banks 2x Daily ETF
XLB,State Street Materials Select Sector SPDR ETF
XLBI,State Street Materials Select Sector SPDR Premium Income ETF
XLBX,Corgi U.S. Materials 2x Daily ETF
XLC,State Street Communication Services Select Sector SPDR ETF
XLCI,State Street Communication Services Select Sector SPDR Premium Income ETF
XLE,State Street Energy Select Sector SPDR ETF
XLEI,State Street Energy Select Sector SPDR Premium Income ETF
XLEX,Corgi U.S. Energy 2x Daily ETF
XLF,State Street Financial Select Sector SPDR ETF
XLFI,State Street Financial Select Sector SPDR Premium Income ETF
XLFX,Corgi U.S. Financials 2x Daily ETF
XLG,Invesco S&P 500 Top 50 ETF
XLI,State Street Industrial Select Sector SPDR ETF
XLII,State Street Industrial Select Sector SPDR Premium Income ETF
XLIX,Corgi U.S. Industrials 2x Daily ETF
XLK,State Street Technology Select Sector SPDR ETF
XLKI,State Street Technology Select Sector SPDR Premium Income ETF
XLKX,Corgi U.S. Technology 2x Daily ETF
XLO,"Xilio Therapeutics, Inc."
XLP,State Street Consumer Staples Select Sector SPDR ETF
XLPX,Corgi U.S. Consumer Staples 2x Daily ETF
XLRE,State Street Real Estate Select Sector SPDR ETF
XLRI,State Street Real Estate Select Sector SPDR Premium Income ETF
XLSI,State Street Consumer Staples Select Sector SPDR Premium Income ETF
XLSR,State Street US Sector Rotation ETF
XLU,State Street Utilities Select Sector SPDR ETF
XLUI,State Street Utilities Select Sector SPDR Premium Income ETF
XLUX,Corgi U.S. Utilities 2x Daily ETF
XLV,State Street Health Care Select Sector SPDR ETF
XLVI,State Street Health Care Select Sector SPDR Premium Income ETF
XLVX,Corgi U.S. Healthcare 2x Daily ETF
XLY,State Street Consumer Discretionary Select Sector SPDR ETF
XLYI,State Street Consumer Discretionary Select Sector SPDR Premium Income ETF
XLYX,Corgi U.S. Consumer Discretionary 2x Daily ETF
XMAG,Defiance Large Cap ex-Mag 7 ETF
XMAR,FT Vest U.S. Equity Enhance & Moderate Buffer ETF - March
XMAX,"XMAX, Inc."
XMAY,FT Vest U.S. Equity Enhance & Moderate Buffer ETF - May
XME,State Street SPDR S&P Metals & Mining ETF
XMHQ,Invesco S&P MidCap Quality ETF
XMLV,Invesco S&P MidCap Low Volatility ETF
XMMO,Invesco S&P MidCap Momentum ETF
XMPT,VanEck CEF Muni Income ETF
XMTR,"Xometry, Inc."
XMVM,Invesco S&P MidCap Value with Momentum ETF
XNAV,FundX Aggressive ETF
XNCR,"Xencor, Inc."
XNDU,Xanadu Quantum Technologies Limited - Class B Subordinate Voting Shares
XNDX,Tradr 2X Long XNDU Daily ETF
XNET,Xunlei Limited
XNOV,FT Vest U.S. Equity Enhance & Moderate Buffer ETF - November
XNTK,State Street SPDR NYSE Technology ETF
XOCT,FT Vest U.S. Equity Enhance & Moderate Buffer ETF - October
XOEF,iShares S&P 500 ex S&P 100 ETF
XOEX,Xtrackers S&P 100 Ex Top 20 ETF
XOM,ExxonMobil Holdings Corporation
XOMO,YieldMax XOM Option Income Strategy ETF
XOMX,Direxion Daily XOM Bull 2X ETF
XONE,BondBloxx Bloomberg One Year Target Duration US Treasury ETF
XOP,State Street SPDR S&P Oil & Gas Exploration & Production ETF
XOS,"Xos, Inc."
XOSWW,"Xos, Inc. - Warrants"
XOVL,Defiance Daily Target 2X Long XOVR ETF
XOVR,ERShares Private-Public Crossover ETF
XP,XP Inc.
XPAV,Corgi U.S. Infrastructure 2x Daily ETF
XPAY,Roundhill S&P 500 Target 20 Managed Distribution ETF
XPEG,Leverage Shares 2X Long XPEV Daily ETF
XPEL,"XPEL, Inc."
XPER,Xperi Inc.
XPEV,"XPeng Inc. American depositary shares, each representing two Class A ordinary shares"
XPH,State Street SPDR S&P Pharmaceuticals ETF
XPL,Solitario Resources Corp.
XPND,First Trust Expanded Technology ETF
XPO,"XPO, Inc."
XPOF,"Xponential Fitness, Inc."
XPON,Expion360 Inc.
XPP,ProShares Ultra FTSE China 50
XPRO,Expro Ltd
XQQI,NEOS Boosted Nasdaq-100 High Income ETF
XQTM,Corgi Quantum Computing 2x Daily ETF
XRAY,DENTSPLY SIRONA Inc.
XRLX,FundX Conservative ETF
XRMI,Global X S&P 500 Risk Managed Income ETF
XRN,Chiron Real Estate Inc.
XRP,Bitwise XRP ETF
XRPC,Canary XRP ETF
XRPI,Volatility Shares Trust XRP ETF
XRPM,Amplify XRP 3% Monthly Option Income ETF
XRPN,Armada Acquisition Corp. II - Class A
XRPNU,Armada Acquisition Corp. II - Units
XRPNW,Armada Acquisition Corp. II - Warrant
XRPR,REX-Osprey XRP ETF
XRPT,Volatility Shares Trust XRP 2X ETF
XRPZ,Franklin XRP ETF
XRT,State Street SPDR S&P Retail ETF
XRTX,XORTX Therapeutics Inc.
XRX,Xerox Holdings Corporation
XRXDW,Xerox Holdings Corporation - Warrants
XSD,State Street SPDR S&P Semiconductor ETF
XSEM,Corgi U.S. Semiconductors 2x Daily ETF
XSEP,FT Vest U.S. Equity Enhance & Moderate Buffer ETF - September
XSHD,Invesco S&P SmallCap High Dividend Low Volatility ETF
XSHP,Kurv SpaceX Enhanced Income ETF
XSHQ,Invesco S&P SmallCap Quality ETF
XSLL,Xsolla SPAC 1 - Class A
XSLLU,Xsolla SPAC 1 - Units
XSLLW,Xsolla SPAC 1 - Warrants
XSLV,Invesco S&P SmallCap Low Volatility ETF
XSMO,Invesco S&P SmallCap Momentum ETF
XSOE,WisdomTree Emerging Markets Ex-State Owned Enterprises Fund
XSPC,VegaShares SpaceX & Beyond Earth ETF
XSPI,NEOS Boosted S&P 500 High Income ETF
XSVM,Invesco S&P SmallCap Value with Momentum ETF
XSVN,BondBloxx Bloomberg Seven Year Target Duration US Treasury ETF
XSW,State Street SPDR S&P Software & Services ETF
XT,iShares Future Exponential Technologies ETF
XTAI,Corgi Taiwan 2x Daily ETF
XTAP,Innovator U.S. Equity Accelerated Plus ETF - April
XTEN,BondBloxx Bloomberg Ten Year Target Duration US Treasury ETF
XTIA,"XTI Aerospace, Inc. Common Stock"
XTJA,Innovator U.S. Equity Accelerated Plus ETF - January
XTJL,Innovator U.S. Equity Accelerated Plus ETF - July
XTL,State Street SPDR S&P Telecom ETF
XTLB,XTL Biopharmaceuticals Ltd.
XTN,State Street SPDR S&P Transportation ETF
XTNT,"Xtant Medical Holdings, Inc."
XTOC,Innovator U.S. Equity Accelerated Plus ETF - October
XTR,Global X S&P 500 Tail Risk ETF
XTRE,BondBloxx Bloomberg Three Year Target Duration US Treasury ETF
XTWO,BondBloxx Bloomberg Two Year Target Duration US Treasury ETF
XTWY,BondBloxx Bloomberg Twenty Year Target Duration US Treasury ETF
XUDV,Franklin U.S. Dividend Booster Index ETF
XUSP,Innovator Uncapped Accelerated U.S. Equity ETF
XV,Simplify Target 15 Distribution ETF
XVO,Corgi U.S. Mid-Cap 2x Daily ETF
XVUG,Corgi U.S. Growth 2x Daily ETF
XVV,iShares ESG Select Screened S&P 500 ETF
XW,Corgi Ex-U.S. Equities 2x Daily ETF
XWEL,"XWELL, Inc."
XXI,"Twenty One Capital, Inc."
XXII,"22nd Century Group, Inc"
XXRP,Teucrium 2x Long Daily XRP ETF
XXV,Simplify Ancorato Target 25 Distribution ETF
XXX,CYBER HORNET S&P 500 and XRP 75/25 Strategy ETF
XYF,"X Financial American Depositary Shares, each representing six Class A"
XYL,Xylem Inc. Common Stock New
XYLD,Global X S&P 500 Covered Call ETF
XYLG,Global X S&P 500 Covered Call & Growth ETF
XYZ,"Block, Inc. Class A Common Stock"
XYZG,Leverage Shares 2X Long XYZ Daily ETF
XYZY,YieldMax XYZ Option Income Strategy ETF
XZO,"Exzeo Group, Inc."
YAAS,Youxin Technology Ltd - Class A Ordinary shares
YALA,"Yalla Group Limited American Depositary Shares, each representing one Class A Ordinary Share"
YALL,Truth Social God Bless America ETF
YANG,Direxion Daily FTSE China Bear 3X ETF
YARW,"Yarrow Bioscience, Inc."
YB,Yuanbao Inc.
YBIT,YieldMax Bitcoin Option Income Strategy ETF
YBMN,Defiance BMNR Option Income ETF
YBST,GraniteShares YieldBoost Single Stock Universe ETF
YBTC,Roundhill Bitcoin Covered Call Strategy ETF
YBTY,GraniteShares YieldBoost TopYielders ETF
YCBD,"cbdMD, Inc."
YCL,ProShares Ultra Yen
YCLO,Franklin BSP CLO ETF
YCS,ProShares UltraShort Yen New
YCY,AA Mission Acquisition Corp. II Class A
YDDL,One and One Green Technologies. INC - Class A
YDEC,FT Vest International Equity Moderate Buffer ETF - December
YDES,YD Bio Limited
YDESW,YD Bio Limited - Warrants
YDKG,Yueda Digital Holding - Class A Ordinary Share
YEAR,AB Ultra Short Income ETF
YELP,Yelp Inc.
YETH,Roundhill Ether Covered Call Strategy ETF
YETI,"YETI Holdings, Inc."
YEXT,"Yext, Inc."
YFFI,Indexperts Yield Focused Fixed Income ETF
YFYA,Yields for You Income Strategy A ETF
YGLD,Simplify Gold Strategy ETF
YHC,LQR House Inc.
YHGJ,Yunhong Green CTI Ltd.
YHNA,YHN Acquisition I Limited
YHNAR,YHN Acquisition I Limited - Right
YHNAU,YHN Acquisition I Limited - Unit
YI,"111, Inc."
YIBO,Planet Image International Limited - Class A
YICC,Yorkville International Capital Corp. - Class A
YICCU,Yorkville International Capital Corp. - Units
YICCW,Yorkville International Capital Corp. - Warrants
YINN,Direxion Daily FTSE China Bull 3X ETF
YJ,Yunji Inc. - American Depository Shares
YJUN,FT Vest International Equity Moderate Buffer ETF - June
YLD,Principal Active High Yield ETF
YLDE,Franklin ClearBridge Enhanced Income ETF
YLDW,Westwood Enhanced Income Opportunity ETF
YMAG,YieldMax Magnificent 7 Fund of Option Income ETFs
YMAR,FT Vest International Equity Moderate Buffer ETF - March
YMAT,"J-Star Holding Co., Ltd. - Class A"
YMAX,YieldMax Universe Fund of Option Income ETFs
YMM,Full Truck Alliance Co. Ltd. American Depositary Shares (each representing 20 Class A Ordinary Shares)
YMT,Yimutian Inc. - American Depositary Shares; each representing 25 Class A ordinary shares
YNOT,Horizon Digital Frontier ETF
YOKE,YOKE Core ETF
YOLO,AdvisorShares Pure Cannabis ETF
YORW,The York Water Company
YOU,"Clear Secure, Inc."
YOUL,Youlife Group Inc.
YPF,YPF Sociedad Anonima
YQ,17 Education & Technology Group Inc.
YQQQ,YieldMax Short N100 Option Income Strategy ETF
YRD,"Yiren Digital Ltd. American Depositary Shares, each representing two ordinary shares"
YSAG,Y'all Street Physical Silver ETF
YSAU,Y'all Street Physical Gold ETF
YSEP,FT Vest International Equity Buffer ETF - September
YSG,"Yatsen Holding Limited American Depositary Shares, each representing twenty (20) Class A"
YSPC,YieldMax SPCX Option Income Strategy ETF
YSPY,GraniteShares YieldBOOST SPY ETF
YSS,York Space Systems Inc.
YSWY,"Yesway, Inc."
YSXT,"YSX Tech. Co., Ltd  - Class A"
YTRA,"Yatra Online, Inc."
YUM,"Yum! Brands, Inc."
YUMC,"Yum China Holdings, Inc."
YUNG,Corgi Longevity Consumer ETF
YXI,ProShares Short FTSE China 50
YXT,YXT.COM GROUP HOLDING LIMITED - American Depository Shares
YYAI,AiRWA Inc.
YYGH,YY Group Holding Limited - Class A
YYY,Amplify CEF High Income ETF
YYYM,Amplify Municipal CEF High Income ETF
Z,"Zillow Group, Inc. - Class C Capital Stock"
ZALT,Innovator U.S. Equity 10 Buffer ETF - Quarterly
ZAP,Global X U.S. Electrification ETF
ZAPR,Innovator Equity Defined Protection ETF - 1 Yr April
ZAUG,Innovator Equity Defined Protection ETF - 1 Yr August
ZBAO,Zhibao Technology Inc. - Class A
ZBH,"Zimmer Biomet Holdings, Inc."
ZBIO,"Zenas BioPharma, Inc."
ZBRA,Zebra Technologies Corporation
ZCBA,Global X Zero Coupon Bond 2030 ETF
ZCBB,Global X Zero Coupon Bond 2031 ETF
ZCBC,Global X Zero Coupon Bond 2032 ETF
ZCBE,Global X Zero Coupon Bond 2033 ETF
ZCBF,Global X Zero Coupon Bond 2034 ETF
ZCBG,Global X Zero Coupon Bond 2035 ETF
ZCMD,Zhongchao Inc. - Class A
ZD,"Ziff Davis, Inc."
ZDAI,"DirectBooking Technology Co., Ltd. - Class A"
ZDEK,Innovator Equity Defined Protection ETF - 1 Yr December
ZDGE,"Zedge, Inc."
ZECP,Zacks Earnings Consistent Portfolio ETF
ZENA,"ZenaTech, Inc."
ZEO,Zeo Energy Corporation
ZEOWW,Zeo Energy Corporation - Warrants
ZEPP,"Zepp Health Corporation American depositary shares, each representing sixteen Class A ordinary shares"
ZETA,Zeta Global Holdings Corp.
ZETX,Defiance Daily Target 2x Long ZETA ETF
ZFEB,Innovator Equity Defined Protection ETF - 1 Yr February
ZG,"Zillow Group, Inc."
ZGN,Ermenegildo Zegna N.V.
ZH,"Zhihu Inc. American Depositary Shares, each representing three (3) Class A"
ZHDG,ZEGA Buy and Hedge ETF
ZHOG,F/m Opportunistic Income ETF
ZIG,The Acquirers Fund
ZIM,ZIM Integrated Shipping Services Ltd.
ZINC,Zacks Income ETF
ZION,Zions Bancorporation N.A.
ZIONP,Zions Bancorporation N.A. - Depositary Shares each representing a 1/40th ownership interest in a share of Series A Floating-Rate Non-Cumulative Perpetual Preferred Stock
ZIP,"ZipRecruiter, Inc."
ZJAN,Innovator Equity Defined Protection ETF - 1 Yr January
ZJK,"ZJK Industrial Co., Ltd. - Class A"
ZJUL,Innovator Equity Defined Protection ETF - 1 Yr July
ZJUN,Innovator Equity Defined Protection ETF - 1 Yr June
ZJYL,JIN MEDICAL INTERNATIONAL LTD. - Class A
ZKH,"ZKH Group Limited American Depositary Shares, each representing thirty-five (35) Class A"
ZKIN,"ZK International Group Co., Ltd - Ordinary Share"
ZKP,Lafayette Digital Acquisition Corp. I - Class A
ZKPU,Lafayette Digital Acquisition Corp. I - Unit
ZKPW,Lafayette Digital Acquisition Corp. I - Warrant
ZLAB,Zai Lab Limited
ZM,"Zoom Communications, Inc."
ZMAR,Innovator Equity Defined Protection ETF - 1 Yr March
ZMAY,Innovator Equity Defined Protection ETF - 1 Yr May
ZMUN,F/m Ultrashort Tax-Free Municipal ETF
ZNB,Zeta Network Group - Class A
ZNOV,Innovator Equity Defined Protection ETF - 1 Yr November
ZNTL,"Zentalis Pharmaceuticals, Inc. - common stock"
ZOCT,Innovator Equity Defined Protection ETF - 1 Yr October
ZONE,CleanCore Solutions Inc.
ZOOZ,ZOOZ Strategy Ltd.
ZOOZW,ZOOZ Strategy Ltd. - Warrant
ZROZ,PIMCO 25  Year Zero Coupon U.S. Treasury Index Exchange-Traded Fund
ZS,"Zscaler, Inc."
ZSB,USCF Sustainable Battery Metals Strategy Fund
ZSC,USCF Sustainable Commodity Strategy Fund
ZSEP,Innovator Equity Defined Protection ETF - 1 Yr September
ZSL,ProShares UltraShort Silver
ZSQR,Z Squared Inc.
ZSTK,ZeroStack Corp.
ZTAX,X-Square Municipal Income ETF
ZTEK,Zentek Ltd. - common stock
ZTEN,F/m 10-Year Investment Grade Corporate Bond ETF
ZTG,Zenta Group Company Limited - Class A
ZTO,"ZTO Express (Cayman) Inc. American Depositary Shares, each representing one Class A ordinary share."
ZTOP,F/m High Yield 100 ETF
ZTR,Virtus Total Return Fund Inc.
ZTRE,F/m 3-Year Investment Grade Corporate Bond ETF
ZTS,Zoetis Inc.
ZTWO,F/m 2-Year Investment Grade Corporate Bond ETF
ZUMZ,Zumiez Inc.
ZURA,Zura Bio Limited - Class A Ordinary shares
ZVIA,Zevia PBC
ZVOL,Volatility Premium Plus ETF
ZVRA,"Zevra Therapeutics, Inc."
ZWS,Zurn Elkay Water Solutions Corporation
ZYBT,Zhengye Biotechnology Holding Limited - Class A
ZYME,Zymeworks Inc.
